Name: CCTV1, URL: https://iptv.catvod.com/live.php?id=CCTV-1, From: local, IPv_Type: ipv6, Location: 美国, ISP: CloudFlare Inc., Date: None, Delay: -1 ms, Speed: 0.00 M/s, Resolution: None
Name: CCTV1, URL: https://iptv.catvod.com/live.php?id=CCTV-1%20%E7%BB%BC%E5%90%88, From: local, IPv_Type: ipv6, Location: 美国, ISP: CloudFlare Inc., Date: None, Delay: -1 ms, Speed: 0.00 M/s, Resolution: None
Name: CCTV1, URL: https://live.catvod.com/iptv.php?id=rthk33&token=5a6b025d83c9ce28e8316d690359536a897ff162588068221bbf1541b1eb89db%3A1765094459%3ANjYuMTAzLjIxMS4xODk%3D, From: local, IPv_Type: ipv6, Location: 美国, ISP: CloudFlare Inc., Date: None, Delay: -1 ms, Speed: 0.00 M/s, Resolution: None
Name: CCTV1, URL: http://bxtv.3a.ink/api.php?id=cctv1, From: subscribe, IPv_Type: ipv6, Location: 美国, ISP: CloudFlare Inc., Date: None, Delay: -1 ms, Speed: 0.00 M/s, Resolution: None
Name: CCTV2, URL: https://iptv.catvod.com/live.php?id=CCTV-2, From: local, IPv_Type: ipv6, Location: 美国, ISP: CloudFlare Inc., Date: None, Delay: -1 ms, Speed: 0.00 M/s, Resolution: None
Name: CCTV2, URL: https://iptv.catvod.com/live.php?id=CCTV-2%20%E8%B4%A2%E7%BB%8F, From: local, IPv_Type: ipv6, Location: 美国, ISP: CloudFlare Inc., Date: None, Delay: -1 ms, Speed: 0.00 M/s, Resolution: None
Name: CCTV2, URL: http://bxtv.3a.ink/api.php?id=cctv2, From: subscribe, IPv_Type: ipv6, Location: 美国, ISP: CloudFlare Inc., Date: None, Delay: -1 ms, Speed: 0.00 M/s, Resolution: None
Name: CCTV3, URL: https://iptv.catvod.com/live.php?id=CCTV-3, From: local, IPv_Type: ipv6, Location: 美国, ISP: CloudFlare Inc., Date: None, Delay: -1 ms, Speed: 0.00 M/s, Resolution: None
Name: CCTV3, URL: https://iptv.catvod.com/live.php?id=CCTV-3%20%E7%BB%BC%E8%89%BA, From: local, IPv_Type: ipv6, Location: 美国, ISP: CloudFlare Inc., Date: None, Delay: -1 ms, Speed: 0.00 M/s, Resolution: None
Name: CCTV3, URL: http://bxtv.3a.ink/api.php?id=cctv3, From: subscribe, IPv_Type: ipv6, Location: 美国, ISP: CloudFlare Inc., Date: None, Delay: -1 ms, Speed: 0.00 M/s, Resolution: None
Name: CCTV4, URL: https://iptv.catvod.com/live.php?id=CCTV-4%20%E4%B8%AD%E6%96%87%E5%9B%BD%E9%99%85%20%E7%BE%8E%E6%B4%B2, From: local, IPv_Type: ipv6, Location: 美国, ISP: CloudFlare Inc., Date: None, Delay: -1 ms, Speed: 0.00 M/s, Resolution: None
Name: CCTV4, URL: https://iptv.catvod.com/live.php?id=CCTV-4%20%E4%B8%AD%E6%96%87%E5%9B%BD%E9%99%85, From: local, IPv_Type: ipv6, Location: 美国, ISP: CloudFlare Inc., Date: None, Delay: -1 ms, Speed: 0.00 M/s, Resolution: None
Name: CCTV4, URL: https://iptv.catvod.com/live.php?id=CCTV-4, From: local, IPv_Type: ipv6, Location: 美国, ISP: CloudFlare Inc., Date: None, Delay: -1 ms, Speed: 0.00 M/s, Resolution: None
Name: CCTV4, URL: https://iptv.catvod.com/live.php?id=CCTV-4K, From: local, IPv_Type: ipv6, Location: 美国, ISP: CloudFlare Inc., Date: None, Delay: -1 ms, Speed: 0.00 M/s, Resolution: None
Name: CCTV4, URL: https://iptv.catvod.com/live.php?id=CCTV-4%20%E4%B8%AD%E6%96%87%E5%9B%BD%E9%99%85%20%E6%AC%A7%E6%B4%B2, From: local, IPv_Type: ipv6, Location: 美国, ISP: CloudFlare Inc., Date: None, Delay: -1 ms, Speed: 0.00 M/s, Resolution: None
Name: CCTV5, URL: https://iptv.catvod.com/live.php?id=CCTV-5, From: local, IPv_Type: ipv6, Location: 美国, ISP: CloudFlare Inc., Date: None, Delay: -1 ms, Speed: 0.00 M/s, Resolution: None
Name: CCTV5, URL: https://iptv.catvod.com/live.php?id=CCTV5plus, From: local, IPv_Type: ipv6, Location: 美国, ISP: CloudFlare Inc., Date: None, Delay: -1 ms, Speed: 0.00 M/s, Resolution: None
Name: CCTV5, URL: https://iptv.catvod.com/live.php?id=CCTV-5plus, From: local, IPv_Type: ipv6, Location: 美国, ISP: CloudFlare Inc., Date: None, Delay: -1 ms, Speed: 0.00 M/s, Resolution: None
Name: CCTV5, URL: https://iptv.catvod.com/live.php?id=CCTV-5%2B%20%E4%BD%93%E8%82%B2%E8%B5%9B%E4%BA%8B, From: local, IPv_Type: ipv6, Location: 美国, ISP: CloudFlare Inc., Date: None, Delay: -1 ms, Speed: 0.00 M/s, Resolution: None
Name: CCTV5+, URL: https://iptv.catvod.com/live.php?id=CCTV-5%2B%20%E4%BD%93%E8%82%B2%E8%B5%9B%E4%BA%8B, From: local, IPv_Type: ipv6, Location: 美国, ISP: CloudFlare Inc., Date: None, Delay: -1 ms, Speed: 0.00 M/s, Resolution: None
Name: CCTV5+, URL: https://iptv.catvod.com/live.php?id=CCTV-5, From: local, IPv_Type: ipv6, Location: 美国, ISP: CloudFlare Inc., Date: None, Delay: -1 ms, Speed: 0.00 M/s, Resolution: None
Name: CCTV5+, URL: https://iptv.catvod.com/live.php?id=CCTV5plus, From: local, IPv_Type: ipv6, Location: 美国, ISP: CloudFlare Inc., Date: None, Delay: -1 ms, Speed: 0.00 M/s, Resolution: None
Name: CCTV5+, URL: https://iptv.catvod.com/live.php?id=CCTV-5plus, From: local, IPv_Type: ipv6, Location: 美国, ISP: CloudFlare Inc., Date: None, Delay: -1 ms, Speed: 0.00 M/s, Resolution: None
Name: CCTV6, URL: https://iptv.catvod.com/live.php?id=CCTV-6%20%E7%94%B5%E5%BD%B1, From: local, IPv_Type: ipv6, Location: 美国, ISP: CloudFlare Inc., Date: None, Delay: -1 ms, Speed: 0.00 M/s, Resolution: None
Name: CCTV6, URL: https://iptv.catvod.com/live.php?id=CCTV-6, From: local, IPv_Type: ipv6, Location: 美国, ISP: CloudFlare Inc., Date: None, Delay: -1 ms, Speed: 0.00 M/s, Resolution: None
Name: CCTV7, URL: https://iptv.catvod.com/live.php?id=CCTV-7, From: local, IPv_Type: ipv6, Location: 美国, ISP: CloudFlare Inc., Date: None, Delay: -1 ms, Speed: 0.00 M/s, Resolution: None
Name: CCTV7, URL: https://iptv.catvod.com/live.php?id=CCTV-7%20%E5%9B%BD%E9%98%B2%E5%86%9B%E4%BA%8B, From: local, IPv_Type: ipv6, Location: 美国, ISP: CloudFlare Inc., Date: None, Delay: -1 ms, Speed: 0.00 M/s, Resolution: None
Name: CCTV8, URL: https://iptv.catvod.com/live.php?id=CCTV-8%20%E7%94%B5%E8%A7%86%E5%89%A7, From: local, IPv_Type: ipv6, Location: 美国, ISP: CloudFlare Inc., Date: None, Delay: -1 ms, Speed: 0.00 M/s, Resolution: None
Name: CCTV8, URL: https://iptv.catvod.com/live.php?id=CCTV-8, From: local, IPv_Type: ipv6, Location: 美国, ISP: CloudFlare Inc., Date: None, Delay: -1 ms, Speed: 0.00 M/s, Resolution: None
Name: CCTV9, URL: https://iptv.catvod.com/live.php?id=CCTV-9, From: local, IPv_Type: ipv6, Location: 美国, ISP: CloudFlare Inc., Date: None, Delay: -1 ms, Speed: 0.00 M/s, Resolution: None
Name: CCTV10, URL: https://iptv.catvod.com/live.php?id=CCTV-10, From: local, IPv_Type: ipv6, Location: 美国, ISP: CloudFlare Inc., Date: None, Delay: -1 ms, Speed: 0.00 M/s, Resolution: None
Name: CCTV10, URL: https://iptv.catvod.com/live.php?id=CCTV-10%20%E7%A7%91%E6%95%99, From: local, IPv_Type: ipv6, Location: 美国, ISP: CloudFlare Inc., Date: None, Delay: -1 ms, Speed: 0.00 M/s, Resolution: None
Name: CCTV11, URL: https://iptv.catvod.com/live.php?id=CCTV-11, From: local, IPv_Type: ipv6, Location: 美国, ISP: CloudFlare Inc., Date: None, Delay: -1 ms, Speed: 0.00 M/s, Resolution: None
Name: CCTV11, URL: https://iptv.catvod.com/live.php?id=CCTV-11%20%E6%88%8F%E6%9B%B2, From: local, IPv_Type: ipv6, Location: 美国, ISP: CloudFlare Inc., Date: None, Delay: -1 ms, Speed: 0.00 M/s, Resolution: None
Name: CCTV12, URL: https://iptv.catvod.com/live.php?id=CCTV-12, From: local, IPv_Type: ipv6, Location: 美国, ISP: CloudFlare Inc., Date: None, Delay: -1 ms, Speed: 0.00 M/s, Resolution: None
Name: CCTV12, URL: https://iptv.catvod.com/live.php?id=CCTV-12%20%E7%A4%BE%E4%BC%9A%E4%B8%8E%E6%B3%95, From: local, IPv_Type: ipv6, Location: 美国, ISP: CloudFlare Inc., Date: None, Delay: -1 ms, Speed: 0.00 M/s, Resolution: None
Name: CCTV13, URL: https://iptv.catvod.com/live.php?id=CCTV-13%20%E6%96%B0%E9%97%BB, From: local, IPv_Type: ipv6, Location: 美国, ISP: CloudFlare Inc., Date: None, Delay: -1 ms, Speed: 0.00 M/s, Resolution: None
Name: CCTV13, URL: https://iptv.catvod.com/live.php?id=CCTV-13, From: local, IPv_Type: ipv6, Location: 美国, ISP: CloudFlare Inc., Date: None, Delay: -1 ms, Speed: 0.00 M/s, Resolution: None
Name: CCTV13, URL: https://live.catvod.com/iptv.php?id=cctv13&token=63ec92da55166e86ad195b852c5b546eab3307f329aa9478955fed5de647d649%3A1765094459%3ANjYuMTAzLjIxMS4xODk%3D, From: local, IPv_Type: ipv6, Location: 美国, ISP: CloudFlare Inc., Date: None, Delay: -1 ms, Speed: 0.00 M/s, Resolution: None
Name: CCTV14, URL: https://iptv.catvod.com/live.php?id=CCTV-14, From: local, IPv_Type: ipv6, Location: 美国, ISP: CloudFlare Inc., Date: None, Delay: -1 ms, Speed: 0.00 M/s, Resolution: None
Name: CCTV14, URL: https://iptv.catvod.com/live.php?id=CCTV-14%20%E5%B0%91%E5%84%BF, From: local, IPv_Type: ipv6, Location: 美国, ISP: CloudFlare Inc., Date: None, Delay: -1 ms, Speed: 0.00 M/s, Resolution: None
Name: CCTV15, URL: https://iptv.catvod.com/live.php?id=CCTV-15, From: local, IPv_Type: ipv6, Location: 美国, ISP: CloudFlare Inc., Date: None, Delay: -1 ms, Speed: 0.00 M/s, Resolution: None
Name: CCTV15, URL: https://iptv.catvod.com/live.php?id=CCTV-15%20%E9%9F%B3%E4%B9%90, From: local, IPv_Type: ipv6, Location: 美国, ISP: CloudFlare Inc., Date: None, Delay: -1 ms, Speed: 0.00 M/s, Resolution: None
Name: CCTV16, URL: https://iptv.catvod.com/live.php?id=CCTV-16, From: local, IPv_Type: ipv6, Location: 美国, ISP: CloudFlare Inc., Date: None, Delay: -1 ms, Speed: 0.00 M/s, Resolution: None
Name: CCTV16, URL: https://iptv.catvod.com/live.php?id=CCTV16-4k, From: local, IPv_Type: ipv6, Location: 美国, ISP: CloudFlare Inc., Date: None, Delay: -1 ms, Speed: 0.00 M/s, Resolution: None
Name: CCTV17, URL: https://iptv.catvod.com/live.php?id=CCTV-17, From: local, IPv_Type: ipv6, Location: 美国, ISP: CloudFlare Inc., Date: None, Delay: -1 ms, Speed: 0.00 M/s, Resolution: None
Name: CCTV17, URL: https://iptv.catvod.com/live.php?id=CCTV-17%20%E5%86%9C%E4%B8%9A%E5%86%9C%E6%9D%91, From: local, IPv_Type: ipv6, Location: 美国, ISP: CloudFlare Inc., Date: None, Delay: -1 ms, Speed: 0.00 M/s, Resolution: None
Name: CETV1, URL: https://stream1.freetv.fun/f3ae1dadd66863a3d8d2d948a4ab7ee00b38a1bc8bcfac8b6b51cd210d5fcf2e.ctv, From: local, IPv_Type: ipv6, Location: 美国, ISP: CloudFlare Inc., Date: None, Delay: -1 ms, Speed: 0.00 M/s, Resolution: None
Name: CETV1, URL: https://stream1.freetv.fun/da35c24c83335a7bcc71382e437f168201a41aa7b9806b67031a6b17c7930fdc.ctv, From: local, IPv_Type: ipv6, Location: 美国, ISP: CloudFlare Inc., Date: None, Delay: -1 ms, Speed: 0.00 M/s, Resolution: None
Name: CCTV-4美洲, URL: https://iptv.catvod.com/live.php?id=CCTV-4%20%E4%B8%AD%E6%96%87%E5%9B%BD%E9%99%85%20%E7%BE%8E%E6%B4%B2, From: local, IPv_Type: ipv6, Location: 美国, ISP: CloudFlare Inc., Date: None, Delay: -1 ms, Speed: 0.00 M/s, Resolution: None
Name: CCTV-4美洲, URL: https://iptv.catvod.com/live.php?id=CCTV-4%20%E4%B8%AD%E6%96%87%E5%9B%BD%E9%99%85%20%E6%AC%A7%E6%B4%B2, From: local, IPv_Type: ipv6, Location: 美国, ISP: CloudFlare Inc., Date: None, Delay: -1 ms, Speed: 0.00 M/s, Resolution: None
Name: CCTV-4欧洲, URL: https://iptv.catvod.com/live.php?id=CCTV-4%20%E4%B8%AD%E6%96%87%E5%9B%BD%E9%99%85%20%E6%AC%A7%E6%B4%B2, From: local, IPv_Type: ipv6, Location: 美国, ISP: CloudFlare Inc., Date: None, Delay: -1 ms, Speed: 0.00 M/s, Resolution: None
Name: CCTV-4欧洲, URL: https://iptv.catvod.com/live.php?id=CCTV-4%20%E4%B8%AD%E6%96%87%E5%9B%BD%E9%99%85%20%E7%BE%8E%E6%B4%B2, From: local, IPv_Type: ipv6, Location: 美国, ISP: CloudFlare Inc., Date: None, Delay: -1 ms, Speed: 0.00 M/s, Resolution: None
Name: 文化精品, URL: https://hls-gateway.vpstv.net/streams/708832.m3u8, From: subscribe, IPv_Type: ipv6, Location: 美国, ISP: CloudFlare Inc., Date: None, Delay: -1 ms, Speed: 0.00 M/s, Resolution: None
Name: 央视台球, URL: http://[2409:8087:7001:20:2::3]/dbiptv.sn.chinamobile.com/PLTV/88888893/224/3221226956/index.m3u8, From: subscribe, IPv_Type: ipv6, Location: 中国, ISP: 中国移动, Date: None, Delay: 0.1 ms, Speed: inf M/s, Resolution: 1920x1080
Name: 央视台球, URL: https://hls-gateway.vpstv.net/streams/708855.m3u8, From: subscribe, IPv_Type: ipv6, Location: 美国, ISP: CloudFlare Inc., Date: None, Delay: -1 ms, Speed: 0.00 M/s, Resolution: None
Name: 央视台球, URL: https://epg.pw/stream/25677ac2e8c1f7c3dd6359c43eb5f0f54efb3f5c11f9dda18d01b3e0308ed017.m3u8, From: subscribe, IPv_Type: ipv6, Location: 美国, ISP: CloudFlare Inc., Date: None, Delay: -1 ms, Speed: 0.00 M/s, Resolution: None
Name: 风云音乐, URL: https://hls-gateway.vpstv.net/streams/708858.m3u8, From: subscribe, IPv_Type: ipv6, Location: 美国, ISP: CloudFlare Inc., Date: None, Delay: -1 ms, Speed: 0.00 M/s, Resolution: None
Name: 第一剧场, URL: https://epg.pw/stream/6d7bf281e3d739806a73f5373acaa6e01988ec9739f5ac1355ce54b47a928472.m3u8, From: subscribe, IPv_Type: ipv6, Location: 美国, ISP: CloudFlare Inc., Date: None, Delay: -1 ms, Speed: 0.00 M/s, Resolution: None
Name: 第一剧场, URL: https://hls-gateway.vpstv.net/streams/708862.m3u8, From: subscribe, IPv_Type: ipv6, Location: 美国, ISP: CloudFlare Inc., Date: None, Delay: -1 ms, Speed: 0.00 M/s, Resolution: None
Name: 第一剧场, URL: http://tl.061833.xyz/tl/null-6, From: subscribe, IPv_Type: ipv6, Location: 美国, ISP: CloudFlare Inc., Date: None, Delay: -1 ms, Speed: 0.00 M/s, Resolution: None
Name: 第一剧场, URL: https://100.061833.xyz/stream/mytv/null-6/stream.m3u8?uid=2190244325&u=hahayy&p=29624e2e4c4ccee26ed8f3e0ca1012ea57a8f2191be6149f632250f7036119cc, From: subscribe, IPv_Type: ipv6, Location: 美国, ISP: CloudFlare Inc., Date: None, Delay: -1 ms, Speed: 0.00 M/s, Resolution: None
Name: 风云剧场, URL: https://hls-gateway.vpstv.net/streams/708861.m3u8, From: subscribe, IPv_Type: ipv6, Location: 美国, ISP: CloudFlare Inc., Date: None, Delay: -1 ms, Speed: 0.00 M/s, Resolution: None
Name: 风云剧场, URL: https://mursor.ottiptv.cc/mcp/fyjc.m3u8, From: subscribe, IPv_Type: ipv6, Location: 美国, ISP: Oracle Corporation, Date: None, Delay: -1 ms, Speed: 0.00 M/s, Resolution: None
Name: 怀旧剧场, URL: https://cc06.tv12.xyz/52.m3u8, From: subscribe, IPv_Type: ipv6, Location: 美国, ISP: CloudFlare Inc., Date: None, Delay: -1 ms, Speed: 0.00 M/s, Resolution: None
Name: 怀旧剧场, URL: https://hls-gateway.vpstv.net/streams/708853.m3u8, From: subscribe, IPv_Type: ipv6, Location: 美国, ISP: CloudFlare Inc., Date: None, Delay: -1 ms, Speed: 0.00 M/s, Resolution: None
Name: 怀旧剧场, URL: https://mursor.ottiptv.cc/mcp/hjjc.m3u8, From: subscribe, IPv_Type: ipv6, Location: 美国, ISP: Oracle Corporation, Date: None, Delay: -1 ms, Speed: 0.00 M/s, Resolution: None
Name: 女性时尚, URL: https://cc06.tv12.xyz/95.m3u8, From: subscribe, IPv_Type: ipv6, Location: 美国, ISP: CloudFlare Inc., Date: None, Delay: -1 ms, Speed: 0.00 M/s, Resolution: None
Name: 高尔夫网球, URL: https://hls-gateway.vpstv.net/streams/708857.m3u8, From: subscribe, IPv_Type: ipv6, Location: 美国, ISP: CloudFlare Inc., Date: None, Delay: -1 ms, Speed: 0.00 M/s, Resolution: None
Name: 风云足球, URL: https://epg.pw/stream/6d7bf281e3d739806a73f5373acaa6e01988ec9739f5ac1355ce54b47a928472.m3u8, From: subscribe, IPv_Type: ipv6, Location: 美国, ISP: CloudFlare Inc., Date: None, Delay: 0.1 ms, Speed: inf M/s, Resolution: 1920x1080
Name: 风云足球, URL: https://epg.pw/stream/ac8062ec9484078061d3bef507c15a423ac57ae4144e3fcc4b0a198dd420f911.m3u8, From: subscribe, IPv_Type: ipv6, Location: 美国, ISP: CloudFlare Inc., Date: None, Delay: 0.1 ms, Speed: inf M/s, Resolution: 1920x1080
Name: 风云足球, URL: http://[2409:8087:7001:20:2::3]/dbiptv.sn.chinamobile.com/PLTV/88888893/224/3221226984/index.m3u8, From: subscribe, IPv_Type: ipv6, Location: 中国, ISP: 中国移动, Date: None, Delay: 0.1 ms, Speed: inf M/s, Resolution: 1920x1080
Name: 风云足球, URL: https://live.goodiptv.club/api/yqgd.php?id=fyzq, From: subscribe, IPv_Type: ipv6, Location: 美国, ISP: CloudFlare Inc., Date: None, Delay: 0.1 ms, Speed: inf M/s, Resolution: 1920x1080
Name: 风云足球, URL: https://hls-gateway.vpstv.net/streams/708859.m3u8, From: subscribe, IPv_Type: ipv6, Location: 美国, ISP: CloudFlare Inc., Date: None, Delay: -1 ms, Speed: 0.00 M/s, Resolution: None
Name: 风云足球, URL: https://cc06.tv12.xyz/41.m3u8, From: subscribe, IPv_Type: ipv6, Location: 美国, ISP: CloudFlare Inc., Date: None, Delay: -1 ms, Speed: 0.00 M/s, Resolution: None
Name: 电视指南, URL: https://cc06.tv12.xyz/39.m3u8, From: subscribe, IPv_Type: ipv6, Location: 美国, ISP: CloudFlare Inc., Date: None, Delay: -1 ms, Speed: 0.00 M/s, Resolution: None
Name: 世界地理, URL: http://[2409:8087:7001:20:2::3]/dbiptv.sn.chinamobile.com/PLTV/88888893/224/3221226947/index.m3u8, From: subscribe, IPv_Type: ipv6, Location: 中国, ISP: 中国移动, Date: None, Delay: 0.1 ms, Speed: inf M/s, Resolution: 1920x1080
Name: 世界地理, URL: https://cc06.tv12.xyz/104.m3u8, From: subscribe, IPv_Type: ipv6, Location: 美国, ISP: CloudFlare Inc., Date: None, Delay: -1 ms, Speed: 0.00 M/s, Resolution: None
Name: 兵器科技, URL: https://hls-gateway.vpstv.net/streams/708856.m3u8, From: subscribe, IPv_Type: ipv6, Location: 美国, ISP: CloudFlare Inc., Date: None, Delay: -1 ms, Speed: 0.00 M/s, Resolution: None
Name: 广东卫视, URL: https://iptv.catvod.com/live.php?id=%E5%B9%BF%E4%B8%9C%E5%8D%AB%E8%A7%86%E5%8F%B0, From: local, IPv_Type: ipv6, Location: 美国, ISP: CloudFlare Inc., Date: None, Delay: -1 ms, Speed: 0.00 M/s, Resolution: None
Name: 广东卫视, URL: https://stream1.freetv.fun/yan-dong-wei-shi-87.m3u8, From: local, IPv_Type: ipv6, Location: 美国, ISP: CloudFlare Inc., Date: None, Delay: -1 ms, Speed: 0.00 M/s, Resolution: None
Name: 广东卫视, URL: https://stream1.freetv.fun/yan-dong-wei-shi-100.m3u8, From: local, IPv_Type: ipv6, Location: 美国, ISP: CloudFlare Inc., Date: None, Delay: -1 ms, Speed: 0.00 M/s, Resolution: None
Name: 广东卫视, URL: https://stream1.freetv.fun/yan-dong-wei-shi-73.ctv, From: local, IPv_Type: ipv6, Location: 美国, ISP: CloudFlare Inc., Date: None, Delay: -1 ms, Speed: 0.00 M/s, Resolution: None
Name: 广东卫视, URL: https://stream1.freetv.fun/yan-dong-wei-shi-33.m3u8, From: local, IPv_Type: ipv6, Location: 美国, ISP: CloudFlare Inc., Date: None, Delay: -1 ms, Speed: 0.00 M/s, Resolution: None
Name: 广东卫视, URL: https://stream1.freetv.fun/yan-dong-wei-shi-80.m3u8, From: local, IPv_Type: ipv6, Location: 美国, ISP: CloudFlare Inc., Date: None, Delay: -1 ms, Speed: 0.00 M/s, Resolution: None
Name: 广东卫视, URL: https://stream1.freetv.fun/yan-dong-wei-shi-83.ctv, From: local, IPv_Type: ipv6, Location: 美国, ISP: CloudFlare Inc., Date: None, Delay: -1 ms, Speed: 0.00 M/s, Resolution: None
Name: 广东卫视, URL: https://stream1.freetv.fun/yan-dong-wei-shi-10.m3u8, From: local, IPv_Type: ipv6, Location: 美国, ISP: CloudFlare Inc., Date: None, Delay: -1 ms, Speed: 0.00 M/s, Resolution: None
Name: 广东卫视, URL: https://stream1.freetv.fun/yan-dong-wei-shi-28.m3u8, From: local, IPv_Type: ipv6, Location: 美国, ISP: CloudFlare Inc., Date: None, Delay: -1 ms, Speed: 0.00 M/s, Resolution: None
Name: 广东卫视, URL: https://stream1.freetv.fun/yan-dong-wei-shi-75.m3u8, From: local, IPv_Type: ipv6, Location: 美国, ISP: CloudFlare Inc., Date: None, Delay: -1 ms, Speed: 0.00 M/s, Resolution: None
Name: 广东卫视, URL: https://stream1.freetv.fun/yan-dong-wei-shi-86.m3u8, From: local, IPv_Type: ipv6, Location: 美国, ISP: CloudFlare Inc., Date: None, Delay: -1 ms, Speed: 0.00 M/s, Resolution: None
Name: 广东卫视, URL: https://stream1.freetv.fun/yan-dong-wei-shi-36.m3u8, From: local, IPv_Type: ipv6, Location: 美国, ISP: CloudFlare Inc., Date: None, Delay: -1 ms, Speed: 0.00 M/s, Resolution: None
Name: 广东卫视, URL: https://stream1.freetv.fun/yan-dong-wei-shi-52.m3u8, From: local, IPv_Type: ipv6, Location: 美国, ISP: CloudFlare Inc., Date: None, Delay: -1 ms, Speed: 0.00 M/s, Resolution: None
Name: 广东卫视, URL: https://stream1.freetv.fun/yan-dong-wei-shi-29.ctv, From: local, IPv_Type: ipv6, Location: 美国, ISP: CloudFlare Inc., Date: None, Delay: -1 ms, Speed: 0.00 M/s, Resolution: None
Name: 广东卫视, URL: https://stream1.freetv.fun/yan-dong-wei-shi--4m1080-2.m3u8, From: local, IPv_Type: ipv6, Location: 美国, ISP: CloudFlare Inc., Date: None, Delay: -1 ms, Speed: 0.00 M/s, Resolution: None
Name: 广东卫视, URL: https://stream1.freetv.fun/yan-dong-wei-shi--8m1080-2.m3u8, From: local, IPv_Type: ipv6, Location: 美国, ISP: CloudFlare Inc., Date: None, Delay: -1 ms, Speed: 0.00 M/s, Resolution: None
Name: 广东卫视, URL: https://stream1.freetv.fun/yan-dong-wei-shi--4m1080-1.m3u8, From: local, IPv_Type: ipv6, Location: 美国, ISP: CloudFlare Inc., Date: None, Delay: -1 ms, Speed: 0.00 M/s, Resolution: None
Name: 广东卫视, URL: https://stream1.freetv.fun/yan-dong-wei-shi--8m1080-1.m3u8, From: local, IPv_Type: ipv6, Location: 美国, ISP: CloudFlare Inc., Date: None, Delay: -1 ms, Speed: 0.00 M/s, Resolution: None
Name: 广东卫视, URL: https://iptv.catvod.com/live.php?id=%E5%B9%BF%E4%B8%9C, From: local, IPv_Type: ipv6, Location: 美国, ISP: CloudFlare Inc., Date: None, Delay: -1 ms, Speed: 0.00 M/s, Resolution: None
Name: 广东卫视, URL: http://php.jdshipin.com:8880/TVOD/gsyd.php?id=9900000520, From: subscribe, IPv_Type: ipv6, Location: 美国, ISP: CloudFlare Inc., Date: None, Delay: 0.1 ms, Speed: inf M/s, Resolution: 1920x1080
Name: 广东卫视, URL: http://z.b.bkpcp.top/m.php?id=gdws, From: subscribe, IPv_Type: ipv6, Location: 美国, ISP: CloudFlare Inc., Date: None, Delay: 0.1 ms, Speed: inf M/s, Resolution: 1920x1080
Name: 广东卫视, URL: http://j.x.bkpcp.top/jx/GUANGDHD, From: subscribe, IPv_Type: ipv6, Location: 美国, ISP: CloudFlare Inc., Date: None, Delay: 0.1 ms, Speed: inf M/s, Resolution: 1920x1080
Name: 广东卫视, URL: http://goo.bkpcp.top/mg/gdws, From: subscribe, IPv_Type: ipv6, Location: 美国, ISP: CloudFlare Inc., Date: None, Delay: 0.1 ms, Speed: inf M/s, Resolution: 1920x1080
Name: 广东卫视, URL: http://iptv.huuc.edu.cn/hls/gdhd.m3u8, From: subscribe, IPv_Type: ipv6, Location: 中国, ISP: 教育网, Date: None, Delay: 0.1 ms, Speed: inf M/s, Resolution: 1920x1080
Name: 广东卫视, URL: http://dsj.motem.top:8880/bptv/10000100000000050000000003873459.m3u8, From: subscribe, IPv_Type: ipv6, Location: 美国, ISP: CloudFlare Inc., Date: None, Delay: 0.1 ms, Speed: inf M/s, Resolution: 1920x1080
Name: 广东卫视, URL: http://[2409:8087:1a0a:df::404b]/ottrrs.hl.chinamobile.com/TVOD/88888888/224/3221226248/index.m3u8, From: subscribe, IPv_Type: ipv6, Location: 中国, ISP: 中国移动, Date: None, Delay: 0.1 ms, Speed: inf M/s, Resolution: 1920x1080
Name: 广东卫视, URL: http://[2409:8087:1a01:df::4077]/ottrrs.hl.chinamobile.com/PLTV/88888888/8/3221226248/index.m3u8, From: subscribe, IPv_Type: ipv6, Location: 中国, ISP: 中国移动, Date: None, Delay: 0.1 ms, Speed: inf M/s, Resolution: 1920x1080
Name: 广东卫视, URL: http://[2409:8087:8:21::18]:6610/otttv.bj.chinamobile.com/PLTV/88888888/224/3221226238/1.m3u8, From: subscribe, IPv_Type: ipv6, Location: 中国, ISP: 中国移动, Date: None, Delay: 0.1 ms, Speed: inf M/s, Resolution: 1920x1080
Name: 广东卫视, URL: http://iptv.cdn.ha.chinamobile.com/PLTV/88888888/224/3221227201/index.m3u8, From: subscribe, IPv_Type: ipv6, Location: 中国, ISP: 中国移动, Date: None, Delay: 0.1 ms, Speed: inf M/s, Resolution: 1920x1080
Name: 广东卫视, URL: http://[2409:8087:2001:20:2800:0:df6e:eb03]:80/ott.mobaibox.com/PLTV/4/224/3221227476/index.m3u8, From: subscribe, IPv_Type: ipv6, Location: 中国, ISP: 中国移动, Date: None, Delay: 0.1 ms, Speed: inf M/s, Resolution: 1920x1080
Name: 广东卫视, URL: https://www.freetv.top/migu/608831231.m3u8?migutoken=78af5371d66a723fc72d7a69c8a18ade502c19d2cf715aa502730a2b197148f3ac859ba4dfc8177df928c7b17e4f7e50e73fa17782751d96ca1224dc27c62d3025503e7b80de41b09560f78ee1, From: subscribe, IPv_Type: ipv6, Location: 美国-加利福尼亚州-圣克拉拉, ISP: DigitalOcean, Date: None, Delay: 0.1 ms, Speed: inf M/s, Resolution: 1920x1080
Name: 广东卫视, URL: https://www.freetv.top/migu/608831231.m3u8?migutoken=71ab4343c0e7a55b1287f3c4ec3383c9de673d987b5c849b2728e9af4223510bc8d8fcb87af13066db4920eb8e871c74aa5e93e04d43de870dc64eadb99a05456adfdb14b43000fd4520cba033, From: subscribe, IPv_Type: ipv6, Location: 美国-加利福尼亚州-圣克拉拉, ISP: DigitalOcean, Date: None, Delay: 0.1 ms, Speed: inf M/s, Resolution: 1920x1080
Name: 广东卫视, URL: http://yc.myds.me:35455/itv/6000000001000031076.m3u8?cdn=wasusyt, From: subscribe, IPv_Type: ipv6, Location: 中国, ISP: 中国电信, Date: None, Delay: 0.1 ms, Speed: inf M/s, Resolution: 1920x1080
Name: 广东卫视, URL: http://nas.suntao.online:35455/itv/1000000001000014176.m3u8?cdn=ystenlive, From: subscribe, IPv_Type: ipv6, Location: 中国, ISP: 中国联通, Date: None, Delay: 0.1 ms, Speed: inf M/s, Resolution: 1920x1080
Name: 广东卫视, URL: https://stream1.freetv.fun/789f20f011598d1de2038efdd927fd3eb7619798d61096ca13b1501a8db4292b.m3u8, From: subscribe, IPv_Type: ipv6, Location: 美国, ISP: CloudFlare Inc., Date: None, Delay: 0.1 ms, Speed: inf M/s, Resolution: 1920x1080
Name: 广东卫视, URL: https://stream1.freetv.fun/83cb195384d56301c888d89f92f507201cff9f93ff2b2b6ad0dee9fcbf7751ce.m3u8, From: subscribe, IPv_Type: ipv6, Location: 美国, ISP: CloudFlare Inc., Date: None, Delay: 0.1 ms, Speed: inf M/s, Resolution: 1920x1080
Name: 广东卫视, URL: https://stream1.freetv.fun/254cd336bd5b0df6d92107dc982893be1b2e931a8e1c144ee600993d9de7c3cd.m3u8, From: subscribe, IPv_Type: ipv6, Location: 美国, ISP: CloudFlare Inc., Date: None, Delay: 0.1 ms, Speed: inf M/s, Resolution: 1920x1080
Name: 广东卫视, URL: http://lu.wqwqwq.sbs/itv/1000000005000265034.m3u8?cdn=ystenlive, From: subscribe, IPv_Type: ipv6, Location: 美国, ISP: CloudFlare Inc., Date: None, Delay: 0.1 ms, Speed: inf M/s, Resolution: 1920x1080
Name: 广东卫视, URL: http://dbiptv.sn.chinamobile.com/PLTV/88888888/224/3221225803/1.m3u8, From: subscribe, IPv_Type: ipv6, Location: 中国, ISP: 中国移动, Date: None, Delay: 0.1 ms, Speed: inf M/s, Resolution: 1920x1080
Name: 广东卫视, URL: https://stream1.freetv.fun/8ef6435bcdd83e12ef928e4ac5f72f2a2c4cb216bebaa6bcd4f34dc34c8761e5.m3u8, From: subscribe, IPv_Type: ipv6, Location: 美国, ISP: CloudFlare Inc., Date: None, Delay: 0.1 ms, Speed: inf M/s, Resolution: 1920x1080
Name: 广东卫视, URL: https://stream1.freetv.fun/80f9f93aeb14f2b203cb77e1f72b095e2aa7e9491de1ee852d24239ba08f3098.m3u8, From: subscribe, IPv_Type: ipv6, Location: 美国, ISP: CloudFlare Inc., Date: None, Delay: 0.1 ms, Speed: inf M/s, Resolution: 1920x1080
Name: 广东卫视, URL: https://stream1.freetv.fun/af85fee1b8e836bd54cf69276660c22fffd54e31fe634856f6fd550ec77304d9.m3u8, From: subscribe, IPv_Type: ipv6, Location: 美国, ISP: CloudFlare Inc., Date: None, Delay: 0.1 ms, Speed: inf M/s, Resolution: 1920x1080
Name: 广东卫视, URL: https://stream1.freetv.fun/ae49dc5a860f65496e2207dc8b5f47752f9b38beba4ccf16fc1286f71708465e.m3u8, From: subscribe, IPv_Type: ipv6, Location: 美国, ISP: CloudFlare Inc., Date: None, Delay: 0.1 ms, Speed: inf M/s, Resolution: 1920x1080
Name: 广东卫视, URL: https://stream1.freetv.fun/a5a9d93d3e3eb03cca0320d5e6821e8c5d34899182b684f0a3a063960564e0ea.m3u8, From: subscribe, IPv_Type: ipv6, Location: 美国, ISP: CloudFlare Inc., Date: None, Delay: 0.1 ms, Speed: inf M/s, Resolution: 1920x1080
Name: 广东卫视, URL: https://stream1.freetv.fun/d63b7cd598a4f53de8bf67d3c47b338f7759ba39812520913b915e4d66b266fb.m3u8, From: subscribe, IPv_Type: ipv6, Location: 美国, ISP: CloudFlare Inc., Date: None, Delay: 0.1 ms, Speed: inf M/s, Resolution: 1920x1080
Name: 广东卫视, URL: https://stream1.freetv.fun/7032dd2b86126b125a4a42c63b1c2c175975b401a309f3c31722542ede60c7d7.m3u8, From: subscribe, IPv_Type: ipv6, Location: 美国, ISP: CloudFlare Inc., Date: None, Delay: 0.1 ms, Speed: inf M/s, Resolution: 1920x1080
Name: 广东卫视, URL: https://stream1.freetv.fun/ee96d9db9508b674e311aaa5106fc4b1ce18e87659174d8c5b996329feeda4de.m3u8, From: subscribe, IPv_Type: ipv6, Location: 美国, ISP: CloudFlare Inc., Date: None, Delay: 0.1 ms, Speed: inf M/s, Resolution: 1920x1080
Name: 广东卫视, URL: https://stream1.freetv.fun/d2589ead2fb42babba3a2b80930b04d6da9272d2c5f125d60cd57a204a3e7e2d.m3u8, From: subscribe, IPv_Type: ipv6, Location: 美国, ISP: CloudFlare Inc., Date: None, Delay: 0.1 ms, Speed: inf M/s, Resolution: 1920x1080
Name: 广东卫视, URL: https://stream1.freetv.fun/50ac5b1b5fd23d475b1af675426a35acb6cc15a5c69351e2a73c7eb7e55ca499.m3u8, From: subscribe, IPv_Type: ipv6, Location: 美国, ISP: CloudFlare Inc., Date: None, Delay: 0.1 ms, Speed: inf M/s, Resolution: 1920x1080
Name: 广东卫视, URL: https://stream1.freetv.fun/a72812e93490410583b988eedf11fcc8c425c0e15bc8f2aab64626f4b6a3ff25.m3u8, From: subscribe, IPv_Type: ipv6, Location: 美国, ISP: CloudFlare Inc., Date: None, Delay: 0.1 ms, Speed: inf M/s, Resolution: 1920x1080
Name: 广东卫视, URL: https://stream1.freetv.fun/cee5cfaf0047e43df21ed1d00f03bcd3398f730317feabca730b45edfcb9d3bb.m3u8, From: subscribe, IPv_Type: ipv6, Location: 美国, ISP: CloudFlare Inc., Date: None, Delay: 0.1 ms, Speed: inf M/s, Resolution: 1920x1080
Name: 广东卫视, URL: https://stream1.freetv.fun/17c2caa98314cdbeecb0056390dc95867526843a2af1b951559870af9ec5e907.m3u8, From: subscribe, IPv_Type: ipv6, Location: 美国, ISP: CloudFlare Inc., Date: None, Delay: 0.1 ms, Speed: inf M/s, Resolution: 1920x1080
Name: 广东卫视, URL: https://stream1.freetv.fun/79202aa439fc4fb94a8304f8608737f7cff1626f2b42aa6d5552ecfc2bcacbaf.m3u8, From: subscribe, IPv_Type: ipv6, Location: 美国, ISP: CloudFlare Inc., Date: None, Delay: 0.1 ms, Speed: inf M/s, Resolution: 1920x1080
Name: 广东卫视, URL: https://stream1.freetv.fun/6787e35b48df7529fb25c86cd92936335e75d68881015ff99c3e969f57177987.m3u8, From: subscribe, IPv_Type: ipv6, Location: 美国, ISP: CloudFlare Inc., Date: None, Delay: 0.1 ms, Speed: inf M/s, Resolution: 1920x1080
Name: 广东卫视, URL: http://hwrr.jx.chinamobile.com:8080/PLTV/88888888/224/3221225597/index.m3u8?fmt=ts2hls, From: subscribe, IPv_Type: ipv6, Location: 中国, ISP: 中国移动, Date: None, Delay: 0.1 ms, Speed: inf M/s, Resolution: 1920x1080
Name: 广东卫视, URL: http://[2409:8087:3428:20:500::100f]:6610/PLTV/88888888/224/3221227164/index.m3u8?servicetype=1&IASHttpSessionId=RR423820220409134714119178, From: subscribe, IPv_Type: ipv6, Location: 中国, ISP: 中国移动, Date: None, Delay: 0.1 ms, Speed: inf M/s, Resolution: 1920x1080
Name: 广东卫视, URL: http://[2409:8087:3428:20:500::1009]:6610/PLTV/88888888/224/3221227164/index.m3u8?servicetype=1&IASHttpSessionId=RR423820220409134714119178, From: subscribe, IPv_Type: ipv6, Location: 中国, ISP: 中国移动, Date: None, Delay: 0.1 ms, Speed: inf M/s, Resolution: 1920x1080
Name: 广东卫视, URL: http://[2409:8087:2001:20:2800:0:df6e:eb06]:80/wh7f454c46tw200922983_-1894712676/ott.mobaibox.com/PLTV/3/224/3221227591/index.m3u8?icpid=3&RTS=1674380316&from=40&popid=40&hms_devid=2036&prioritypopid=40&vqe=3, From: subscribe, IPv_Type: ipv6, Location: 中国, ISP: 中国移动, Date: None, Delay: 0.1 ms, Speed: inf M/s, Resolution: 1920x1080
Name: 广东卫视, URL: http://[2409:8087:2001:20:2800:0:df6e:eb0d]:80/wh7f454c46tw201073874_846642633/ott.mobaibox.com/PLTV/3/224/3221227673/index.m3u8?icpid=3&RTS=1674380316&from=40&popid=40&hms_devid=2040&prioritypopid=40&vqe=3, From: subscribe, IPv_Type: ipv6, Location: 中国, ISP: 中国移动, Date: None, Delay: 0.1 ms, Speed: inf M/s, Resolution: 1920x1080
Name: 广东卫视, URL: http://[2409:8087:2001:20:2800:0:df6e:eb02]:80/wh7f454c46tw1545504334_-1449102672/ott.mobaibox.com/PLTV/3/224/3221227691/index.m3u8?icpid=3&RTS=1674385955&from=40&popid=40&hms_devid=2039&prioritypopid=40&vqe=3, From: subscribe, IPv_Type: ipv6, Location: 中国, ISP: 中国移动, Date: None, Delay: 0.1 ms, Speed: inf M/s, Resolution: 1920x1080
Name: 广东卫视, URL: http://[2409:8087:2001:20:2800:0:df6e:eb17]:80/wh7f454c46tw1930705409_-1175138860/ott.mobaibox.com/PLTV/3/224/3221228230/index.m3u8?icpid=3&RTS=1674386341&from=40&popid=40&hms_devid=2114&prioritypopid=40&vqe=3, From: subscribe, IPv_Type: ipv6, Location: 中国, ISP: 中国移动, Date: None, Delay: 0.1 ms, Speed: inf M/s, Resolution: 1920x1080
Name: 广东卫视, URL: http://[2409:8087:1e03:21::42]:6610/cms001/ch00000090990000001032/index.m3u8, From: subscribe, IPv_Type: ipv6, Location: 中国, ISP: 中国移动, Date: None, Delay: 0.1 ms, Speed: inf M/s, Resolution: 1920x1080
Name: 广东卫视, URL: http://[2409:8087:5e01:34::38]:6610/ZTE_CMS/00000001000000060000000000000341/index.m3u8, From: subscribe, IPv_Type: ipv6, Location: 中国, ISP: 中国移动, Date: None, Delay: 0.1 ms, Speed: inf M/s, Resolution: 1920x1080
Name: 广东卫视, URL: http://[2409:8087:74F1:0021::0008]/000000001000PLTV/88888888/224/3221226180/index.m3u8?HlsProfileId=, From: subscribe, IPv_Type: ipv6, Location: 中国, ISP: 中国移动, Date: None, Delay: 0.1 ms, Speed: inf M/s, Resolution: 1920x1080
Name: 广东卫视, URL: http://[2409:8087:4c0a:22:1::11]:6410/170000001115/UmaiCHAN181359BESTVSMGSMG/index.m3u8?m3u8_level=2, From: subscribe, IPv_Type: ipv6, Location: 中国, ISP: 中国移动, Date: None, Delay: 0.1 ms, Speed: inf M/s, Resolution: 1920x1080
Name: 广东卫视, URL: http://[2409:8087:5e01:34::21]:6610/ZTE_CMS/00000001000000060000000000000341/index.m3u8?IAS, From: subscribe, IPv_Type: ipv6, Location: 中国, ISP: 中国移动, Date: None, Delay: 0.1 ms, Speed: inf M/s, Resolution: 1920x1080
Name: 广东卫视, URL: http://[2409:8087:5e01:34::20]:6610/ZTE_CMS/00000001000000060000000000000341/index.m3u8?IAS, From: subscribe, IPv_Type: ipv6, Location: 中国, ISP: 中国移动, Date: None, Delay: 0.1 ms, Speed: inf M/s, Resolution: 1920x1080
Name: 广东卫视, URL: http://[2409:8087:5e01:34::23]:6610/ZTE_CMS/00000001000000060000000000000341/index.m3u8?IAS, From: subscribe, IPv_Type: ipv6, Location: 中国, ISP: 中国移动, Date: None, Delay: 0.1 ms, Speed: inf M/s, Resolution: 1920x1080
Name: 广东卫视, URL: http://[2409:8087:5e01:34::22]:6610/ZTE_CMS/00000001000000060000000000000341/index.m3u8?IAS, From: subscribe, IPv_Type: ipv6, Location: 中国, ISP: 中国移动, Date: None, Delay: 0.1 ms, Speed: inf M/s, Resolution: 1920x1080
Name: 广东卫视, URL: http://[2409:8087:1e03:21::2]:6060/cms001/ch00000090990000001032/index.m3u8, From: subscribe, IPv_Type: ipv6, Location: 中国, ISP: 中国移动, Date: None, Delay: 0.1 ms, Speed: inf M/s, Resolution: 1920x1080
Name: 广东卫视, URL: http://[2409:8087:3428:20:500::100f]:6610/PLTV/88888888/224/3221225824/index.m3u8?servicetype=1&IASHttpSessionId=RR423820220409134714119178, From: subscribe, IPv_Type: ipv6, Location: 中国, ISP: 中国移动, Date: None, Delay: 0.1 ms, Speed: inf M/s, Resolution: 1920x1080
Name: 广东卫视, URL: http://[2409:8087:3428:20:500::1009]:6610/PLTV/88888888/224/3221225824/index.m3u8?servicetype=1&IASHttpSessionId=RR423820220409134714119178, From: subscribe, IPv_Type: ipv6, Location: 中国, ISP: 中国移动, Date: None, Delay: 0.1 ms, Speed: inf M/s, Resolution: 1920x1080
Name: 广东卫视, URL: http://[2409:8087:2001:20:2800:0:df6e:eb06]:80/wh7f454c46tw1749616194_1855037741/ott.mobaibox.com/PLTV/3/224/3221227249/index.m3u8?icpid=3&RTS=1674386160&from=40&popid=40&hms_devid=2036&prioritypopid=40&vqe=3, From: subscribe, IPv_Type: ipv6, Location: 中国, ISP: 中国移动, Date: None, Delay: 0.1 ms, Speed: inf M/s, Resolution: 1920x1080
Name: 广东卫视, URL: http://[2409:8087:74f0:22::6]:6410/270000001128/9900000520/index.m3u8, From: subscribe, IPv_Type: ipv6, Location: 中国, ISP: 中国移动, Date: None, Delay: 0.1 ms, Speed: inf M/s, Resolution: 1920x1080
Name: 广东卫视, URL: http://[2409:8087:1a01:df::7005]/ottrrs.hl.chinamobile.com/PLTV/88888888/224/3221226248/index.m3u8, From: subscribe, IPv_Type: ipv6, Location: 中国, ISP: 中国移动, Date: None, Delay: 0.1 ms, Speed: inf M/s, Resolution: 1920x1080
Name: 广东卫视, URL: http://[2409:8087:5e00:24::1e]:6060/200000001898/460000089800010055/1.m3u8, From: subscribe, IPv_Type: ipv6, Location: 中国, ISP: 中国移动, Date: None, Delay: 0.1 ms, Speed: inf M/s, Resolution: 1920x1080
Name: 广东卫视, URL: http://[2409:8087:3869:8021:1001::e5]:6610/PLTV/88888910/224/3221225701/index.m3u8, From: subscribe, IPv_Type: ipv6, Location: 中国, ISP: 中国移动, Date: None, Delay: 0.1 ms, Speed: inf M/s, Resolution: 1920x1080
Name: 广东卫视, URL: http://[2409:8087:8:21::18]:6610/otttv.bj.chinamobile.com/PLTV/88888888/224/3221226961/1.m3u8?GuardEncType=2&accountinfo=%7E%7EV2.0%7E2MGyx659D_aaDPP0qt3NgA%7EtP4-l0lmSfjwLWEfK_el1vH_mv-s1zo4AQJwdedaVwG9xkuFTDg8J26cwOrNJzn20BErrHdLhuZ9EzLUCD3PMW-OMx4MGteHV2vLeW6BqoY%2CEND, From: subscribe, IPv_Type: ipv6, Location: 中国, ISP: 中国移动, Date: None, Delay: -1 ms, Speed: 0.00 M/s, Resolution: None
Name: 广东卫视, URL: http://rrs01.hw.gmcc.net:8088/PLTV/81/224/3221227161/1.m3u8, From: subscribe, IPv_Type: ipv6, Location: 中国, ISP: 中国移动, Date: None, Delay: -1 ms, Speed: 0.00 M/s, Resolution: None
Name: 广东卫视, URL: http://[2409:8087:1a15:10d1::37]/ottrrs.hl.chinamobile.com/PLTV/88888888/224/3221226248/index.m3u8, From: subscribe, IPv_Type: ipv6, Location: 中国, ISP: 中国移动, Date: None, Delay: -1 ms, Speed: 0.00 M/s, Resolution: None
Name: 广东卫视, URL: http://[2409:8087:5e08:25::16]:6610/200000001898/460000089800010055/1.m3u8, From: subscribe, IPv_Type: ipv6, Location: 中国, ISP: 中国移动, Date: None, Delay: -1 ms, Speed: 0.00 M/s, Resolution: None
Name: 广东卫视, URL: https://mursor.ottiptv.cc/mcp/guangdong.m3u8, From: subscribe, IPv_Type: ipv6, Location: 美国, ISP: Oracle Corporation, Date: None, Delay: -1 ms, Speed: 0.00 M/s, Resolution: None
Name: 广东卫视, URL: https://migu.188766.xyz/?migutoken=ca7737784b0eafa0be5943f32e7f1e84&id=%E5%B9%BF%E4%B8%9C%E5%8D%AB%E8%A7%86&pp=1, From: subscribe, IPv_Type: ipv6, Location: 美国, ISP: CloudFlare Inc., Date: None, Delay: -1 ms, Speed: 0.00 M/s, Resolution: None
Name: 广东卫视, URL: http://gslbmgsplive.miguvideo.com/ws_w/2018/gdws/gdws711/1000/index.m3u8?msisdn=20250926080055fa93bd0ad6d14f29927ad1d172ea6a36&mdspid=&spid=699054&netType=0&sid=2202428795&pid=2028597139&timestamp=20250926080055&Channel_ID=0116_2600000900-99000-201600010010027&ProgramID=608831231&ParentNodeID=-99&assertID=2202428795&client_ip=106.13.250.83&SecurityKey=20250926080055&promotionId=&mvid=2202428795&mcid=500020&playurlVersion=ZQ-A1-8.9.2-RELEASE&userid=&jmhm=&videocodec=h264&bean=mgspad&tid=android&conFee=0&puData=b2349e3ce1c0ce5e5e7d3560bcfeae97&ddCalcu=7b92ee32a48e90fec3bc0e615c30dc7ee55e, From: subscribe, IPv_Type: ipv6, Location: 中国, ISP: 中国移动, Date: None, Delay: -1 ms, Speed: 0.00 M/s, Resolution: None
Name: 广东卫视, URL: https://cc06.tv12.xyz/43.m3u8, From: subscribe, IPv_Type: ipv6, Location: 美国, ISP: CloudFlare Inc., Date: None, Delay: -1 ms, Speed: 0.00 M/s, Resolution: None
Name: 广东卫视, URL: https://jzb.wwkejishe.top/?id=598, From: subscribe, IPv_Type: ipv6, Location: 美国, ISP: CloudFlare Inc., Date: None, Delay: -1 ms, Speed: 0.00 M/s, Resolution: None
Name: 广东卫视, URL: https://migu.188766.xyz/?migutoken=9fa4d7f72a64bfebdba6fe46710bab32&id=%E5%B9%BF%E4%B8%9C%E5%8D%AB%E8%A7%86&type=yy, From: subscribe, IPv_Type: ipv6, Location: 美国, ISP: CloudFlare Inc., Date: None, Delay: -1 ms, Speed: 0.00 M/s, Resolution: None
Name: 广东卫视, URL: https://migu.188766.xyz/?migutoken=e8c98430fbeeff4cebc53ae47ab1f9a6&id=%E5%B9%BF%E4%B8%9C%E5%8D%AB%E8%A7%86&type=yy, From: subscribe, IPv_Type: ipv6, Location: 美国, ISP: CloudFlare Inc., Date: None, Delay: -1 ms, Speed: 0.00 M/s, Resolution: None
Name: 深圳卫视, URL: https://iptv.catvod.com/live.php?id=%E6%B7%B1%E5%9C%B3%E5%8D%AB%E8%A7%86%E5%8F%B0, From: local, IPv_Type: ipv6, Location: 美国, ISP: CloudFlare Inc., Date: None, Delay: -1 ms, Speed: 0.00 M/s, Resolution: None
Name: 深圳卫视, URL: https://iptv.catvod.com/live.php?id=%E6%B7%B1%E5%9C%B3, From: local, IPv_Type: ipv6, Location: 美国, ISP: CloudFlare Inc., Date: None, Delay: -1 ms, Speed: 0.00 M/s, Resolution: None
Name: 深圳卫视, URL: http://php.jdshipin.com/TVOD/hnyd.php?id=200000001898/460000089800010068, From: subscribe, IPv_Type: ipv6, Location: 美国, ISP: CloudFlare Inc., Date: None, Delay: 0.1 ms, Speed: inf M/s, Resolution: 1920x1080
Name: 深圳卫视, URL: http://iptv.huuc.edu.cn/hls/szhd.m3u8, From: subscribe, IPv_Type: ipv6, Location: 中国, ISP: 教育网, Date: None, Delay: 0.1 ms, Speed: inf M/s, Resolution: 1920x1080
Name: 深圳卫视, URL: https://smart.pendy.dpdns.org/Smart.php?id=shenzhen, From: subscribe, IPv_Type: ipv6, Location: 美国, ISP: CloudFlare Inc., Date: None, Delay: 0.1 ms, Speed: inf M/s, Resolution: 1920x1080
Name: 深圳卫视, URL: http://dsj.motem.top:8880/bptv/10000100000000050000000003873474.m3u8, From: subscribe, IPv_Type: ipv6, Location: 美国, ISP: CloudFlare Inc., Date: None, Delay: 0.1 ms, Speed: inf M/s, Resolution: 1920x1080
Name: 深圳卫视, URL: http://z.b.bkpcp.top/m.php?id=szws, From: subscribe, IPv_Type: ipv6, Location: 美国, ISP: CloudFlare Inc., Date: None, Delay: 0.1 ms, Speed: inf M/s, Resolution: 1920x1080
Name: 深圳卫视, URL: http://[2409:8087:1a0a:df::404b]/ottrrs.hl.chinamobile.com/TVOD/88888888/224/3221226313/index.m3u8, From: subscribe, IPv_Type: ipv6, Location: 中国, ISP: 中国移动, Date: None, Delay: 0.1 ms, Speed: inf M/s, Resolution: 1920x1080
Name: 深圳卫视, URL: http://[2409:8087:1a01:df::4077]/ottrrs.hl.chinamobile.com/PLTV/88888888/8/3221226313/index.m3u8, From: subscribe, IPv_Type: ipv6, Location: 中国, ISP: 中国移动, Date: None, Delay: 0.1 ms, Speed: inf M/s, Resolution: 1920x1080
Name: 深圳卫视, URL: http://[2409:8087:8:21::18]:6610/otttv.bj.chinamobile.com/PLTV/88888888/224/3221226245/1.m3u8, From: subscribe, IPv_Type: ipv6, Location: 中国, ISP: 中国移动, Date: None, Delay: 0.1 ms, Speed: inf M/s, Resolution: 1920x1080
Name: 深圳卫视, URL: http://[2409:8087:8:21::18]:6610/otttv.bj.chinamobile.com/PLTV/88888888/224/3221226495/1.m3u8, From: subscribe, IPv_Type: ipv6, Location: 中国, ISP: 中国移动, Date: None, Delay: 0.1 ms, Speed: inf M/s, Resolution: 1920x1080
Name: 深圳卫视, URL: http://[2409:8087:8:21::18]:6610/otttv.bj.chinamobile.com/PLTV/88888888/224/3221226573/1.m3u8, From: subscribe, IPv_Type: ipv6, Location: 中国, ISP: 中国移动, Date: None, Delay: 0.1 ms, Speed: inf M/s, Resolution: 1920x1080
Name: 深圳卫视, URL: http://[2409:8087:2001:20:2800:0:df6e:eb11]:80/ott.mobaibox.com/PLTV/4/224/3221227555/index.m3u8, From: subscribe, IPv_Type: ipv6, Location: 中国, ISP: 中国移动, Date: None, Delay: 0.1 ms, Speed: inf M/s, Resolution: 1920x1080
Name: 深圳卫视, URL: http://yc.myds.me:35455/itv/5000000004000007410.m3u8?cdn=bestzb, From: subscribe, IPv_Type: ipv6, Location: 中国, ISP: 中国电信, Date: None, Delay: 0.1 ms, Speed: inf M/s, Resolution: 1920x1080
Name: 深圳卫视, URL: http://nas.suntao.online:35455/itv/5000000004000007410.m3u8?cdn=bestzb, From: subscribe, IPv_Type: ipv6, Location: 中国, ISP: 中国联通, Date: None, Delay: 0.1 ms, Speed: inf M/s, Resolution: 1920x1080
Name: 深圳卫视, URL: http://dbiptv.sn.chinamobile.com/PLTV/88888888/224/3221225801/1.m3u8, From: subscribe, IPv_Type: ipv6, Location: 中国, ISP: 中国移动, Date: None, Delay: 0.1 ms, Speed: inf M/s, Resolution: 1920x1080
Name: 深圳卫视, URL: https://stream1.freetv.fun/7d39b3e02dccfbd1ed32ec34964c9c335bfed429cb4f45800afa9f77414d01e3.ctv, From: subscribe, IPv_Type: ipv6, Location: 美国, ISP: CloudFlare Inc., Date: None, Delay: 0.1 ms, Speed: inf M/s, Resolution: 1920x1080
Name: 深圳卫视, URL: http://hwrr.jx.chinamobile.com:8080/PLTV/88888888/224/3221225598/index.m3u8?fmt=ts2hls, From: subscribe, IPv_Type: ipv6, Location: 中国, ISP: 中国移动, Date: None, Delay: 0.1 ms, Speed: inf M/s, Resolution: 1920x1080
Name: 深圳卫视, URL: http://[2409:8087:3428:20:500::100f]:6610/PLTV/88888888/224/3221225848/index.m3u8?servicetype=1&IASHttpSessionId=RR423820220409134714119178, From: subscribe, IPv_Type: ipv6, Location: 中国, ISP: 中国移动, Date: None, Delay: 0.1 ms, Speed: inf M/s, Resolution: 1920x1080
Name: 深圳卫视, URL: http://[2409:8087:3428:20:500::1009]:6610/PLTV/88888888/224/3221225848/index.m3u8?servicetype=1&IASHttpSessionId=RR423820220409134714119178, From: subscribe, IPv_Type: ipv6, Location: 中国, ISP: 中国移动, Date: None, Delay: 0.1 ms, Speed: inf M/s, Resolution: 1920x1080
Name: 深圳卫视, URL: http://[2409:8087:2001:20:2800:0:df6e:eb1a]:80/wh7f454c46tw207777730_-119365339/ott.mobaibox.com/PLTV/3/224/3221227624/index.m3u8?icpid=3&RTS=1674380323&from=40&popid=40&hms_devid=2116&prioritypopid=40&vqe=3, From: subscribe, IPv_Type: ipv6, Location: 中国, ISP: 中国移动, Date: None, Delay: 0.1 ms, Speed: inf M/s, Resolution: 1920x1080
Name: 深圳卫视, URL: http://[2409:8087:2001:20:2800:0:df6e:eb0d]:80/wh7f454c46tw208051491_470444878/ott.mobaibox.com/PLTV/3/224/3221227677/index.m3u8?icpid=3&RTS=1674380323&from=40&popid=40&hms_devid=2040&prioritypopid=40&vqe=3, From: subscribe, IPv_Type: ipv6, Location: 中国, ISP: 中国移动, Date: None, Delay: 0.1 ms, Speed: inf M/s, Resolution: 1920x1080
Name: 深圳卫视, URL: http://[2409:8087:2001:20:2800:0:df6e:eb02]:80/wh7f454c46tw208243183_695881801/ott.mobaibox.com/PLTV/3/224/3221227695/index.m3u8?icpid=3&RTS=1674380323&from=40&popid=40&hms_devid=2039&prioritypopid=40&vqe=3, From: subscribe, IPv_Type: ipv6, Location: 中国, ISP: 中国移动, Date: None, Delay: 0.1 ms, Speed: inf M/s, Resolution: 1920x1080
Name: 深圳卫视, URL: http://[2409:8087:2001:20:2800:0:df6e:eb18]:80/wh7f454c46tw208466077_112536285/ott.mobaibox.com/PLTV/3/224/3221228236/index.m3u8?icpid=3&RTS=1674380323&from=40&popid=40&hms_devid=2113&prioritypopid=40&vqe=3, From: subscribe, IPv_Type: ipv6, Location: 中国, ISP: 中国移动, Date: None, Delay: 0.1 ms, Speed: inf M/s, Resolution: 1920x1080
Name: 深圳卫视, URL: http://[2409:8087:2001:20:2800:0:df6e:eb10]:80/wh7f454c46tw209094840_889003019/ott.mobaibox.com/PLTV/3/224/3221227555/index.m3u8?icpid=3&RTS=1674380324&from=40&popid=40&hms_devid=2110&prioritypopid=40&vqe=3, From: subscribe, IPv_Type: ipv6, Location: 中国, ISP: 中国移动, Date: None, Delay: 0.1 ms, Speed: inf M/s, Resolution: 1920x1080
Name: 深圳卫视, URL: http://[2409:8087:1e03:21::42]:6610/cms001/ch00000090990000001030/index.m3u8, From: subscribe, IPv_Type: ipv6, Location: 中国, ISP: 中国移动, Date: None, Delay: 0.1 ms, Speed: inf M/s, Resolution: 1920x1080
Name: 深圳卫视, URL: http://lu.wqwqwq.sbs/itv/1000000005000265028.m3u8?cdn=ystenlive, From: subscribe, IPv_Type: ipv6, Location: 美国, ISP: CloudFlare Inc., Date: None, Delay: 0.1 ms, Speed: inf M/s, Resolution: 1920x1080
Name: 深圳卫视, URL: http://[2409:8087:1e03:21::2]:6060/cms001/ch00000090990000001030/index.m3u8, From: subscribe, IPv_Type: ipv6, Location: 中国, ISP: 中国移动, Date: None, Delay: 0.1 ms, Speed: inf M/s, Resolution: 1920x1080
Name: 深圳卫视, URL: http://[2409:8087:3428:20:500::100f]:6610/PLTV/88888888/224/3221227242/index.m3u8?servicetype=1&IASHttpSessionId=RR423820220409134714119178, From: subscribe, IPv_Type: ipv6, Location: 中国, ISP: 中国移动, Date: None, Delay: 0.1 ms, Speed: inf M/s, Resolution: 1920x1080
Name: 深圳卫视, URL: http://[2409:8087:3428:20:500::1009]:6610/PLTV/88888888/224/3221227242/index.m3u8?servicetype=1&IASHttpSessionId=RR423820220409134714119178, From: subscribe, IPv_Type: ipv6, Location: 中国, ISP: 中国移动, Date: None, Delay: 0.1 ms, Speed: inf M/s, Resolution: 1920x1080
Name: 深圳卫视, URL: http://[2409:8087:2001:20:2800:0:df6e:eb0a]:80/wh7f454c46tw2172834728_-2116765000/ott.mobaibox.com/PLTV/3/224/3221227307/index.m3u8?icpid=3&RTS=1674386583&from=40&popid=40&hms_devid=2038&prioritypopid=40&vqe=3, From: subscribe, IPv_Type: ipv6, Location: 中国, ISP: 中国移动, Date: None, Delay: 0.1 ms, Speed: inf M/s, Resolution: 1920x1080
Name: 深圳卫视, URL: http://[2409:8087:2001:20:2800:0:df6e:eb07]:80/wh7f454c46tw208659612_-112921820/ott.mobaibox.com/PLTV/3/224/3221227217/index.m3u8?icpid=3&RTS=1674380324&from=40&popid=40&hms_devid=2036&prioritypopid=40&vqe=3, From: subscribe, IPv_Type: ipv6, Location: 中国, ISP: 中国移动, Date: None, Delay: 0.1 ms, Speed: inf M/s, Resolution: 1920x1080
Name: 深圳卫视, URL: http://[2409:8087:74f0:22::5]:6410/270000001128/9900000529/index.m3u8, From: subscribe, IPv_Type: ipv6, Location: 中国, ISP: 中国移动, Date: None, Delay: 0.1 ms, Speed: inf M/s, Resolution: 1920x1080
Name: 深圳卫视, URL: http://[2409:8087:1a01:df::7005]/ottrrs.hl.chinamobile.com/PLTV/88888888/224/3221226313/index.m3u8, From: subscribe, IPv_Type: ipv6, Location: 中国, ISP: 中国移动, Date: None, Delay: 0.1 ms, Speed: inf M/s, Resolution: 1920x1080
Name: 深圳卫视, URL: http://[2409:8087:5e00:24::1e]:6060/200000001898/460000089800010068/1.m3u8, From: subscribe, IPv_Type: ipv6, Location: 中国, ISP: 中国移动, Date: None, Delay: 0.1 ms, Speed: inf M/s, Resolution: 1920x1080
Name: 深圳卫视, URL: http://[2409:8087:3869:8021:1001::e5]:6610/PLTV/88888888/224/3221225741/2/index.m3u8, From: subscribe, IPv_Type: ipv6, Location: 中国, ISP: 中国移动, Date: None, Delay: -1 ms, Speed: 0.00 M/s, Resolution: None
Name: 深圳卫视, URL: http://[2409:8087:3869:8021:1001::e5]:6610/PLTV/88888888/224/3221225700/2/index.m3u8, From: subscribe, IPv_Type: ipv6, Location: 中国, ISP: 中国移动, Date: None, Delay: -1 ms, Speed: 0.00 M/s, Resolution: None
Name: 深圳卫视, URL: http://[2409:8087:3869:8021:1001::e5]:6610/PLTV/88888888/224/3221225598/2/index.m3u8, From: subscribe, IPv_Type: ipv6, Location: 中国, ISP: 中国移动, Date: None, Delay: -1 ms, Speed: 0.00 M/s, Resolution: None
Name: 深圳卫视, URL: http://rrs01.hw.gmcc.net:8088/PLTV/81/224/3221226688/1.m3u8, From: subscribe, IPv_Type: ipv6, Location: 中国, ISP: 中国移动, Date: None, Delay: -1 ms, Speed: 0.00 M/s, Resolution: None
Name: 深圳卫视, URL: http://[2409:8087:1a15:10d1::33]/ottrrs.hl.chinamobile.com/PLTV/88888888/224/3221226313/index.m3u8, From: subscribe, IPv_Type: ipv6, Location: 中国, ISP: 中国移动, Date: None, Delay: -1 ms, Speed: 0.00 M/s, Resolution: None
Name: 深圳卫视, URL: http://[2409:8087:5e08:25::16]:6610/200000001898/460000089800010068/1.m3u8, From: subscribe, IPv_Type: ipv6, Location: 中国, ISP: 中国移动, Date: None, Delay: -1 ms, Speed: 0.00 M/s, Resolution: None
Name: 深圳卫视, URL: https://mursor.ottiptv.cc/mcp/shenzheng.m3u8, From: subscribe, IPv_Type: ipv6, Location: 美国, ISP: Oracle Corporation, Date: None, Delay: -1 ms, Speed: 0.00 M/s, Resolution: None
Name: 深圳卫视, URL: https://migu.188766.xyz/?migutoken=784b52a434d98b429ab512ff75916360&id=szws&type=sz, From: subscribe, IPv_Type: ipv6, Location: 美国, ISP: CloudFlare Inc., Date: None, Delay: -1 ms, Speed: 0.00 M/s, Resolution: None
Name: 深圳卫视, URL: https://cc06.tv12.xyz/108.m3u8, From: subscribe, IPv_Type: ipv6, Location: 美国, ISP: CloudFlare Inc., Date: None, Delay: -1 ms, Speed: 0.00 M/s, Resolution: None
Name: 香港卫视, URL: http://cctvtxyh5c.liveplay.myqcloud.com/cstv/xianggangweishi_2/index.m3u8, From: subscribe, IPv_Type: ipv6, Location: 中国, ISP: 中国联通, Date: None, Delay: 0.1 ms, Speed: inf M/s, Resolution: 1920x1080
Name: 香港卫视, URL: https://stream1.freetv.fun/5335c88a9a7d8b74173b491f480d4f94e8d3bd596af54478106aa2399e6c7917.m3u8, From: subscribe, IPv_Type: ipv6, Location: 美国, ISP: CloudFlare Inc., Date: None, Delay: -1 ms, Speed: 0.00 M/s, Resolution: None
Name: 香港卫视, URL: https://stream1.freetv.fun/xiang-gang-wei-shi-7.m3u8, From: subscribe, IPv_Type: ipv6, Location: 美国, ISP: CloudFlare Inc., Date: None, Delay: 0.1 ms, Speed: inf M/s, Resolution: 1920x1080
Name: 香港卫视, URL: https://stream1.freetv.fun/79e4d77e2f29a2ca7f7cabbbe2ee02d32a4f2f7fb91ae94d0fb9573c9f94b4ab.ctv, From: subscribe, IPv_Type: ipv6, Location: 美国, ISP: CloudFlare Inc., Date: None, Delay: -1 ms, Speed: 0.00 M/s, Resolution: None
Name: 香港卫视, URL: https://stream1.freetv.fun/xiang-gang-wei-shi-11.m3u8, From: subscribe, IPv_Type: ipv6, Location: 美国, ISP: CloudFlare Inc., Date: None, Delay: 0.1 ms, Speed: inf M/s, Resolution: 1920x1080
Name: 香港卫视, URL: https://stream1.freetv.fun/xiang-gang-wei-shi-13.m3u8, From: subscribe, IPv_Type: ipv6, Location: 美国, ISP: CloudFlare Inc., Date: None, Delay: 0.1 ms, Speed: inf M/s, Resolution: 1920x1080
Name: 香港卫视, URL: https://stream1.freetv.fun/xiang-gang-wei-shi-8.m3u8, From: subscribe, IPv_Type: ipv6, Location: 美国, ISP: CloudFlare Inc., Date: None, Delay: 0.1 ms, Speed: inf M/s, Resolution: 1920x1080
Name: 香港卫视, URL: https://yvxymm.tv12.xyz/175.m3u8, From: subscribe, IPv_Type: ipv6, Location: 美国, ISP: CloudFlare Inc., Date: None, Delay: -1 ms, Speed: 0.00 M/s, Resolution: None
Name: 香港卫视, URL: https://migu.188766.xyz/?migutoken=71c1dbe4568d6c43573e0f04671d588f&id=%E9%A6%99%E6%B8%AF%E5%8D%AB%E8%A7%86&pp=1, From: subscribe, IPv_Type: ipv6, Location: 美国, ISP: CloudFlare Inc., Date: None, Delay: -1 ms, Speed: 0.00 M/s, Resolution: None
Name: 浙江卫视, URL: https://iptv.catvod.com/live.php?id=%E6%B5%99%E6%B1%9F%E5%8D%AB%E8%A7%86%E5%8F%B0, From: local, IPv_Type: ipv6, Location: 美国, ISP: CloudFlare Inc., Date: None, Delay: -1 ms, Speed: 0.00 M/s, Resolution: None
Name: 浙江卫视, URL: https://iptv.catvod.com/live.php?id=%E6%B5%99%E6%B1%9F, From: local, IPv_Type: ipv6, Location: 美国, ISP: CloudFlare Inc., Date: None, Delay: -1 ms, Speed: 0.00 M/s, Resolution: None
Name: 浙江卫视, URL: http://zwebl02.cztv.com/live/channel011080P.m3u8?auth_key=2524708799-0-0-9a1229d8b9d311024ebea08c3fb1d63f, From: subscribe, IPv_Type: ipv6, Location: 中国-广东-东莞, ISP: 电信, Date: None, Delay: 0.1 ms, Speed: inf M/s, Resolution: 1920x1080
Name: 浙江卫视, URL: http://zhfivel02.cztv.com/channel01/1080p.m3u8?auth_key=2524708799-0-0-adde67b1b344fdd5e512f30a4ae31915, From: subscribe, IPv_Type: ipv6, Location: 中国-广东-东莞, ISP: 电信, Date: None, Delay: 0.1 ms, Speed: inf M/s, Resolution: 1920x1080
Name: 浙江卫视, URL: http://php.jdshipin.com/TVOD/hnyd.php?id=200000001898/460000089800010070, From: subscribe, IPv_Type: ipv6, Location: 美国, ISP: CloudFlare Inc., Date: None, Delay: 0.1 ms, Speed: inf M/s, Resolution: 1920x1080
Name: 浙江卫视, URL: http://z.b.bkpcp.top/m.php?id=zjws, From: subscribe, IPv_Type: ipv6, Location: 美国, ISP: CloudFlare Inc., Date: None, Delay: 0.1 ms, Speed: inf M/s, Resolution: 1920x1080
Name: 浙江卫视, URL: https://ali-m-l.cztv.com/channels/lantian/channel001/1080p.m3u8, From: subscribe, IPv_Type: ipv6, Location: 中国-广西-防城港, ISP: 电信, Date: None, Delay: 0.1 ms, Speed: inf M/s, Resolution: 1920x1080
Name: 浙江卫视, URL: http://goo.bkpcp.top/mg/zjws, From: subscribe, IPv_Type: ipv6, Location: 美国, ISP: CloudFlare Inc., Date: None, Delay: 0.1 ms, Speed: inf M/s, Resolution: 1920x1080
Name: 浙江卫视, URL: http://l.cztvcloud.com/channels/lantian/SXpinghu3/720p.m3u8, From: subscribe, IPv_Type: ipv6, Location: 中国-江苏-常州, ISP: 电信, Date: None, Delay: 0.1 ms, Speed: inf M/s, Resolution: 1920x1080
Name: 浙江卫视, URL: http://iptv.huuc.edu.cn/hls/zjhd.m3u8, From: subscribe, IPv_Type: ipv6, Location: 中国, ISP: 教育网, Date: None, Delay: 0.1 ms, Speed: inf M/s, Resolution: 1920x1080
Name: 浙江卫视, URL: http://ikuai.zlsip.top:4022/rtp/239.3.1.137:8036, From: subscribe, IPv_Type: ipv6, Location: 美国, ISP: CloudFlare Inc., Date: None, Delay: 0.1 ms, Speed: inf M/s, Resolution: 1920x1080
Name: 浙江卫视, URL: http://ali-vl.cztv.com/channels/lantian/channel001/360p.m3u8, From: subscribe, IPv_Type: ipv6, Location: 中国, ISP: 中国电信, Date: None, Delay: 0.1 ms, Speed: inf M/s, Resolution: 1920x1080
Name: 浙江卫视, URL: http://[2409:8087:1a01:df::4043]:80/TVOD/88888888/224/3221225959/main.m3u8, From: subscribe, IPv_Type: ipv6, Location: 中国, ISP: 中国移动, Date: None, Delay: 0.1 ms, Speed: inf M/s, Resolution: 1920x1080
Name: 浙江卫视, URL: http://dsj.motem.top:8880/bptv/10000100000000050000000003873464.m3u8, From: subscribe, IPv_Type: ipv6, Location: 美国, ISP: CloudFlare Inc., Date: None, Delay: 0.1 ms, Speed: inf M/s, Resolution: 1920x1080
Name: 浙江卫视, URL: https://zwebl02.cztv.com/live/channel011080P.m3u8?auth_key=1746309623-0oh0wczjlthcs675z4v5o04eqlbj4e7p-0-f7567e57301970404dd8b1441f8b6662, From: subscribe, IPv_Type: ipv6, Location: 中国-广东-东莞, ISP: 电信, Date: None, Delay: 0.1 ms, Speed: inf M/s, Resolution: 1920x1080
Name: 浙江卫视, URL: https://zwebl02.cztv.com/live/channel011080P.m3u8?auth_key=1746093625-2ln6mv1hv9ixvyubfdm32l0edhwgiqw7-0-d989b083951d17cd5c43bdd0538cbe3f, From: subscribe, IPv_Type: ipv6, Location: 中国-广东-东莞, ISP: 电信, Date: None, Delay: 0.1 ms, Speed: inf M/s, Resolution: 1920x1080
Name: 浙江卫视, URL: http://[2409:8087:1a01:df::4077]/ottrrs.hl.chinamobile.com/PLTV/88888888/8/3221226342/index.m3u8, From: subscribe, IPv_Type: ipv6, Location: 中国, ISP: 中国移动, Date: None, Delay: 0.1 ms, Speed: inf M/s, Resolution: 1920x1080
Name: 浙江卫视, URL: http://[2409:8087:1a0a:df::404b]/ottrrs.hl.chinamobile.com/TVOD/88888888/224/3221226339/index.m3u8, From: subscribe, IPv_Type: ipv6, Location: 中国, ISP: 中国移动, Date: None, Delay: 0.1 ms, Speed: inf M/s, Resolution: 1920x1080
Name: 浙江卫视, URL: http://ali-m-l.cztv.com/channels/lantian/channel01/1080p.m3u8, From: subscribe, IPv_Type: ipv6, Location: 中国-广西-防城港, ISP: 电信, Date: None, Delay: 0.1 ms, Speed: inf M/s, Resolution: 1920x1080
Name: 浙江卫视, URL: https://stream1.freetv.fun/3bcf99d2946ccf8b6feabbc8298a4630913b805d5965a209a4d2de2ae9ffc79f.m3u8, From: subscribe, IPv_Type: ipv6, Location: 美国, ISP: CloudFlare Inc., Date: None, Delay: 0.1 ms, Speed: inf M/s, Resolution: 1920x1080
Name: 浙江卫视, URL: https://stream1.freetv.fun/2e3a01b886780ceca10b44bb6cdb57413757275a6fdcb083800db996bc2f81e3.m3u8, From: subscribe, IPv_Type: ipv6, Location: 美国, ISP: CloudFlare Inc., Date: None, Delay: 0.1 ms, Speed: inf M/s, Resolution: 1920x1080
Name: 浙江卫视, URL: http://yc.myds.me:35455/itv/5000000004000007275.m3u8?cdn=bestzb, From: subscribe, IPv_Type: ipv6, Location: 中国, ISP: 中国电信, Date: None, Delay: 0.1 ms, Speed: inf M/s, Resolution: 1920x1080
Name: 浙江卫视, URL: http://nas.suntao.online:35455/itv/1000000001000014260.m3u8?cdn=ystenlive, From: subscribe, IPv_Type: ipv6, Location: 中国, ISP: 中国联通, Date: None, Delay: 0.1 ms, Speed: inf M/s, Resolution: 1920x1080
Name: 浙江卫视, URL: https://zwebl02.cztv.com/live/channel011080P.m3u8?auth_key=1745938828-xej603c4bgunk0n4qor1kteg02v7wh5k-0-4b5e88f4ea8ecbb292953c08348bb7db, From: subscribe, IPv_Type: ipv6, Location: 中国-广东-东莞, ISP: 电信, Date: None, Delay: 0.1 ms, Speed: inf M/s, Resolution: 1920x1080
Name: 浙江卫视, URL: http://iptv.cdn.ha.chinamobile.com/PLTV/88888888/224/3221227202/index.m3u8, From: subscribe, IPv_Type: ipv6, Location: 中国, ISP: 中国移动, Date: None, Delay: 0.1 ms, Speed: inf M/s, Resolution: 1920x1080
Name: 浙江卫视, URL: https://stream1.freetv.fun/0df862875bddfc375a0013f39f6b8787ba04f39160fa0449e305f8952e8209e9.m3u8, From: subscribe, IPv_Type: ipv6, Location: 美国, ISP: CloudFlare Inc., Date: None, Delay: 0.1 ms, Speed: inf M/s, Resolution: 1920x1080
Name: 浙江卫视, URL: https://stream1.freetv.fun/bd540d6ea7715caff181ae644e1772b8c6a023f0eb172e5fa69bec70f4dfecfe.m3u8, From: subscribe, IPv_Type: ipv6, Location: 美国, ISP: CloudFlare Inc., Date: None, Delay: 0.1 ms, Speed: inf M/s, Resolution: 1920x1080
Name: 浙江卫视, URL: http://lu.wqwqwq.sbs/itv/1000000005000265031.m3u8?cdn=ystenlive, From: subscribe, IPv_Type: ipv6, Location: 美国, ISP: CloudFlare Inc., Date: None, Delay: 0.1 ms, Speed: inf M/s, Resolution: 1920x1080
Name: 浙江卫视, URL: http://dbiptv.sn.chinamobile.com/PLTV/88888888/224/3221225798/1.m3u8, From: subscribe, IPv_Type: ipv6, Location: 中国, ISP: 中国移动, Date: None, Delay: 0.1 ms, Speed: inf M/s, Resolution: 1920x1080
Name: 浙江卫视, URL: https://stream1.freetv.fun/3674992f7e26c934871ca5ce9cdcf0be39a13a863c537f76b3ac22cc10e61e11.m3u8, From: subscribe, IPv_Type: ipv6, Location: 美国, ISP: CloudFlare Inc., Date: None, Delay: 0.1 ms, Speed: inf M/s, Resolution: 1920x1080
Name: 浙江卫视, URL: https://stream1.freetv.fun/5ffc0c126720cc8b92d57ecd040c3eab0f42b12a63351a984b59f3a6a476735e.m3u8, From: subscribe, IPv_Type: ipv6, Location: 美国, ISP: CloudFlare Inc., Date: None, Delay: 0.1 ms, Speed: inf M/s, Resolution: 1920x1080
Name: 浙江卫视, URL: https://stream1.freetv.fun/de894822c716882fdc3ccde13a1df6ab170cc15d56ed820dd683a6fd9a9ac182.m3u8, From: subscribe, IPv_Type: ipv6, Location: 美国, ISP: CloudFlare Inc., Date: None, Delay: 0.1 ms, Speed: inf M/s, Resolution: 1920x1080
Name: 浙江卫视, URL: https://stream1.freetv.fun/584a8d8dcc1704d3df7b0f7153ecea98303b2df8daae3897674bbb03b2abbb39.m3u8, From: subscribe, IPv_Type: ipv6, Location: 美国, ISP: CloudFlare Inc., Date: None, Delay: 0.1 ms, Speed: inf M/s, Resolution: 1920x1080
Name: 浙江卫视, URL: https://stream1.freetv.fun/bd399dd2f8b8ba3112838aec3794ea1f33993bceb20f2eff230b8d62409199c7.m3u8, From: subscribe, IPv_Type: ipv6, Location: 美国, ISP: CloudFlare Inc., Date: None, Delay: 0.1 ms, Speed: inf M/s, Resolution: 1920x1080
Name: 浙江卫视, URL: https://stream1.freetv.fun/2d006495025116b5eeae6ac133fca1ea2ed38b48c255994add6b2153026222f5.m3u8, From: subscribe, IPv_Type: ipv6, Location: 美国, ISP: CloudFlare Inc., Date: None, Delay: 0.1 ms, Speed: inf M/s, Resolution: 1920x1080
Name: 浙江卫视, URL: https://stream1.freetv.fun/bf470a7853a795a94f57d26c21dc39bc604aa79ca5632a2de0197d27bde7ac2d.m3u8, From: subscribe, IPv_Type: ipv6, Location: 美国, ISP: CloudFlare Inc., Date: None, Delay: 0.1 ms, Speed: inf M/s, Resolution: 1920x1080
Name: 浙江卫视, URL: https://stream1.freetv.fun/11fc10d9b4476ff868ef1efabfd865c3b4dad45404751880cd469332b0488a19.m3u8, From: subscribe, IPv_Type: ipv6, Location: 美国, ISP: CloudFlare Inc., Date: None, Delay: 0.1 ms, Speed: inf M/s, Resolution: 1920x1080
Name: 浙江卫视, URL: https://stream1.freetv.fun/98c2b365be87cf4c2159356795b46f802156d44b9752f5948ae7f2b3b7f323f0.m3u8, From: subscribe, IPv_Type: ipv6, Location: 美国, ISP: CloudFlare Inc., Date: None, Delay: 0.1 ms, Speed: inf M/s, Resolution: 1920x1080
Name: 浙江卫视, URL: https://stream1.freetv.fun/25a68374e38b69e4e0daef2fd294dc23f4a597d1e4f8dfd4ca5f447359b5cf17.m3u8, From: subscribe, IPv_Type: ipv6, Location: 美国, ISP: CloudFlare Inc., Date: None, Delay: 0.1 ms, Speed: inf M/s, Resolution: 1920x1080
Name: 浙江卫视, URL: https://stream1.freetv.fun/d35587d65e53779a3e25010f6839792d5a4430a22824793ec4b997e2c4ab3098.m3u8, From: subscribe, IPv_Type: ipv6, Location: 美国, ISP: CloudFlare Inc., Date: None, Delay: 0.1 ms, Speed: inf M/s, Resolution: 1920x1080
Name: 浙江卫视, URL: https://stream1.freetv.fun/72a0e9b3f0b9ffe0c25538f7c7a247ad13b6c88315ee5e0d9d2b8c48dd089067.m3u8, From: subscribe, IPv_Type: ipv6, Location: 美国, ISP: CloudFlare Inc., Date: None, Delay: 0.1 ms, Speed: inf M/s, Resolution: 1920x1080
Name: 浙江卫视, URL: https://stream1.freetv.fun/9db0b177cf33e55f518fee70eb5b8aca7d6d592cb2f228931613f92024e4dcee.m3u8, From: subscribe, IPv_Type: ipv6, Location: 美国, ISP: CloudFlare Inc., Date: None, Delay: 0.1 ms, Speed: inf M/s, Resolution: 1920x1080
Name: 浙江卫视, URL: http://hwrr.jx.chinamobile.com:8080/PLTV/88888888/224/3221225491/index.m3u8?fmt=ts2hls, From: subscribe, IPv_Type: ipv6, Location: 中国, ISP: 中国移动, Date: None, Delay: 0.1 ms, Speed: inf M/s, Resolution: 1920x1080
Name: 浙江卫视, URL: http://[2409:8087:2001:20:2800:0:df6e:eb10]:80/ott.mobaibox.com/PLTV/4/224/3221227491/index.m3u8, From: subscribe, IPv_Type: ipv6, Location: 中国, ISP: 中国移动, Date: None, Delay: 0.1 ms, Speed: inf M/s, Resolution: 1920x1080
Name: 浙江卫视, URL: http://[2409:8087:1e03:21::2]:6060/cms001/ch00000090990000001023/index.m3u8, From: subscribe, IPv_Type: ipv6, Location: 中国, ISP: 中国移动, Date: None, Delay: 0.1 ms, Speed: inf M/s, Resolution: 1920x1080
Name: 浙江卫视, URL: http://[2409:8087:3428:20:500::100f]:6610/PLTV/88888888/224/3221225870/index.m3u8?servicetype=1&IASHttpSessionId=RR423820220409134714119178, From: subscribe, IPv_Type: ipv6, Location: 中国, ISP: 中国移动, Date: None, Delay: 0.1 ms, Speed: inf M/s, Resolution: 1920x1080
Name: 浙江卫视, URL: http://[2409:8087:3428:20:500::100f]:6610/PLTV/88888888/224/3221227193/index.m3u8?servicetype=1&IASHttpSessionId=RR423820220409134714119178, From: subscribe, IPv_Type: ipv6, Location: 中国, ISP: 中国移动, Date: None, Delay: 0.1 ms, Speed: inf M/s, Resolution: 1920x1080
Name: 浙江卫视, URL: http://[2409:8087:3428:20:500::100f]:6610/PLTV/88888888/224/3221225825/index.m3u8?servicetype=1&IASHttpSessionId=RR423820220409134714119178, From: subscribe, IPv_Type: ipv6, Location: 中国, ISP: 中国移动, Date: None, Delay: 0.1 ms, Speed: inf M/s, Resolution: 1920x1080
Name: 浙江卫视, URL: http://[2409:8087:3428:20:500::1009]:6610/PLTV/88888888/224/3221225870/index.m3u8?servicetype=1&IASHttpSessionId=RR423820220409134714119178, From: subscribe, IPv_Type: ipv6, Location: 中国, ISP: 中国移动, Date: None, Delay: 0.1 ms, Speed: inf M/s, Resolution: 1920x1080
Name: 浙江卫视, URL: http://[2409:8087:3428:20:500::1009]:6610/PLTV/88888888/224/3221227193/index.m3u8?servicetype=1&IASHttpSessionId=RR423820220409134714119178, From: subscribe, IPv_Type: ipv6, Location: 中国, ISP: 中国移动, Date: None, Delay: 0.1 ms, Speed: inf M/s, Resolution: 1920x1080
Name: 浙江卫视, URL: http://[2409:8087:3428:20:500::1009]:6610/PLTV/88888888/224/3221225825/index.m3u8?servicetype=1&IASHttpSessionId=RR423820220409134714119178, From: subscribe, IPv_Type: ipv6, Location: 中国, ISP: 中国移动, Date: None, Delay: 0.1 ms, Speed: inf M/s, Resolution: 1920x1080
Name: 浙江卫视, URL: http://[2409:8087:2001:20:2800:0:df6e:eb11]/ott.mobaibox.com/PLTV/3/224/3221227491/index.m3u8, From: subscribe, IPv_Type: ipv6, Location: 中国, ISP: 中国移动, Date: None, Delay: 0.1 ms, Speed: inf M/s, Resolution: 1920x1080
Name: 浙江卫视, URL: http://[2409:8087:2001:20:2800:0:df6e:eb06]:80/wh7f454c46tw1549378093_1832251100/ott.mobaibox.com/PLTV/3/224/3221227215/index.m3u8?icpid=3&RTS=1674385959&from=40&popid=40&hms_devid=2036&prioritypopid=40&vqe=3, From: subscribe, IPv_Type: ipv6, Location: 中国, ISP: 中国移动, Date: None, Delay: 0.1 ms, Speed: inf M/s, Resolution: 1920x1080
Name: 浙江卫视, URL: http://[2409:8087:2001:20:2800:0:df6e:eb0c]:80/wh7f454c46tw2054729514_1244097787/ott.mobaibox.com/PLTV/3/224/3221227744/index.m3u8?icpid=3&RTS=1674386465&from=40&popid=40&hms_devid=2040&prioritypopid=40&vqe=3, From: subscribe, IPv_Type: ipv6, Location: 中国, ISP: 中国移动, Date: None, Delay: 0.1 ms, Speed: inf M/s, Resolution: 1920x1080
Name: 浙江卫视, URL: http://[2409:8087:2001:20:2800:0:df6e:eb02]:80/wh7f454c46tw206093655_-1531148960/ott.mobaibox.com/PLTV/3/224/3221227692/index.m3u8?icpid=3&RTS=1674380321&from=40&popid=40&hms_devid=2039&prioritypopid=40&vqe=3, From: subscribe, IPv_Type: ipv6, Location: 中国, ISP: 中国移动, Date: None, Delay: 0.1 ms, Speed: inf M/s, Resolution: 1920x1080
Name: 浙江卫视, URL: http://[2409:8087:2001:20:2800:0:df6e:eb0a]:80/wh7f454c46tw206230567_-371393331/ott.mobaibox.com/PLTV/3/224/3221228147/index.m3u8?icpid=3&RTS=1674380321&from=40&popid=40&hms_devid=2038&prioritypopid=40&vqe=3, From: subscribe, IPv_Type: ipv6, Location: 中国, ISP: 中国移动, Date: None, Delay: 0.1 ms, Speed: inf M/s, Resolution: 1920x1080
Name: 浙江卫视, URL: http://[2409:8087:1e03:21::42]:6610/cms001/ch00000090990000001023/index.m3u8, From: subscribe, IPv_Type: ipv6, Location: 中国, ISP: 中国移动, Date: None, Delay: 0.1 ms, Speed: inf M/s, Resolution: 1920x1080
Name: 浙江卫视, URL: http://[2409:8087:4c0a:22:1::11]:6410/170000001115/UmaiCHAN111130BESTVSMGSMG/index.m3u8?m3u8_level=2, From: subscribe, IPv_Type: ipv6, Location: 中国, ISP: 中国移动, Date: None, Delay: 0.1 ms, Speed: inf M/s, Resolution: 1920x1080
Name: 浙江卫视, URL: http://[2409:8087:5e01:34::38]:6610/ZTE_CMS/00000001000000060000000000000248/index.m3u8, From: subscribe, IPv_Type: ipv6, Location: 中国, ISP: 中国移动, Date: None, Delay: 0.1 ms, Speed: inf M/s, Resolution: 1920x1080
Name: 浙江卫视, URL: http://[2409:8087:5e00:24::1e]:6060/200000001898/460000089800010070/1.m3u8, From: subscribe, IPv_Type: ipv6, Location: 中国, ISP: 中国移动, Date: None, Delay: 0.1 ms, Speed: inf M/s, Resolution: 1920x1080
Name: 浙江卫视, URL: http://[2409:8087:5e00:24::1f]:6060/ZTE_CMS/00000001000000060000000000000248/index.m3u8, From: subscribe, IPv_Type: ipv6, Location: 中国, ISP: 中国移动, Date: None, Delay: 0.1 ms, Speed: inf M/s, Resolution: 1920x1080
Name: 浙江卫视, URL: http://[2409:8087:5e01:34::21]:6610/ZTE_CMS/00000001000000060000000000000248/index.m3u8?IAS, From: subscribe, IPv_Type: ipv6, Location: 中国, ISP: 中国移动, Date: None, Delay: 0.1 ms, Speed: inf M/s, Resolution: 1920x1080
Name: 浙江卫视, URL: http://[2409:8087:5e01:34::20]:6610/ZTE_CMS/00000001000000060000000000000248/index.m3u8?IAS, From: subscribe, IPv_Type: ipv6, Location: 中国, ISP: 中国移动, Date: None, Delay: 0.1 ms, Speed: inf M/s, Resolution: 1920x1080
Name: 浙江卫视, URL: http://[2409:8087:5e01:34::23]:6610/ZTE_CMS/00000001000000060000000000000248/index.m3u8?IAS, From: subscribe, IPv_Type: ipv6, Location: 中国, ISP: 中国移动, Date: None, Delay: 0.1 ms, Speed: inf M/s, Resolution: 1920x1080
Name: 浙江卫视, URL: http://[2409:8087:5e01:34::22]:6610/ZTE_CMS/00000001000000060000000000000248/index.m3u8?IAS, From: subscribe, IPv_Type: ipv6, Location: 中国, ISP: 中国移动, Date: None, Delay: 0.1 ms, Speed: inf M/s, Resolution: 1920x1080
Name: 浙江卫视, URL: http://[2409:8087:1a01:df::4077]/ottrrs.hl.chinamobile.com/PLTV/88888888/8/3221226339/index.m3u8, From: subscribe, IPv_Type: ipv6, Location: 中国, ISP: 中国移动, Date: None, Delay: 0.1 ms, Speed: inf M/s, Resolution: 1920x1080
Name: 浙江卫视, URL: http://[2409:8087:74f0:22::5]:6410/270000001128/9900000531/index.m3u8, From: subscribe, IPv_Type: ipv6, Location: 中国, ISP: 中国移动, Date: None, Delay: 0.1 ms, Speed: inf M/s, Resolution: 1920x1080
Name: 浙江卫视, URL: http://[2409:8087:1a01:df::7005]/ottrrs.hl.chinamobile.com/PLTV/88888888/224/3221226339/index.m3u8, From: subscribe, IPv_Type: ipv6, Location: 中国, ISP: 中国移动, Date: None, Delay: 0.1 ms, Speed: inf M/s, Resolution: 1920x1080
Name: 浙江卫视, URL: http://[2409:8087:74f0:22::4]:6410/270000001128/9900000531/index.m3u8, From: subscribe, IPv_Type: ipv6, Location: 中国, ISP: 中国移动, Date: None, Delay: 0.1 ms, Speed: inf M/s, Resolution: 1920x1080
Name: 浙江卫视, URL: http://[2409:8087:5e08:24::12]:6610/200000001898/460000089800010070/1.m3u8, From: subscribe, IPv_Type: ipv6, Location: 中国, ISP: 中国移动, Date: None, Delay: 0.1 ms, Speed: inf M/s, Resolution: 1920x1080
Name: 浙江卫视, URL: http://[2409:8087:8:21::18]:6610/otttv.bj.chinamobile.com/PLTV/88888888/224/3221226899/1.m3u8?GuardEncType=2&accountinfo=%7E%7EV2.0%7ETYfTgTra_pUx2cPrgZ_BDw%7EtP4-l0lmSfjwLWEfK_el1vH_mv-s1zo4AQJwdedaVwG9xkuFTDg8J26cwOrNJzn20BErrHdLhuZ9EzLUCD3PMW-OMx4MGteHV2vLeW6BqoY%2CEND, From: subscribe, IPv_Type: ipv6, Location: 中国, ISP: 中国移动, Date: None, Delay: -1 ms, Speed: 0.00 M/s, Resolution: None
Name: 浙江卫视, URL: http://[2409:8087:3869:8021:1001::e5]:6610/PLTV/88888910/224/3221225703/index.m3u8, From: subscribe, IPv_Type: ipv6, Location: 中国, ISP: 中国移动, Date: None, Delay: -1 ms, Speed: 0.00 M/s, Resolution: None
Name: 浙江卫视, URL: http://[2409:8087:1a15:10d1::36]/ottrrs.hl.chinamobile.com/PLTV/88888888/224/3221225612/index.m3u8, From: subscribe, IPv_Type: ipv6, Location: 中国, ISP: 中国移动, Date: None, Delay: -1 ms, Speed: 0.00 M/s, Resolution: None
Name: 浙江卫视, URL: http://[2409:8087:5e08:25::16]:6610/200000001898/460000089800010070/1.m3u8, From: subscribe, IPv_Type: ipv6, Location: 中国, ISP: 中国移动, Date: None, Delay: -1 ms, Speed: 0.00 M/s, Resolution: None
Name: 浙江卫视, URL: https://mursor.ottiptv.cc/mcp/zhejiang.m3u8, From: subscribe, IPv_Type: ipv6, Location: 美国, ISP: Oracle Corporation, Date: None, Delay: -1 ms, Speed: 0.00 M/s, Resolution: None
Name: 浙江卫视, URL: https://migu.188766.xyz/?migutoken=754bb07c57383fc11a0257f77bf54149&id=%E6%B5%99%E6%B1%9F%E5%8D%AB%E8%A7%86&pp=1, From: subscribe, IPv_Type: ipv6, Location: 美国, ISP: CloudFlare Inc., Date: None, Delay: -1 ms, Speed: 0.00 M/s, Resolution: None
Name: 浙江卫视, URL: https://cc06.tv12.xyz/117.m3u8, From: subscribe, IPv_Type: ipv6, Location: 美国, ISP: CloudFlare Inc., Date: None, Delay: -1 ms, Speed: 0.00 M/s, Resolution: None
Name: 浙江卫视, URL: https://migu.188766.xyz/?migutoken=e8f0288b5556d17794958120eca025f7&id=%E6%B5%99%E6%B1%9F%E5%8D%AB%E8%A7%86&pp=1, From: subscribe, IPv_Type: ipv6, Location: 美国, ISP: CloudFlare Inc., Date: None, Delay: -1 ms, Speed: 0.00 M/s, Resolution: None
Name: 浙江卫视, URL: https://migu.188766.xyz/?migutoken=8a5eb65f24c81c5fe41e46840eca7852&id=z_jws&type=sz, From: subscribe, IPv_Type: ipv6, Location: 美国, ISP: CloudFlare Inc., Date: None, Delay: -1 ms, Speed: 0.00 M/s, Resolution: None
Name: 湖南卫视, URL: https://iptv.catvod.com/live.php?id=%E6%B9%96%E5%8D%97%E5%8D%AB%E8%A7%86%E5%8F%B0, From: local, IPv_Type: ipv6, Location: 美国, ISP: CloudFlare Inc., Date: None, Delay: -1 ms, Speed: 0.00 M/s, Resolution: None
Name: 湖南卫视, URL: https://iptv.catvod.com/live.php?id=%E6%B9%96%E5%8D%97, From: local, IPv_Type: ipv6, Location: 美国, ISP: CloudFlare Inc., Date: None, Delay: -1 ms, Speed: 0.00 M/s, Resolution: None
Name: 湖南卫视, URL: https://iptv.catvod.com/live.php?id=%E6%B9%96%E5%8D%97%E5%8D%AB%E8%A7%86, From: local, IPv_Type: ipv6, Location: 美国, ISP: CloudFlare Inc., Date: None, Delay: -1 ms, Speed: 0.00 M/s, Resolution: None
Name: 湖南卫视, URL: https://iptv.catvod.com/live.php?id=%E6%B9%96%E5%8D%97%E5%8D%AB%E8%A7%864K%E5%8F%B0, From: local, IPv_Type: ipv6, Location: 美国, ISP: CloudFlare Inc., Date: None, Delay: -1 ms, Speed: 0.00 M/s, Resolution: None
Name: 湖南卫视, URL: http://php.jdshipin.com/TVOD/hnyd.php?id=200000001898/460000089800010058, From: subscribe, IPv_Type: ipv6, Location: 美国, ISP: CloudFlare Inc., Date: None, Delay: 0.1 ms, Speed: inf M/s, Resolution: 1920x1080
Name: 湖南卫视, URL: http://z.b.bkpcp.top/m.php?id=hunws, From: subscribe, IPv_Type: ipv6, Location: 美国, ISP: CloudFlare Inc., Date: None, Delay: 0.1 ms, Speed: inf M/s, Resolution: 1920x1080
Name: 湖南卫视, URL: http://j.x.bkpcp.top/jx/HUNANHD, From: subscribe, IPv_Type: ipv6, Location: 美国, ISP: CloudFlare Inc., Date: None, Delay: 0.1 ms, Speed: inf M/s, Resolution: 1920x1080
Name: 湖南卫视, URL: http://iptv.huuc.edu.cn/hls/hunanhd.m3u8, From: subscribe, IPv_Type: ipv6, Location: 中国, ISP: 教育网, Date: None, Delay: 0.1 ms, Speed: inf M/s, Resolution: 1920x1080
Name: 湖南卫视, URL: http://dsj.motem.top:8880/bptv/10000100000000050000000003873458.m3u8, From: subscribe, IPv_Type: ipv6, Location: 美国, ISP: CloudFlare Inc., Date: None, Delay: 0.1 ms, Speed: inf M/s, Resolution: 1920x1080
Name: 湖南卫视, URL: http://[2409:8087:1a0a:df::404b]/ottrrs.hl.chinamobile.com/TVOD/88888888/224/3221225610/index.m3u8, From: subscribe, IPv_Type: ipv6, Location: 中国, ISP: 中国移动, Date: None, Delay: 0.1 ms, Speed: inf M/s, Resolution: 1920x1080
Name: 湖南卫视, URL: http://[2409:8087:8:21::18]:6610/otttv.bj.chinamobile.com/PLTV/88888888/224/3221226493/1.m3u8, From: subscribe, IPv_Type: ipv6, Location: 中国, ISP: 中国移动, Date: None, Delay: 0.1 ms, Speed: inf M/s, Resolution: 1920x1080
Name: 湖南卫视, URL: http://[2409:8087:8:21::18]:6610/otttv.bj.chinamobile.com/PLTV/88888888/224/3221226509/1.m3u8, From: subscribe, IPv_Type: ipv6, Location: 中国, ISP: 中国移动, Date: None, Delay: 0.1 ms, Speed: inf M/s, Resolution: 1920x1080
Name: 湖南卫视, URL: http://[2409:8087:1e03:21::42]:6610/cms001/ch00000090990000001026/index.m3u8, From: subscribe, IPv_Type: ipv6, Location: 中国, ISP: 中国移动, Date: None, Delay: 0.1 ms, Speed: inf M/s, Resolution: 1920x1080
Name: 湖南卫视, URL: http://[2409:8087:1e03:21::2]:6060/cms001/ch00000090990000001026/index.m3u8, From: subscribe, IPv_Type: ipv6, Location: 中国, ISP: 中国移动, Date: None, Delay: 0.1 ms, Speed: inf M/s, Resolution: 1920x1080
Name: 湖南卫视, URL: http://[2409:8087:4402:20:1:1216:401:3b]/iptv.cdn.ha.chinamobile.com/PLTV/88888888/224/3221226659/index.m3u8, From: subscribe, IPv_Type: ipv6, Location: 中国, ISP: 中国移动, Date: None, Delay: 0.1 ms, Speed: inf M/s, Resolution: 1920x1080
Name: 湖南卫视, URL: http://[2409:8087:3428:20:500::100f]:6610/PLTV/88888888/224/3221225827/index.m3u8?servicetype=1&IASHttpSessionId=RR423820220409134714119178, From: subscribe, IPv_Type: ipv6, Location: 中国, ISP: 中国移动, Date: None, Delay: 0.1 ms, Speed: inf M/s, Resolution: 1920x1080
Name: 湖南卫视, URL: http://[2409:8087:3428:20:500::1009]:6610/PLTV/88888888/224/3221225827/index.m3u8?servicetype=1&IASHttpSessionId=RR423820220409134714119178, From: subscribe, IPv_Type: ipv6, Location: 中国, ISP: 中国移动, Date: None, Delay: 0.1 ms, Speed: inf M/s, Resolution: 1920x1080
Name: 湖南卫视, URL: http://[2409:8087:2001:20:2800:0:df6e:eb16]:80/ott.mobaibox.com/PLTV/4/224/3221227482/index.m3u8, From: subscribe, IPv_Type: ipv6, Location: 中国, ISP: 中国移动, Date: None, Delay: 0.1 ms, Speed: inf M/s, Resolution: 1920x1080
Name: 湖南卫视, URL: http://[2409:8087:3428:20:500::100f]:6610/PLTV/88888888/224/3221227232/index.m3u8?servicetype=1&IASHttpSessionId=RR423820220409134714119178, From: subscribe, IPv_Type: ipv6, Location: 中国, ISP: 中国移动, Date: None, Delay: 0.1 ms, Speed: inf M/s, Resolution: 1920x1080
Name: 湖南卫视, URL: http://yc.myds.me:35455/itv/5000000004000006692.m3u8?cdn=bestzb, From: subscribe, IPv_Type: ipv6, Location: 中国, ISP: 中国电信, Date: None, Delay: 0.1 ms, Speed: inf M/s, Resolution: 1920x1080
Name: 湖南卫视, URL: http://nas.suntao.online:35455/itv/5000000004000006692.m3u8?cdn=bestzb, From: subscribe, IPv_Type: ipv6, Location: 中国, ISP: 中国联通, Date: None, Delay: 0.1 ms, Speed: inf M/s, Resolution: 1920x1080
Name: 湖南卫视, URL: http://dbiptv.sn.chinamobile.com/PLTV/88888888/224/3221225799/1.m3u8, From: subscribe, IPv_Type: ipv6, Location: 中国, ISP: 中国移动, Date: None, Delay: 0.1 ms, Speed: inf M/s, Resolution: 1920x1080
Name: 湖南卫视, URL: https://stream1.freetv.fun/02b28f4fff585b935f49eea8a227955acd8b076ffd2832dd2d46031f3925c31a.m3u8, From: subscribe, IPv_Type: ipv6, Location: 美国, ISP: CloudFlare Inc., Date: None, Delay: 0.1 ms, Speed: inf M/s, Resolution: 1920x1080
Name: 湖南卫视, URL: https://stream1.freetv.fun/a1bdb73d7739fce77368508dc82aff2bf83a73441468e548a9004f0763f6cb35.m3u8, From: subscribe, IPv_Type: ipv6, Location: 美国, ISP: CloudFlare Inc., Date: None, Delay: 0.1 ms, Speed: inf M/s, Resolution: 1920x1080
Name: 湖南卫视, URL: https://stream1.freetv.fun/3addbcd2d23c56ddc32c16f652c4718410dc3e760468b4b14a33cfc2a7e84d52.m3u8, From: subscribe, IPv_Type: ipv6, Location: 美国, ISP: CloudFlare Inc., Date: None, Delay: 0.1 ms, Speed: inf M/s, Resolution: 1920x1080
Name: 湖南卫视, URL: https://stream1.freetv.fun/a1f6a19e5c3cb69d177c2c23685c4f9a9fff147858f762c1f009ca40d91bd2aa.m3u8, From: subscribe, IPv_Type: ipv6, Location: 美国, ISP: CloudFlare Inc., Date: None, Delay: 0.1 ms, Speed: inf M/s, Resolution: 1920x1080
Name: 湖南卫视, URL: https://stream1.freetv.fun/de66f0e2a8ae04c059b513a80449d5cc48463d9bee3e01e241a7c776d420d13a.m3u8, From: subscribe, IPv_Type: ipv6, Location: 美国, ISP: CloudFlare Inc., Date: None, Delay: 0.1 ms, Speed: inf M/s, Resolution: 1920x1080
Name: 湖南卫视, URL: https://stream1.freetv.fun/ee2701164e3077afe601326c475f60d17f4c82fc2988f8ae7053c350ddf8fda6.m3u8, From: subscribe, IPv_Type: ipv6, Location: 美国, ISP: CloudFlare Inc., Date: None, Delay: 0.1 ms, Speed: inf M/s, Resolution: 1920x1080
Name: 湖南卫视, URL: https://stream1.freetv.fun/b06a69fc1f704977ea40e8cdacc211ffb6c3b0b4713504f7fe7383cba1decd31.m3u8, From: subscribe, IPv_Type: ipv6, Location: 美国, ISP: CloudFlare Inc., Date: None, Delay: 0.1 ms, Speed: inf M/s, Resolution: 1920x1080
Name: 湖南卫视, URL: https://stream1.freetv.fun/5f57f38f549db9a3a2c3bd3ee1f755d9d29e0f2cfa6af6d1870b27d446807381.m3u8, From: subscribe, IPv_Type: ipv6, Location: 美国, ISP: CloudFlare Inc., Date: None, Delay: 0.1 ms, Speed: inf M/s, Resolution: 1920x1080
Name: 湖南卫视, URL: https://stream1.freetv.fun/855f864a753430bdff0af1fa8b70958abde850657a3a03ebffc59580f6b826ae.m3u8, From: subscribe, IPv_Type: ipv6, Location: 美国, ISP: CloudFlare Inc., Date: None, Delay: 0.1 ms, Speed: inf M/s, Resolution: 1920x1080
Name: 湖南卫视, URL: https://stream1.freetv.fun/95c362f9fa908fd8a2eb7b94303c480dd99e8de01244cb72ba5a85dcbc121437.m3u8, From: subscribe, IPv_Type: ipv6, Location: 美国, ISP: CloudFlare Inc., Date: None, Delay: 0.1 ms, Speed: inf M/s, Resolution: 1920x1080
Name: 湖南卫视, URL: https://stream1.freetv.fun/4c9ed17b99d00d31663e2a1dd51e99df06d5e08390ddbdaae8c762e06420e26e.m3u8, From: subscribe, IPv_Type: ipv6, Location: 美国, ISP: CloudFlare Inc., Date: None, Delay: 0.1 ms, Speed: inf M/s, Resolution: 1920x1080
Name: 湖南卫视, URL: https://stream1.freetv.fun/f2b4f1257679ac5705b60ad927003ba3615bfa2b88e85f60f77cea00c422b661.m3u8, From: subscribe, IPv_Type: ipv6, Location: 美国, ISP: CloudFlare Inc., Date: None, Delay: 0.1 ms, Speed: inf M/s, Resolution: 1920x1080
Name: 湖南卫视, URL: https://stream1.freetv.fun/44742c201d98e08645e55d00b1eaf24e88106dfbf729a2c8e05b54d81231fcee.m3u8, From: subscribe, IPv_Type: ipv6, Location: 美国, ISP: CloudFlare Inc., Date: None, Delay: 0.1 ms, Speed: inf M/s, Resolution: 1920x1080
Name: 湖南卫视, URL: https://stream1.freetv.fun/6e1e8c8fa9c78b07103b13720938ec0762ed29ef240391c58de8287f6e030a9a.m3u8, From: subscribe, IPv_Type: ipv6, Location: 美国, ISP: CloudFlare Inc., Date: None, Delay: 0.1 ms, Speed: inf M/s, Resolution: 1920x1080
Name: 湖南卫视, URL: https://stream1.freetv.fun/617c2068ca028b4d07e68696983047275cd46704b115ff77f296339e05bc5080.m3u8, From: subscribe, IPv_Type: ipv6, Location: 美国, ISP: CloudFlare Inc., Date: None, Delay: 0.1 ms, Speed: inf M/s, Resolution: 1920x1080
Name: 湖南卫视, URL: https://stream1.freetv.fun/8f9c1b950218b09e8fb1b0d6b7416bdf4a4635a03c2f67f7880010d106038137.m3u8, From: subscribe, IPv_Type: ipv6, Location: 美国, ISP: CloudFlare Inc., Date: None, Delay: 0.1 ms, Speed: inf M/s, Resolution: 1920x1080
Name: 湖南卫视, URL: https://stream1.freetv.fun/98483d49b7664cad39569fa5fe740d789fc54ce26dda630432eefd8647a9885b.m3u8, From: subscribe, IPv_Type: ipv6, Location: 美国, ISP: CloudFlare Inc., Date: None, Delay: 0.1 ms, Speed: inf M/s, Resolution: 1920x1080
Name: 湖南卫视, URL: https://stream1.freetv.fun/8109af647f56702f17e3fbffe6ca2766a6364dcaf3078e086513d7b6ed02b365.m3u8, From: subscribe, IPv_Type: ipv6, Location: 美国, ISP: CloudFlare Inc., Date: None, Delay: 0.1 ms, Speed: inf M/s, Resolution: 1920x1080
Name: 湖南卫视, URL: https://stream1.freetv.fun/ef71867a8644735b09f5399278a3ce67b0cd46e1100159c789b9240a5bf4c2bb.m3u8, From: subscribe, IPv_Type: ipv6, Location: 美国, ISP: CloudFlare Inc., Date: None, Delay: 0.1 ms, Speed: inf M/s, Resolution: 1920x1080
Name: 湖南卫视, URL: http://hwrr.jx.chinamobile.com:8080/PLTV/88888888/224/3221225490/index.m3u8?fmt=ts2hls, From: subscribe, IPv_Type: ipv6, Location: 中国, ISP: 中国移动, Date: None, Delay: 0.1 ms, Speed: inf M/s, Resolution: 1920x1080
Name: 湖南卫视, URL: http://[2409:8087:3428:20:500::100f]:6610/PLTV/88888888/224/3221226851/index.m3u8?servicetype=1&IASHttpSessionId=RR423820220409134714119178, From: subscribe, IPv_Type: ipv6, Location: 中国, ISP: 中国移动, Date: None, Delay: 0.1 ms, Speed: inf M/s, Resolution: 1920x1080
Name: 湖南卫视, URL: http://[2409:8087:3428:20:500::1009]:6610/PLTV/88888888/224/3221227232/index.m3u8?servicetype=1&IASHttpSessionId=RR423820220409134714119178, From: subscribe, IPv_Type: ipv6, Location: 中国, ISP: 中国移动, Date: None, Delay: 0.1 ms, Speed: inf M/s, Resolution: 1920x1080
Name: 湖南卫视, URL: http://[2409:8087:3428:20:500::1009]:6610/PLTV/88888888/224/3221226851/index.m3u8?servicetype=1&IASHttpSessionId=RR423820220409134714119178, From: subscribe, IPv_Type: ipv6, Location: 中国, ISP: 中国移动, Date: None, Delay: 0.1 ms, Speed: inf M/s, Resolution: 1920x1080
Name: 湖南卫视, URL: http://[2409:8087:2001:20:2800:0:df6e:eb04]:80/wh7f454c46tw2055394169_1305357411/ott.mobaibox.com/PLTV/3/224/3221227220/index.m3u8?icpid=3&RTS=1674386465&from=40&popid=40&hms_devid=2041&prioritypopid=40&vqe=3, From: subscribe, IPv_Type: ipv6, Location: 中国, ISP: 中国移动, Date: None, Delay: 0.1 ms, Speed: inf M/s, Resolution: 1920x1080
Name: 湖南卫视, URL: http://[2409:8087:2001:20:2800:0:df6e:eb0c]:80/wh7f454c46tw1752929778_1854170372/ott.mobaibox.com/PLTV/3/224/3221227735/index.m3u8?icpid=3&RTS=1674386163&from=40&popid=40&hms_devid=2040&prioritypopid=40&vqe=3, From: subscribe, IPv_Type: ipv6, Location: 中国, ISP: 中国移动, Date: None, Delay: 0.1 ms, Speed: inf M/s, Resolution: 1920x1080
Name: 湖南卫视, URL: http://[2409:8087:2001:20:2800:0:df6e:eb02]:80/wh7f454c46tw211198975_1777940059/ott.mobaibox.com/PLTV/3/224/3221227698/index.m3u8?icpid=3&RTS=1674380326&from=40&popid=40&hms_devid=2039&prioritypopid=40&vqe=3, From: subscribe, IPv_Type: ipv6, Location: 中国, ISP: 中国移动, Date: None, Delay: 0.1 ms, Speed: inf M/s, Resolution: 1920x1080
Name: 湖南卫视, URL: http://[2409:8087:5e01:34::38]:6610/ZTE_CMS/00000001000000060000000000000174/index.m3u8, From: subscribe, IPv_Type: ipv6, Location: 中国, ISP: 中国移动, Date: None, Delay: 0.1 ms, Speed: inf M/s, Resolution: 1920x1080
Name: 湖南卫视, URL: http://[2409:8087:5e00:24::1f]:6060/ZTE_CMS/00000001000000060000000000000174/index.m3u8, From: subscribe, IPv_Type: ipv6, Location: 中国, ISP: 中国移动, Date: None, Delay: 0.1 ms, Speed: inf M/s, Resolution: 1920x1080
Name: 湖南卫视, URL: http://[2409:8087:4c0a:22:1::11]:6410/170000001115/UmaiCHAN181358BESTVSMGSMG9/index.m3u8?m3u8_level=2, From: subscribe, IPv_Type: ipv6, Location: 中国, ISP: 中国移动, Date: None, Delay: 0.1 ms, Speed: inf M/s, Resolution: 1920x1080
Name: 湖南卫视, URL: http://[2409:8087:5e01:34::23]:6610/ZTE_CMS/00000001000000060000000000000482/index.m3u8?IAS, From: subscribe, IPv_Type: ipv6, Location: 中国, ISP: 中国移动, Date: None, Delay: 0.1 ms, Speed: inf M/s, Resolution: 1920x1080
Name: 湖南卫视, URL: http://[2409:8087:5e01:34::21]:6610/ZTE_CMS/00000001000000060000000000000174/index.m3u8?IAS, From: subscribe, IPv_Type: ipv6, Location: 中国, ISP: 中国移动, Date: None, Delay: 0.1 ms, Speed: inf M/s, Resolution: 1920x1080
Name: 湖南卫视, URL: http://[2409:8087:5e01:34::22]:6610/ZTE_CMS/00000001000000060000000000000174/index.m3u8?IAS, From: subscribe, IPv_Type: ipv6, Location: 中国, ISP: 中国移动, Date: None, Delay: 0.1 ms, Speed: inf M/s, Resolution: 1920x1080
Name: 湖南卫视, URL: http://[2409:8087:5e01:34::20]:6610/ZTE_CMS/00000001000000060000000000000174/index.m3u8?IAS, From: subscribe, IPv_Type: ipv6, Location: 中国, ISP: 中国移动, Date: None, Delay: 0.1 ms, Speed: inf M/s, Resolution: 1920x1080
Name: 湖南卫视, URL: http://[2409:8087:5e01:34::23]:6610/ZTE_CMS/00000001000000060000000000000174/index.m3u8?IAS, From: subscribe, IPv_Type: ipv6, Location: 中国, ISP: 中国移动, Date: None, Delay: 0.1 ms, Speed: inf M/s, Resolution: 1920x1080
Name: 湖南卫视, URL: http://lu.wqwqwq.sbs/itv/1000000005000265024.m3u8?cdn=ystenlive, From: subscribe, IPv_Type: ipv6, Location: 美国, ISP: CloudFlare Inc., Date: None, Delay: 0.1 ms, Speed: inf M/s, Resolution: 1920x1080
Name: 湖南卫视, URL: http://[2409:8087:74f0:22::5]:6410/270000001128/9900000523/index.m3u8, From: subscribe, IPv_Type: ipv6, Location: 中国, ISP: 中国移动, Date: None, Delay: 0.1 ms, Speed: inf M/s, Resolution: 1920x1080
Name: 湖南卫视, URL: http://[2409:8087:1a01:df::7005]/ottrrs.hl.chinamobile.com/PLTV/88888888/224/3221226307/index.m3u8, From: subscribe, IPv_Type: ipv6, Location: 中国, ISP: 中国移动, Date: None, Delay: 0.1 ms, Speed: inf M/s, Resolution: 1920x1080
Name: 湖南卫视, URL: http://[2409:8087:5e00:24::1e]:6060/200000001898/460000089800010058/1.m3u8, From: subscribe, IPv_Type: ipv6, Location: 中国, ISP: 中国移动, Date: None, Delay: 0.1 ms, Speed: inf M/s, Resolution: 1920x1080
Name: 湖南卫视, URL: http://[2409:8087:3869:8021:1001::e5]:6610/PLTV/88888910/224/3221225704/index.m3u8, From: subscribe, IPv_Type: ipv6, Location: 中国, ISP: 中国移动, Date: None, Delay: -1 ms, Speed: 0.00 M/s, Resolution: None
Name: 湖南卫视, URL: http://[2409:8087:8:21::18]:6610/otttv.bj.chinamobile.com/PLTV/88888888/224/3221226509/1.m3u8?zoneoffset=480&servicetype=1&icpid=&limitflux=-1&limitdur=-1&tenantId=8601&accountinfo=%7E%7EV2.0%7EIGb_ib7rnBX9_sANRKq9sg%7EpK8OKM5JoJWWbLRyLfPcUMkwWZ90MzSI9S9PDltJsYzd0ZGcS3Tkh7syciNKJa-w60mDOdwtDyoNwCx9aRgzHNH9AUREV_qvNJtXHRPzYw0%7EExtInfo9bj61dxzlMXrsixrqcFYPg%3D%3D%3A20221022013542%2C915973%2C119.123.71.209%2C20221022013542%2C10000100000000050000000003873458%2C915973%2C-1%2C0%2C1%2C%2C%2C2%2C%2C%2C%2C2%2C%2C10000100000000060000000007253514_0%2CEND&GuardEncType=2, From: subscribe, IPv_Type: ipv6, Location: 中国, ISP: 中国移动, Date: None, Delay: -1 ms, Speed: 0.00 M/s, Resolution: None
Name: 湖南卫视, URL: http://rrs01.hw.gmcc.net:8088/PLTV/81/224/3221226698/1.m3u8, From: subscribe, IPv_Type: ipv6, Location: 中国, ISP: 中国移动, Date: None, Delay: -1 ms, Speed: 0.00 M/s, Resolution: None
Name: 湖南卫视, URL: https://migu.188766.xyz/?migutoken=ec26188e91410ebeb44f54597d4eb02f&id=%E6%B9%96%E5%8D%97%E5%8D%AB%E8%A7%86&pp=1, From: subscribe, IPv_Type: ipv6, Location: 美国, ISP: CloudFlare Inc., Date: None, Delay: -1 ms, Speed: 0.00 M/s, Resolution: None
Name: 湖南卫视, URL: http://[2409:8087:1a15:10d1::35]/ottrrs.hl.chinamobile.com/PLTV/88888888/224/3221225610/index.m3u8, From: subscribe, IPv_Type: ipv6, Location: 中国, ISP: 中国移动, Date: None, Delay: -1 ms, Speed: 0.00 M/s, Resolution: None
Name: 湖南卫视, URL: http://[2409:8087:5e08:25::16]:6610/200000001898/460000089800010058/1.m3u8, From: subscribe, IPv_Type: ipv6, Location: 中国, ISP: 中国移动, Date: None, Delay: -1 ms, Speed: 0.00 M/s, Resolution: None
Name: 湖南卫视, URL: https://mursor.ottiptv.cc/mcp/hunan.m3u8, From: subscribe, IPv_Type: ipv6, Location: 美国, ISP: Oracle Corporation, Date: None, Delay: -1 ms, Speed: 0.00 M/s, Resolution: None
Name: 湖南卫视, URL: https://cc06.tv12.xyz/57.m3u8, From: subscribe, IPv_Type: ipv6, Location: 美国, ISP: CloudFlare Inc., Date: None, Delay: -1 ms, Speed: 0.00 M/s, Resolution: None
Name: 湖南卫视, URL: https://smt.go-iptv.ggff.net/smart.php?id=hunan_twn&token=Goiptv, From: subscribe, IPv_Type: ipv6, Location: 美国, ISP: CloudFlare Inc., Date: None, Delay: -1 ms, Speed: 0.00 M/s, Resolution: None
Name: 湖南卫视, URL: https://migu.188766.xyz/?migutoken=d5d5ae4ea1c0cdd782fcdfadfdc931d7&id=hnws&type=sz, From: subscribe, IPv_Type: ipv6, Location: 美国, ISP: CloudFlare Inc., Date: None, Delay: -1 ms, Speed: 0.00 M/s, Resolution: None
Name: 湖南卫视, URL: https://migu.188766.xyz/?migutoken=adab63ffc0b243847b5614fa02ea9214&id=%E6%B9%96%E5%8D%97%E5%8D%AB%E8%A7%864K&pp=1, From: subscribe, IPv_Type: ipv6, Location: 美国, ISP: CloudFlare Inc., Date: None, Delay: -1 ms, Speed: 0.00 M/s, Resolution: None
Name: 北京卫视, URL: https://iptv.catvod.com/live.php?id=%E5%8C%97%E4%BA%AC%E5%8D%AB%E8%A7%86%E5%8F%B0, From: local, IPv_Type: ipv6, Location: 美国, ISP: CloudFlare Inc., Date: None, Delay: -1 ms, Speed: 0.00 M/s, Resolution: None
Name: 北京卫视, URL: https://iptv.catvod.com/live.php?id=%E5%8C%97%E4%BA%AC, From: local, IPv_Type: ipv6, Location: 美国, ISP: CloudFlare Inc., Date: None, Delay: -1 ms, Speed: 0.00 M/s, Resolution: None
Name: 北京卫视, URL: http://php.jdshipin.com/TVOD/hnyd.php?id=200000001898/460000089800010143, From: subscribe, IPv_Type: ipv6, Location: 美国, ISP: CloudFlare Inc., Date: None, Delay: 0.1 ms, Speed: inf M/s, Resolution: 1920x1080
Name: 北京卫视, URL: http://z.b.bkpcp.top/m.php?id=bjws, From: subscribe, IPv_Type: ipv6, Location: 美国, ISP: CloudFlare Inc., Date: None, Delay: 0.1 ms, Speed: inf M/s, Resolution: 1920x1080
Name: 北京卫视, URL: http://j.x.bkpcp.top/jx/BEIJHD, From: subscribe, IPv_Type: ipv6, Location: 美国, ISP: CloudFlare Inc., Date: None, Delay: 0.1 ms, Speed: inf M/s, Resolution: 1920x1080
Name: 北京卫视, URL: http://[2409:8087:1:20:20::2c]/otttv.bj.chinamobile.com/PLTV/88888888/224/3221226436/1.m3u8?GuardEncType=2&accountinfo=%7E%7EV2.0%7ElMQ3ov45VmhzipweN5VstQ%7E_eNUbgU9sJGUcVVduOMKhafLvQUgE_zlz_7pvDimJNPg_yZ8DZHTaSU92MIl_o3b%2CEND, From: subscribe, IPv_Type: ipv6, Location: 中国, ISP: 中国移动, Date: None, Delay: 0.1 ms, Speed: inf M/s, Resolution: 1920x1080
Name: 北京卫视, URL: http://iptv.huuc.edu.cn/hls/btv1hd.m3u8, From: subscribe, IPv_Type: ipv6, Location: 中国, ISP: 教育网, Date: None, Delay: 0.1 ms, Speed: inf M/s, Resolution: 1920x1080
Name: 北京卫视, URL: https://smart.pendy.dpdns.org/Smart.php?id=beijing, From: subscribe, IPv_Type: ipv6, Location: 美国, ISP: CloudFlare Inc., Date: None, Delay: 0.1 ms, Speed: inf M/s, Resolution: 1920x1080
Name: 北京卫视, URL: http://dsj.motem.top:8880/bptv/10000100000000050000000003870776.m3u8, From: subscribe, IPv_Type: ipv6, Location: 美国, ISP: CloudFlare Inc., Date: None, Delay: 0.1 ms, Speed: inf M/s, Resolution: 1920x1080
Name: 北京卫视, URL: http://[2409:8087:1a0a:df::404b]/ottrrs.hl.chinamobile.com/TVOD/88888888/224/3221226450/index.m3u8, From: subscribe, IPv_Type: ipv6, Location: 中国, ISP: 中国移动, Date: None, Delay: 0.1 ms, Speed: inf M/s, Resolution: 1920x1080
Name: 北京卫视, URL: http://[2409:8087:1a01:df::4077]/ottrrs.hl.chinamobile.com/PLTV/88888888/8/3221226450/index.m3u8, From: subscribe, IPv_Type: ipv6, Location: 中国, ISP: 中国移动, Date: None, Delay: 0.1 ms, Speed: inf M/s, Resolution: 1920x1080
Name: 北京卫视, URL: http://iptv.cdn.ha.chinamobile.com/PLTV/88888888/224/3221227179/index.m3u8, From: subscribe, IPv_Type: ipv6, Location: 中国, ISP: 中国移动, Date: None, Delay: 0.1 ms, Speed: inf M/s, Resolution: 1920x1080
Name: 北京卫视, URL: http://yc.myds.me:35455/itv/6000000001000020451.m3u8?cdn=wasusyt, From: subscribe, IPv_Type: ipv6, Location: 中国, ISP: 中国电信, Date: None, Delay: 0.1 ms, Speed: inf M/s, Resolution: 1920x1080
Name: 北京卫视, URL: http://nas.suntao.online:35455/itv/6000000001000020451.m3u8?cdn=wasusyt, From: subscribe, IPv_Type: ipv6, Location: 中国, ISP: 中国联通, Date: None, Delay: 0.1 ms, Speed: inf M/s, Resolution: 1920x1080
Name: 北京卫视, URL: https://stream1.freetv.fun/786bf920787f92216b3f39c74879c122dbb5dfe0f0d4082b5f43fdf3c8a75474.m3u8, From: subscribe, IPv_Type: ipv6, Location: 美国, ISP: CloudFlare Inc., Date: None, Delay: 0.1 ms, Speed: inf M/s, Resolution: 1920x1080
Name: 北京卫视, URL: https://stream1.freetv.fun/9a04539c74e46e6df1cc2314f4ad5b56e4f9183117ddabcaa54faf0f6fd2f6e4.m3u8, From: subscribe, IPv_Type: ipv6, Location: 美国, ISP: CloudFlare Inc., Date: None, Delay: 0.1 ms, Speed: inf M/s, Resolution: 1920x1080
Name: 北京卫视, URL: http://lu.wqwqwq.sbs/itv/1000000005000265027.m3u8?cdn=ystenlive, From: subscribe, IPv_Type: ipv6, Location: 美国, ISP: CloudFlare Inc., Date: None, Delay: 0.1 ms, Speed: inf M/s, Resolution: 1920x1080
Name: 北京卫视, URL: http://dbiptv.sn.chinamobile.com/PLTV/88888888/224/3221225796/1.m3u8, From: subscribe, IPv_Type: ipv6, Location: 中国, ISP: 中国移动, Date: None, Delay: 0.1 ms, Speed: inf M/s, Resolution: 1920x1080
Name: 北京卫视, URL: http://cdn.jdshipin.com:8880/ysp.php?id=bjws, From: subscribe, IPv_Type: ipv6, Location: 美国, ISP: CloudFlare Inc., Date: None, Delay: 0.1 ms, Speed: inf M/s, Resolution: 1920x1080
Name: 北京卫视, URL: https://stream1.freetv.fun/d72c92b51bcf39a00530b020cb2e90b28e57622feff7e4915cacde3469c044fd.m3u8, From: subscribe, IPv_Type: ipv6, Location: 美国, ISP: CloudFlare Inc., Date: None, Delay: 0.1 ms, Speed: inf M/s, Resolution: 1920x1080
Name: 北京卫视, URL: https://stream1.freetv.fun/19f46e0763d00ec0cad5540cb41c024b1f817eac5780199fbed455a9a5cc0256.m3u8, From: subscribe, IPv_Type: ipv6, Location: 美国, ISP: CloudFlare Inc., Date: None, Delay: 0.1 ms, Speed: inf M/s, Resolution: 1920x1080
Name: 北京卫视, URL: https://stream1.freetv.fun/72571dcfa2deeb5757def46d5433417ae8430a3a7fad1ea45d459f58a771568d.m3u8, From: subscribe, IPv_Type: ipv6, Location: 美国, ISP: CloudFlare Inc., Date: None, Delay: 0.1 ms, Speed: inf M/s, Resolution: 1920x1080
Name: 北京卫视, URL: https://stream1.freetv.fun/d18ac7322433ae76836423994d1d40f1dff4c48870969cd9c11b11b7b89cc1c3.m3u8, From: subscribe, IPv_Type: ipv6, Location: 美国, ISP: CloudFlare Inc., Date: None, Delay: 0.1 ms, Speed: inf M/s, Resolution: 1920x1080
Name: 北京卫视, URL: https://stream1.freetv.fun/5836a93c4e0bc4d1b0cb3313e2dbe6ee812e31fbb2cbe5eb73b33d087ce62746.m3u8, From: subscribe, IPv_Type: ipv6, Location: 美国, ISP: CloudFlare Inc., Date: None, Delay: 0.1 ms, Speed: inf M/s, Resolution: 1920x1080
Name: 北京卫视, URL: https://stream1.freetv.fun/4818396cf704a1fe08bc0f303152581f80cdd52f250f909e4989ffb3e3ca1f38.m3u8, From: subscribe, IPv_Type: ipv6, Location: 美国, ISP: CloudFlare Inc., Date: None, Delay: 0.1 ms, Speed: inf M/s, Resolution: 1920x1080
Name: 北京卫视, URL: https://stream1.freetv.fun/81c57e64229ee26513ec49252330adea92adafa87cfe9d56626cf1847172632e.m3u8, From: subscribe, IPv_Type: ipv6, Location: 美国, ISP: CloudFlare Inc., Date: None, Delay: 0.1 ms, Speed: inf M/s, Resolution: 1920x1080
Name: 北京卫视, URL: https://stream1.freetv.fun/51166c851b4753ec0e72441db024e4c5eea171a0e77a277480256ad29b8e1333.m3u8, From: subscribe, IPv_Type: ipv6, Location: 美国, ISP: CloudFlare Inc., Date: None, Delay: 0.1 ms, Speed: inf M/s, Resolution: 1920x1080
Name: 北京卫视, URL: https://stream1.freetv.fun/46ab56946a7aefb0c2efaeead6add73416a1f38b70b457f35faaf98ca19d9321.m3u8, From: subscribe, IPv_Type: ipv6, Location: 美国, ISP: CloudFlare Inc., Date: None, Delay: 0.1 ms, Speed: inf M/s, Resolution: 1920x1080
Name: 北京卫视, URL: https://stream1.freetv.fun/bfd48a0fc057ee1c7fc8b6cac592b9f9ca1cfd00b2ef04c0c68f6fea69970b27.m3u8, From: subscribe, IPv_Type: ipv6, Location: 美国, ISP: CloudFlare Inc., Date: None, Delay: 0.1 ms, Speed: inf M/s, Resolution: 1920x1080
Name: 北京卫视, URL: https://stream1.freetv.fun/a2b77b13f92531d7d4caf730dc6335d64bf721447832027bbc45fc614c5a3d64.m3u8, From: subscribe, IPv_Type: ipv6, Location: 美国, ISP: CloudFlare Inc., Date: None, Delay: 0.1 ms, Speed: inf M/s, Resolution: 1920x1080
Name: 北京卫视, URL: https://stream1.freetv.fun/c5769ca8df272ca99803feebc655cd01b1e4e663d4a4550d86ee338e1058ccfb.m3u8, From: subscribe, IPv_Type: ipv6, Location: 美国, ISP: CloudFlare Inc., Date: None, Delay: 0.1 ms, Speed: inf M/s, Resolution: 1920x1080
Name: 北京卫视, URL: https://stream1.freetv.fun/ee7dbd9683ac6cf88aba32e1143668af708da41d4f9934eb8cf218a7b9a79710.m3u8, From: subscribe, IPv_Type: ipv6, Location: 美国, ISP: CloudFlare Inc., Date: None, Delay: 0.1 ms, Speed: inf M/s, Resolution: 1920x1080
Name: 北京卫视, URL: http://hwrr.jx.chinamobile.com:8080/PLTV/88888888/224/3221225600/index.m3u8?fmt=ts2hls, From: subscribe, IPv_Type: ipv6, Location: 中国, ISP: 中国移动, Date: None, Delay: 0.1 ms, Speed: inf M/s, Resolution: 1920x1080
Name: 北京卫视, URL: http://[2409:8087:2001:20:2800:0:df6e:eb0b]/wh7f454c46tw2687876293_-1703018199/ott.mobaibox.com/PLTV/3/224/3221227508/index.m3u8?icpid=3&RTS=1668597482&from=40&popid=40&hms_devid=2038&prioritypopid=40&vqe=3, From: subscribe, IPv_Type: ipv6, Location: 中国, ISP: 中国移动, Date: None, Delay: 0.1 ms, Speed: inf M/s, Resolution: 1920x1080
Name: 北京卫视, URL: http://[2409:8087:2001:20:2800:0:df6e:eb12]:80/ott.mobaibox.com/PLTV/4/224/3221228115/index.m3u8, From: subscribe, IPv_Type: ipv6, Location: 中国, ISP: 中国移动, Date: None, Delay: 0.1 ms, Speed: inf M/s, Resolution: 1920x1080
Name: 北京卫视, URL: http://[2409:8087:3428:20:500::100f]:6610/PLTV/88888888/224/3221225826/index.m3u8?servicetype=1&IASHttpSessionId=RR423820220409134714119178, From: subscribe, IPv_Type: ipv6, Location: 中国, ISP: 中国移动, Date: None, Delay: 0.1 ms, Speed: inf M/s, Resolution: 1920x1080
Name: 北京卫视, URL: http://[2409:8087:3428:20:500::1009]:6610/PLTV/88888888/224/3221225826/index.m3u8?servicetype=1&IASHttpSessionId=RR423820220409134714119178, From: subscribe, IPv_Type: ipv6, Location: 中国, ISP: 中国移动, Date: None, Delay: 0.1 ms, Speed: inf M/s, Resolution: 1920x1080
Name: 北京卫视, URL: http://[2409:8087:2001:20:2800:0:df6e:eb07]:80/wh7f454c46tw2053622677_1535084124/ott.mobaibox.com/PLTV/3/224/3221227246/index.m3u8?icpid=3&RTS=1674386464&from=40&popid=40&hms_devid=2036&prioritypopid=40&vqe=3, From: subscribe, IPv_Type: ipv6, Location: 中国, ISP: 中国移动, Date: None, Delay: 0.1 ms, Speed: inf M/s, Resolution: 1920x1080
Name: 北京卫视, URL: http://[2409:8087:2001:20:2800:0:df6e:eb03]:80/wh7f454c46tw1747628339_39925349/ott.mobaibox.com/PLTV/3/224/3221227694/index.m3u8?icpid=3&RTS=1674386158&from=40&popid=40&hms_devid=2039&prioritypopid=40&vqe=3, From: subscribe, IPv_Type: ipv6, Location: 中国, ISP: 中国移动, Date: None, Delay: 0.1 ms, Speed: inf M/s, Resolution: 1920x1080
Name: 北京卫视, URL: http://[2409:8087:1e03:21::42]:6610/cms001/ch00000090990000001029/index.m3u8, From: subscribe, IPv_Type: ipv6, Location: 中国, ISP: 中国移动, Date: None, Delay: 0.1 ms, Speed: inf M/s, Resolution: 1920x1080
Name: 北京卫视, URL: http://[2409:8087:5e01:34::38]:6610/ZTE_CMS/00000001000000060000000000000173/index.m3u8, From: subscribe, IPv_Type: ipv6, Location: 中国, ISP: 中国移动, Date: None, Delay: 0.1 ms, Speed: inf M/s, Resolution: 1920x1080
Name: 北京卫视, URL: http://[2409:8087:4c0a:22:1::11]:6410/170000001115/UmaiCHAN181361BESTVSMGSMG/index.m3u8?m3u8_level=2, From: subscribe, IPv_Type: ipv6, Location: 中国, ISP: 中国移动, Date: None, Delay: 0.1 ms, Speed: inf M/s, Resolution: 1920x1080
Name: 北京卫视, URL: http://[2409:8087:5e01:34::22]:6610/ZTE_CMS/00000001000000060000000000000173/index.m3u8?IAS, From: subscribe, IPv_Type: ipv6, Location: 中国, ISP: 中国移动, Date: None, Delay: 0.1 ms, Speed: inf M/s, Resolution: 1920x1080
Name: 北京卫视, URL: http://[2409:8087:5e00:24::1f]:6060/ZTE_CMS/00000001000000060000000000000173/index.m3u8, From: subscribe, IPv_Type: ipv6, Location: 中国, ISP: 中国移动, Date: None, Delay: 0.1 ms, Speed: inf M/s, Resolution: 1920x1080
Name: 北京卫视, URL: http://[2409:8087:5e01:34::23]:6610/ZTE_CMS/00000001000000060000000000000173/index.m3u8?IAS, From: subscribe, IPv_Type: ipv6, Location: 中国, ISP: 中国移动, Date: None, Delay: 0.1 ms, Speed: inf M/s, Resolution: 1920x1080
Name: 北京卫视, URL: http://[2409:8087:5e01:34::20]:6610/ZTE_CMS/00000001000000060000000000000173/index.m3u8?IAS, From: subscribe, IPv_Type: ipv6, Location: 中国, ISP: 中国移动, Date: None, Delay: 0.1 ms, Speed: inf M/s, Resolution: 1920x1080
Name: 北京卫视, URL: http://[2409:8087:5e01:34::21]:6610/ZTE_CMS/00000001000000060000000000000173/index.m3u8?IAS, From: subscribe, IPv_Type: ipv6, Location: 中国, ISP: 中国移动, Date: None, Delay: 0.1 ms, Speed: inf M/s, Resolution: 1920x1080
Name: 北京卫视, URL: http://[2409:8087:1e03:21::2]:6060/cms001/ch00000090990000001029/index.m3u8, From: subscribe, IPv_Type: ipv6, Location: 中国, ISP: 中国移动, Date: None, Delay: 0.1 ms, Speed: inf M/s, Resolution: 1920x1080
Name: 北京卫视, URL: http://[2409:8087:3428:20:500::100f]:6610/PLTV/88888888/224/3221227246/index.m3u8?servicetype=1&IASHttpSessionId=RR423820220409134714119178, From: subscribe, IPv_Type: ipv6, Location: 中国, ISP: 中国移动, Date: None, Delay: 0.1 ms, Speed: inf M/s, Resolution: 1920x1080
Name: 北京卫视, URL: http://[2409:8087:3428:20:500::1009]:6610/PLTV/88888888/224/3221227246/index.m3u8?servicetype=1&IASHttpSessionId=RR423820220409134714119178, From: subscribe, IPv_Type: ipv6, Location: 中国, ISP: 中国移动, Date: None, Delay: 0.1 ms, Speed: inf M/s, Resolution: 1920x1080
Name: 北京卫视, URL: http://[2409:8087:5e00:24::1e]:6060/200000001898/460000089800010143/1.m3u8, From: subscribe, IPv_Type: ipv6, Location: 中国, ISP: 中国移动, Date: None, Delay: 0.1 ms, Speed: inf M/s, Resolution: 1920x1080
Name: 北京卫视, URL: http://[2409:8087:74f0:22::6]:6410/270000001128/9900000516/index.m3u8, From: subscribe, IPv_Type: ipv6, Location: 中国, ISP: 中国移动, Date: None, Delay: 0.1 ms, Speed: inf M/s, Resolution: 1920x1080
Name: 北京卫视, URL: http://[2409:8087:1a01:df::7005]/ottrrs.hl.chinamobile.com/PLTV/88888888/224/3221226450/index.m3u8, From: subscribe, IPv_Type: ipv6, Location: 中国, ISP: 中国移动, Date: None, Delay: 0.1 ms, Speed: inf M/s, Resolution: 1920x1080
Name: 北京卫视, URL: http://[2409:8087:5e00:24::1e]:6060/200000001898/460000089800010043/1.m3u8, From: subscribe, IPv_Type: ipv6, Location: 中国, ISP: 中国移动, Date: None, Delay: 0.1 ms, Speed: inf M/s, Resolution: 1920x1080
Name: 北京卫视, URL: http://[2409:8087:3869:8021:1001::e5]:6610/PLTV/88888910/224/3221225674/index.m3u8, From: subscribe, IPv_Type: ipv6, Location: 中国, ISP: 中国移动, Date: None, Delay: -1 ms, Speed: 0.00 M/s, Resolution: None
Name: 北京卫视, URL: http://[2409:8087:8:21::18]:6610/otttv.bj.chinamobile.com/PLTV/88888888/224/3221226900/1.m3u8?GuardEncType=2&accountinfo=%7E%7EV2.0%7EcYPi33WFyhvd6SjmqUKhJg%7EtP4-l0lmSfjwLWEfK_el1vH_mv-s1zo4AQJwdedaVwG9xkuFTDg8J26cwOrNJzn20BErrHdLhuZ9EzLUCD3PMW-OMx4MGteHV2vLeW6BqoY%2CEND, From: subscribe, IPv_Type: ipv6, Location: 中国, ISP: 中国移动, Date: None, Delay: -1 ms, Speed: 0.00 M/s, Resolution: None
Name: 北京卫视, URL: http://rrs01.hw.gmcc.net:8088/PLTV/81/224/3221226719/1.m3u8, From: subscribe, IPv_Type: ipv6, Location: 中国, ISP: 中国移动, Date: None, Delay: -1 ms, Speed: 0.00 M/s, Resolution: None
Name: 北京卫视, URL: http://lml1971.cn:35455/gptv/G_BEIJING-4K.m3u8, From: subscribe, IPv_Type: ipv6, Location: 中国, ISP: 中国移动, Date: None, Delay: -1 ms, Speed: 0.00 M/s, Resolution: None
Name: 北京卫视, URL: http://[2409:8087:1a15:10d1::38]/ottrrs.hl.chinamobile.com/PLTV/88888888/224/3221225728/index.m3u8, From: subscribe, IPv_Type: ipv6, Location: 中国, ISP: 中国移动, Date: None, Delay: -1 ms, Speed: 0.00 M/s, Resolution: None
Name: 北京卫视, URL: http://[2409:8087:5e08:25::16]:6610/200000001898/460000089800010143/1.m3u8, From: subscribe, IPv_Type: ipv6, Location: 中国, ISP: 中国移动, Date: None, Delay: -1 ms, Speed: 0.00 M/s, Resolution: None
Name: 北京卫视, URL: https://mursor.ottiptv.cc/mcp/beijing.m3u8, From: subscribe, IPv_Type: ipv6, Location: 美国, ISP: Oracle Corporation, Date: None, Delay: -1 ms, Speed: 0.00 M/s, Resolution: None
Name: 北京卫视, URL: https://migu.188766.xyz/?migutoken=7195653519100795f1a965eed8bdf40a&id=%E5%8C%97%E4%BA%AC%E5%8D%AB%E8%A7%86&type=yy, From: subscribe, IPv_Type: ipv6, Location: 美国, ISP: CloudFlare Inc., Date: None, Delay: -1 ms, Speed: 0.00 M/s, Resolution: None
Name: 北京卫视, URL: http://cc02.tv12.xyz/1.m3u8, From: subscribe, IPv_Type: ipv6, Location: 美国, ISP: CloudFlare Inc., Date: None, Delay: -1 ms, Speed: 0.00 M/s, Resolution: None
Name: 北京卫视, URL: https://cc06.tv12.xyz/27.m3u8, From: subscribe, IPv_Type: ipv6, Location: 美国, ISP: CloudFlare Inc., Date: None, Delay: -1 ms, Speed: 0.00 M/s, Resolution: None
Name: 北京卫视, URL: https://migu.188766.xyz/?migutoken=1c0116bb30d2c2907adfaea11a71b408&id=%E5%8C%97%E4%BA%AC%E5%8D%AB%E8%A7%86&type=yy, From: subscribe, IPv_Type: ipv6, Location: 美国, ISP: CloudFlare Inc., Date: None, Delay: -1 ms, Speed: 0.00 M/s, Resolution: None
Name: 北京卫视, URL: http://satellitepull.cnr.cn/live/wxbtv/playlist.m3u8, From: subscribe, IPv_Type: ipv4, Location: 美国-德克萨斯州-达拉斯, ISP: 网宿科技CDN节点, Date: None, Delay: 57 ms, Speed: 1.53 M/s, Resolution: None
Name: 北京卫视4K, URL: https://iptv.catvod.com/live.php?id=%E5%8C%97%E4%BA%AC%E5%8D%AB%E8%A7%86%E5%8F%B0, From: local, IPv_Type: ipv6, Location: 美国, ISP: CloudFlare Inc., Date: None, Delay: -1 ms, Speed: 0.00 M/s, Resolution: None
Name: 北京卫视4K, URL: https://iptv.catvod.com/live.php?id=%E5%8C%97%E4%BA%AC, From: local, IPv_Type: ipv6, Location: 美国, ISP: CloudFlare Inc., Date: None, Delay: -1 ms, Speed: 0.00 M/s, Resolution: None
Name: 北京卫视4K, URL: https://iptv.catvod.com/live.php?id=%E5%8C%97%E4%BA%AC%E5%8D%AB%E8%A7%864K%E5%8F%B0, From: local, IPv_Type: ipv6, Location: 美国, ISP: CloudFlare Inc., Date: None, Delay: -1 ms, Speed: 0.00 M/s, Resolution: None
Name: 湖北卫视, URL: https://iptv.catvod.com/live.php?id=%E6%B9%96%E5%8C%97%E5%8D%AB%E8%A7%86%E5%8F%B0, From: local, IPv_Type: ipv6, Location: 美国, ISP: CloudFlare Inc., Date: None, Delay: -1 ms, Speed: 0.00 M/s, Resolution: None
Name: 湖北卫视, URL: https://iptv.catvod.com/live.php?id=%E6%B9%96%E5%8C%97, From: local, IPv_Type: ipv6, Location: 美国, ISP: CloudFlare Inc., Date: None, Delay: -1 ms, Speed: 0.00 M/s, Resolution: None
Name: 湖北卫视, URL: http://php.jdshipin.com/TVOD/hnyd.php?id=200000001898/460000089800010057, From: subscribe, IPv_Type: ipv6, Location: 美国, ISP: CloudFlare Inc., Date: None, Delay: 0.1 ms, Speed: inf M/s, Resolution: 1920x1080
Name: 湖北卫视, URL: http://z.b.bkpcp.top/m.php?id=hubws, From: subscribe, IPv_Type: ipv6, Location: 美国, ISP: CloudFlare Inc., Date: None, Delay: 0.1 ms, Speed: inf M/s, Resolution: 1920x1080
Name: 湖北卫视, URL: http://j.x.bkpcp.top/jx/HUBEIHD, From: subscribe, IPv_Type: ipv6, Location: 美国, ISP: CloudFlare Inc., Date: None, Delay: 0.1 ms, Speed: inf M/s, Resolution: 1920x1080
Name: 湖北卫视, URL: http://goo.bkpcp.top/mg/hubws, From: subscribe, IPv_Type: ipv6, Location: 美国, ISP: CloudFlare Inc., Date: None, Delay: 0.1 ms, Speed: inf M/s, Resolution: 1920x1080
Name: 湖北卫视, URL: http://iptv.huuc.edu.cn/hls/hbhd.m3u8, From: subscribe, IPv_Type: ipv6, Location: 中国, ISP: 教育网, Date: None, Delay: 0.1 ms, Speed: inf M/s, Resolution: 1920x1080
Name: 湖北卫视, URL: https://www.freetv.top/migu/738906825.m3u8?migutoken=959fce041a0fecbe0bdf2b300a4d13c986661650b877856aabade568eaf9f549143a65c212325030ca99ac119635c6c4daa7c93ba8863508e6aeef100965a31ae4a8152b02337aea453f42988d, From: subscribe, IPv_Type: ipv6, Location: 美国-加利福尼亚州-圣克拉拉, ISP: DigitalOcean, Date: None, Delay: 0.1 ms, Speed: inf M/s, Resolution: 1920x1080
Name: 湖北卫视, URL: https://smart.pendy.dpdns.org/Smart.php?id=hubei, From: subscribe, IPv_Type: ipv6, Location: 美国, ISP: CloudFlare Inc., Date: None, Delay: 0.1 ms, Speed: inf M/s, Resolution: 1920x1080
Name: 湖北卫视, URL: http://dsj.motem.top:8880/bptv/10000100000000050000000003873465.m3u8, From: subscribe, IPv_Type: ipv6, Location: 美国, ISP: CloudFlare Inc., Date: None, Delay: 0.1 ms, Speed: inf M/s, Resolution: 1920x1080
Name: 湖北卫视, URL: http://[2409:8087:1a01:df::4077]/ottrrs.hl.chinamobile.com/PLTV/88888888/8/3221226501/index.m3u8, From: subscribe, IPv_Type: ipv6, Location: 中国, ISP: 中国移动, Date: None, Delay: 0.1 ms, Speed: inf M/s, Resolution: 1920x1080
Name: 湖北卫视, URL: http://[2409:8087:1a01:df::4077]/ottrrs.hl.chinamobile.com/PLTV/88888888/8/3221226477/index.m3u8, From: subscribe, IPv_Type: ipv6, Location: 中国, ISP: 中国移动, Date: None, Delay: 0.1 ms, Speed: inf M/s, Resolution: 1920x1080
Name: 湖北卫视, URL: http://[2409:8087:8:21::18]:6610/otttv.bj.chinamobile.com/PLTV/88888888/224/3221226240/1.m3u8, From: subscribe, IPv_Type: ipv6, Location: 中国, ISP: 中国移动, Date: None, Delay: 0.1 ms, Speed: inf M/s, Resolution: 1920x1080
Name: 湖北卫视, URL: http://[2409:8087:8:21::18]:6610/otttv.bj.chinamobile.com/PLTV/88888888/224/3221226503/1.m3u8, From: subscribe, IPv_Type: ipv6, Location: 中国, ISP: 中国移动, Date: None, Delay: 0.1 ms, Speed: inf M/s, Resolution: 1920x1080
Name: 湖北卫视, URL: http://[2409:8087:8:21::18]:6610/otttv.bj.chinamobile.com/PLTV/88888888/224/3221226520/1.m3u8, From: subscribe, IPv_Type: ipv6, Location: 中国, ISP: 中国移动, Date: None, Delay: 0.1 ms, Speed: inf M/s, Resolution: 1920x1080
Name: 湖北卫视, URL: http://[2409:8087:1a0a:df::404b]/ottrrs.hl.chinamobile.com/TVOD/88888888/224/3221226477/index.m3u8, From: subscribe, IPv_Type: ipv6, Location: 中国, ISP: 中国移动, Date: None, Delay: 0.1 ms, Speed: inf M/s, Resolution: 1920x1080
Name: 湖北卫视, URL: https://www.freetv.top/migu/947472496.m3u8?migutoken=9bd305703117b6f1a9c2173244447e842908f2aec928c6d2a88e48e161877e502a2098f1870813f7673be0b35489dee17429bc5f241b1b21992b87b9e55379238e1a0cfe388465efacb4a6f6af, From: subscribe, IPv_Type: ipv6, Location: 美国-加利福尼亚州-圣克拉拉, ISP: DigitalOcean, Date: None, Delay: 0.1 ms, Speed: inf M/s, Resolution: 1920x1080
Name: 湖北卫视, URL: https://www.freetv.top/migu/947472496.m3u8?migutoken=c56229d02181e89502a31fa68a1d48da87a7d6a4964ef5258a8a1d13184947ea319f3785d758e1ca848971c9971b1300f65292cde26f5cb2902c9b103ac517b75c65bb0f9261dd650e6d2eab3b, From: subscribe, IPv_Type: ipv6, Location: 美国-加利福尼亚州-圣克拉拉, ISP: DigitalOcean, Date: None, Delay: 0.1 ms, Speed: inf M/s, Resolution: 1920x1080
Name: 湖北卫视, URL: https://www.freetv.top/migu/947472496.m3u8?migutoken=6e75d82b1b232311c23771e74b407d98c985d05aa880e338100643456110a36f1f29adbc71e79dc1f8a732de02c1b7718c9c67890b0409f2eea4bb084ad1c64ab326df0581b1d3eec95dc7e6b8, From: subscribe, IPv_Type: ipv6, Location: 美国-加利福尼亚州-圣克拉拉, ISP: DigitalOcean, Date: None, Delay: 0.1 ms, Speed: inf M/s, Resolution: 1920x1080
Name: 湖北卫视, URL: https://www.freetv.top/migu/947472496.m3u8?migutoken=d03fbc587528cd8db150889a8b7ccf82908a9ac1d12b60856ea83f94571aa02a9fd49519a652c6266e3f3c051465858f993daed973086f14e768ebb5a9441e4875111e85555c315b0f30f9a1c2, From: subscribe, IPv_Type: ipv6, Location: 美国-加利福尼亚州-圣克拉拉, ISP: DigitalOcean, Date: None, Delay: 0.1 ms, Speed: inf M/s, Resolution: 1920x1080
Name: 湖北卫视, URL: https://www.freetv.top/migu/947472496.m3u8?migutoken=a0d3d4746f5f5ebc6256858260e7fbf0e8dcad5d53c1d3fdc9b21b845c2c11c156749647c986b592ae976e73ce070a3bf2041defd1e589e279ae7901816a6fe090249e848895b790bd8789823d, From: subscribe, IPv_Type: ipv6, Location: 美国-加利福尼亚州-圣克拉拉, ISP: DigitalOcean, Date: None, Delay: 0.1 ms, Speed: inf M/s, Resolution: 1920x1080
Name: 湖北卫视, URL: https://www.freetv.top/migu/947472496.m3u8?migutoken=9e0b6e23bb7725ae05db38e94560710be0065754e80ee0fe715dae0c732fefe350b5f8d87d396729f775bdbbff23ab9be7803bc3259bbcf04aeb009ddf7ef6cc8c478a5721202f4e2a0946836a, From: subscribe, IPv_Type: ipv6, Location: 美国-加利福尼亚州-圣克拉拉, ISP: DigitalOcean, Date: None, Delay: 0.1 ms, Speed: inf M/s, Resolution: 1920x1080
Name: 湖北卫视, URL: http://yc.myds.me:35455/itv/6000000001000015436.m3u8?cdn=wasusyt, From: subscribe, IPv_Type: ipv6, Location: 中国, ISP: 中国电信, Date: None, Delay: 0.1 ms, Speed: inf M/s, Resolution: 1920x1080
Name: 湖北卫视, URL: http://nas.suntao.online:35455/itv/1000000001000024621.m3u8?cdn=ystenlive, From: subscribe, IPv_Type: ipv6, Location: 中国, ISP: 中国联通, Date: None, Delay: 0.1 ms, Speed: inf M/s, Resolution: 1920x1080
Name: 湖北卫视, URL: https://stream1.freetv.fun/a0f73ea668a9a3a9300b9e8588af505375a0cc768d59a516d8cc42a93d628830.m3u8, From: subscribe, IPv_Type: ipv6, Location: 美国, ISP: CloudFlare Inc., Date: None, Delay: 0.1 ms, Speed: inf M/s, Resolution: 1920x1080
Name: 湖北卫视, URL: http://iptv.cdn.ha.chinamobile.com/PLTV/88888888/224/3221227238/index.m3u8, From: subscribe, IPv_Type: ipv6, Location: 中国, ISP: 中国移动, Date: None, Delay: 0.1 ms, Speed: inf M/s, Resolution: 1920x1080
Name: 湖北卫视, URL: https://stream1.freetv.fun/12430d1fe4146e4d4ddd0c96ab3d977fde46603f13143d925e5b39e8e990dabf.m3u8, From: subscribe, IPv_Type: ipv6, Location: 美国, ISP: CloudFlare Inc., Date: None, Delay: 0.1 ms, Speed: inf M/s, Resolution: 1920x1080
Name: 湖北卫视, URL: https://stream1.freetv.fun/95a48ba741cb55df727c504cdfd501c65310a9ad60fdcdbb36ad8277d5790f27.m3u8, From: subscribe, IPv_Type: ipv6, Location: 美国, ISP: CloudFlare Inc., Date: None, Delay: 0.1 ms, Speed: inf M/s, Resolution: 1920x1080
Name: 湖北卫视, URL: http://lu.wqwqwq.sbs/itv/1000000005000265023.m3u8?cdn=ystenlive, From: subscribe, IPv_Type: ipv6, Location: 美国, ISP: CloudFlare Inc., Date: None, Delay: 0.1 ms, Speed: inf M/s, Resolution: 1920x1080
Name: 湖北卫视, URL: http://dbiptv.sn.chinamobile.com/PLTV/88888888/224/3221226206/1.m3u8, From: subscribe, IPv_Type: ipv6, Location: 中国, ISP: 中国移动, Date: None, Delay: 0.1 ms, Speed: inf M/s, Resolution: 1920x1080
Name: 湖北卫视, URL: https://stream1.freetv.fun/8137b80a728c1146e27795f95775feedf852d931ffeb9a3eacf09788c73cc2e1.m3u8, From: subscribe, IPv_Type: ipv6, Location: 美国, ISP: CloudFlare Inc., Date: None, Delay: 0.1 ms, Speed: inf M/s, Resolution: 1920x1080
Name: 湖北卫视, URL: https://stream1.freetv.fun/fdc4b5bef9298866531062f5204da8c718de299cb10143f260fb3f8d8ec3ed53.m3u8, From: subscribe, IPv_Type: ipv6, Location: 美国, ISP: CloudFlare Inc., Date: None, Delay: 0.1 ms, Speed: inf M/s, Resolution: 1920x1080
Name: 湖北卫视, URL: https://stream1.freetv.fun/ce1abf22084a306c1058b614f0dc156557acb96111d2816dc78007bd890a6e0c.m3u8, From: subscribe, IPv_Type: ipv6, Location: 美国, ISP: CloudFlare Inc., Date: None, Delay: 0.1 ms, Speed: inf M/s, Resolution: 1920x1080
Name: 湖北卫视, URL: https://stream1.freetv.fun/74f227e9a9b198441fcc03a5f503e5699c6f1ae09a19084b02bb0830a200aac1.m3u8, From: subscribe, IPv_Type: ipv6, Location: 美国, ISP: CloudFlare Inc., Date: None, Delay: 0.1 ms, Speed: inf M/s, Resolution: 1920x1080
Name: 湖北卫视, URL: https://stream1.freetv.fun/ee5910e9342172810dc4cb6240f7cee479a83ea96967b5d2da44e2cc5d9eb0b7.m3u8, From: subscribe, IPv_Type: ipv6, Location: 美国, ISP: CloudFlare Inc., Date: None, Delay: 0.1 ms, Speed: inf M/s, Resolution: 1920x1080
Name: 湖北卫视, URL: https://stream1.freetv.fun/321fe55e58365e63fb953fc974466740a190d2cc96ebae754c7268578cc76eeb.m3u8, From: subscribe, IPv_Type: ipv6, Location: 美国, ISP: CloudFlare Inc., Date: None, Delay: 0.1 ms, Speed: inf M/s, Resolution: 1920x1080
Name: 湖北卫视, URL: https://stream1.freetv.fun/f8acd0288783c3a96c576d15d7a3c12d71a6d8b562a26624d692b09eaa93038c.m3u8, From: subscribe, IPv_Type: ipv6, Location: 美国, ISP: CloudFlare Inc., Date: None, Delay: 0.1 ms, Speed: inf M/s, Resolution: 1920x1080
Name: 湖北卫视, URL: https://stream1.freetv.fun/bc50451637d5514ecb84768e26477cffe68ade94f1b7315a43296bf62a6dad10.m3u8, From: subscribe, IPv_Type: ipv6, Location: 美国, ISP: CloudFlare Inc., Date: None, Delay: 0.1 ms, Speed: inf M/s, Resolution: 1920x1080
Name: 湖北卫视, URL: https://stream1.freetv.fun/c1d6ab376c99f7726298b846dc6790c4791e01a8edf4ccb4bfafa6f8b92424d1.m3u8, From: subscribe, IPv_Type: ipv6, Location: 美国, ISP: CloudFlare Inc., Date: None, Delay: 0.1 ms, Speed: inf M/s, Resolution: 1920x1080
Name: 湖北卫视, URL: https://stream1.freetv.fun/73877f7e121cb093d0c482c1e9dca01984153d6848cc1e910354546c33198a93.m3u8, From: subscribe, IPv_Type: ipv6, Location: 美国, ISP: CloudFlare Inc., Date: None, Delay: 0.1 ms, Speed: inf M/s, Resolution: 1920x1080
Name: 湖北卫视, URL: https://stream1.freetv.fun/6596b480fc6b099b72d49f6a87d4f056a3b9d04651cdd0ee732d1b35577dbdf4.m3u8, From: subscribe, IPv_Type: ipv6, Location: 美国, ISP: CloudFlare Inc., Date: None, Delay: 0.1 ms, Speed: inf M/s, Resolution: 1920x1080
Name: 湖北卫视, URL: https://stream1.freetv.fun/fd24c57897e6d517925abfaab4540450a341ff54c5018a975a4738e120daeadb.m3u8, From: subscribe, IPv_Type: ipv6, Location: 美国, ISP: CloudFlare Inc., Date: None, Delay: 0.1 ms, Speed: inf M/s, Resolution: 1920x1080
Name: 湖北卫视, URL: https://stream1.freetv.fun/931fc5d532fc717dd0ff2bf35ed2b5837b3e096382c14b3eb9d57e068c25e629.m3u8, From: subscribe, IPv_Type: ipv6, Location: 美国, ISP: CloudFlare Inc., Date: None, Delay: 0.1 ms, Speed: inf M/s, Resolution: 1920x1080
Name: 湖北卫视, URL: https://stream1.freetv.fun/10aea62a3d2f6ad2e19d6b5cdb3c95c2faf00218cdcc04824fd1ee79d43f11dc.m3u8, From: subscribe, IPv_Type: ipv6, Location: 美国, ISP: CloudFlare Inc., Date: None, Delay: 0.1 ms, Speed: inf M/s, Resolution: 1920x1080
Name: 湖北卫视, URL: https://stream1.freetv.fun/e3949feb45f46bb2a6938302925dd6a468483fe3fda085ac5c9e515c3da120ce.m3u8, From: subscribe, IPv_Type: ipv6, Location: 美国, ISP: CloudFlare Inc., Date: None, Delay: 0.1 ms, Speed: inf M/s, Resolution: 1920x1080
Name: 湖北卫视, URL: https://stream1.freetv.fun/37aa38a997eb8e568186fad85670c3a3a6684361c2b038c5cd0d0835216f299b.m3u8, From: subscribe, IPv_Type: ipv6, Location: 美国, ISP: CloudFlare Inc., Date: None, Delay: 0.1 ms, Speed: inf M/s, Resolution: 1920x1080
Name: 湖北卫视, URL: https://stream1.freetv.fun/11a27a1eb12a1c6020ea2f80804d50db752fbd4c2c7cf3c456dd309d9033a98c.m3u8, From: subscribe, IPv_Type: ipv6, Location: 美国, ISP: CloudFlare Inc., Date: None, Delay: 0.1 ms, Speed: inf M/s, Resolution: 1920x1080
Name: 湖北卫视, URL: https://stream1.freetv.fun/05e682ffb97e32014fc449077fe76615da1df84e434f93918f794f8a5d426052.m3u8, From: subscribe, IPv_Type: ipv6, Location: 美国, ISP: CloudFlare Inc., Date: None, Delay: 0.1 ms, Speed: inf M/s, Resolution: 1920x1080
Name: 湖北卫视, URL: https://stream1.freetv.fun/7278e895e1e512f548f3fd2c2e503a83f6946006f1aba27c986e95fd5960f592.m3u8, From: subscribe, IPv_Type: ipv6, Location: 美国, ISP: CloudFlare Inc., Date: None, Delay: 0.1 ms, Speed: inf M/s, Resolution: 1920x1080
Name: 湖北卫视, URL: http://hwrr.jx.chinamobile.com:8080/PLTV/88888888/224/3221225596/index.m3u8?fmt=ts2hls, From: subscribe, IPv_Type: ipv6, Location: 中国, ISP: 中国移动, Date: None, Delay: 0.1 ms, Speed: inf M/s, Resolution: 1920x1080
Name: 湖北卫视, URL: http://[2409:8087:2001:20:2800:0:df6e:eb10]:80/ott.mobaibox.com/PLTV/4/224/3221227479/index.m3u8, From: subscribe, IPv_Type: ipv6, Location: 中国, ISP: 中国移动, Date: None, Delay: 0.1 ms, Speed: inf M/s, Resolution: 1920x1080
Name: 湖北卫视, URL: http://[2409:8087:3428:20:500::100f]:6610/PLTV/88888888/224/3221227111/index.m3u8?servicetype=1&IASHttpSessionId=RR423820220409134714119178, From: subscribe, IPv_Type: ipv6, Location: 中国, ISP: 中国移动, Date: None, Delay: 0.1 ms, Speed: inf M/s, Resolution: 1920x1080
Name: 湖北卫视, URL: http://[2409:8087:3428:20:500::1009]:6610/PLTV/88888888/224/3221227111/index.m3u8?servicetype=1&IASHttpSessionId=RR423820220409134714119178, From: subscribe, IPv_Type: ipv6, Location: 中国, ISP: 中国移动, Date: None, Delay: 0.1 ms, Speed: inf M/s, Resolution: 1920x1080
Name: 湖北卫视, URL: http://[2409:8087:2001:20:2800:0:df6e:eb07]:80/wh7f454c46tw1550755006_-1154349795/ott.mobaibox.com/PLTV/3/224/3221227211/index.m3u8?icpid=3&RTS=1674385961&from=40&popid=40&hms_devid=2036&prioritypopid=40&vqe=3, From: subscribe, IPv_Type: ipv6, Location: 中国, ISP: 中国移动, Date: None, Delay: 0.1 ms, Speed: inf M/s, Resolution: 1920x1080
Name: 湖北卫视, URL: http://[2409:8087:2001:20:2800:0:df6e:eb1a]:80/wh7f454c46tw209710282_-1743646795/ott.mobaibox.com/PLTV/3/224/3221227565/index.m3u8?icpid=3&RTS=1674380325&from=40&popid=40&hms_devid=2116&prioritypopid=40&vqe=3, From: subscribe, IPv_Type: ipv6, Location: 中国, ISP: 中国移动, Date: None, Delay: 0.1 ms, Speed: inf M/s, Resolution: 1920x1080
Name: 湖北卫视, URL: http://[2409:8087:2001:20:2800:0:df6e:eb0d]:80/wh7f454c46tw1550947964_-1647381759/ott.mobaibox.com/PLTV/3/224/3221227665/index.m3u8?icpid=3&RTS=1674385961&from=40&popid=40&hms_devid=2040&prioritypopid=40&vqe=3, From: subscribe, IPv_Type: ipv6, Location: 中国, ISP: 中国移动, Date: None, Delay: 0.1 ms, Speed: inf M/s, Resolution: 1920x1080
Name: 湖北卫视, URL: http://[2409:8087:2001:20:2800:0:df6e:eb03]:80/wh7f454c46tw210191902_-158401056/ott.mobaibox.com/PLTV/3/224/3221227703/index.m3u8?icpid=3&RTS=1674380325&from=40&popid=40&hms_devid=2039&prioritypopid=40&vqe=3, From: subscribe, IPv_Type: ipv6, Location: 中国, ISP: 中国移动, Date: None, Delay: 0.1 ms, Speed: inf M/s, Resolution: 1920x1080
Name: 湖北卫视, URL: http://[2409:8087:1e03:21::42]:6610/cms001/ch00000090990000001027/index.m3u8, From: subscribe, IPv_Type: ipv6, Location: 中国, ISP: 中国移动, Date: None, Delay: 0.1 ms, Speed: inf M/s, Resolution: 1920x1080
Name: 湖北卫视, URL: http://[2409:8087:5e01:34::38]:6610/ZTE_CMS/00000001000000060000000000000250/index.m3u8, From: subscribe, IPv_Type: ipv6, Location: 中国, ISP: 中国移动, Date: None, Delay: 0.1 ms, Speed: inf M/s, Resolution: 1920x1080
Name: 湖北卫视, URL: http://[2409:8087:5e00:24::1f]:6060/ZTE_CMS/00000001000000060000000000000250/index.m3u8, From: subscribe, IPv_Type: ipv6, Location: 中国, ISP: 中国移动, Date: None, Delay: 0.1 ms, Speed: inf M/s, Resolution: 1920x1080
Name: 湖北卫视, URL: http://[2409:8087:4c0a:22:1::11]:6410/170000001115/UmaiCHAN911989BESTVSMGSMG/index.m3u8?m3u8_level=2, From: subscribe, IPv_Type: ipv6, Location: 中国, ISP: 中国移动, Date: None, Delay: 0.1 ms, Speed: inf M/s, Resolution: 1920x1080
Name: 湖北卫视, URL: http://[2409:8087:5e01:34::22]:6610/ZTE_CMS/00000001000000060000000000000250/index.m3u8?IAS, From: subscribe, IPv_Type: ipv6, Location: 中国, ISP: 中国移动, Date: None, Delay: 0.1 ms, Speed: inf M/s, Resolution: 1920x1080
Name: 湖北卫视, URL: http://[2409:8087:5e01:34::23]:6610/ZTE_CMS/00000001000000060000000000000250/index.m3u8?IAS, From: subscribe, IPv_Type: ipv6, Location: 中国, ISP: 中国移动, Date: None, Delay: 0.1 ms, Speed: inf M/s, Resolution: 1920x1080
Name: 湖北卫视, URL: http://[2409:8087:5e01:34::21]:6610/ZTE_CMS/00000001000000060000000000000250/index.m3u8?IAS, From: subscribe, IPv_Type: ipv6, Location: 中国, ISP: 中国移动, Date: None, Delay: 0.1 ms, Speed: inf M/s, Resolution: 1920x1080
Name: 湖北卫视, URL: http://[2409:8087:5e01:34::20]:6610/ZTE_CMS/00000001000000060000000000000250/index.m3u8?IAS, From: subscribe, IPv_Type: ipv6, Location: 中国, ISP: 中国移动, Date: None, Delay: 0.1 ms, Speed: inf M/s, Resolution: 1920x1080
Name: 湖北卫视, URL: http://[2409:8087:2001:20:2800:0:df6e:eb11]/wh7f454c46tw3059146177_-1525708880/ott.mobaibox.com/PLTV/3/224/3221227479/index.m3u8?icpid=3&RTS=1668597853&from=40&popid=40&hms_devid=2110&prioritypopid=40&vqe=3, From: subscribe, IPv_Type: ipv6, Location: 中国, ISP: 中国移动, Date: None, Delay: 0.1 ms, Speed: inf M/s, Resolution: 1920x1080
Name: 湖北卫视, URL: http://[2409:8087:1e03:21::2]:6060/cms001/ch00000090990000001027/index.m3u8, From: subscribe, IPv_Type: ipv6, Location: 中国, ISP: 中国移动, Date: None, Delay: 0.1 ms, Speed: inf M/s, Resolution: 1920x1080
Name: 湖北卫视, URL: http://[2409:8087:3428:20:500::100f]:6610/PLTV/88888888/224/3221225840/index.m3u8?servicetype=1&IASHttpSessionId=RR423820220409134714119178, From: subscribe, IPv_Type: ipv6, Location: 中国, ISP: 中国移动, Date: None, Delay: 0.1 ms, Speed: inf M/s, Resolution: 1920x1080
Name: 湖北卫视, URL: http://[2409:8087:3428:20:500::1009]:6610/PLTV/88888888/224/3221225840/index.m3u8?servicetype=1&IASHttpSessionId=RR423820220409134714119178, From: subscribe, IPv_Type: ipv6, Location: 中国, ISP: 中国移动, Date: None, Delay: 0.1 ms, Speed: inf M/s, Resolution: 1920x1080
Name: 湖北卫视, URL: http://[2409:8087:74f0:22::5]:6410/270000001128/9900000522/index.m3u8, From: subscribe, IPv_Type: ipv6, Location: 中国, ISP: 中国移动, Date: None, Delay: 0.1 ms, Speed: inf M/s, Resolution: 1920x1080
Name: 湖北卫视, URL: http://[2409:8087:1a01:df::7005]/ottrrs.hl.chinamobile.com/PLTV/88888888/224/3221226477/index.m3u8, From: subscribe, IPv_Type: ipv6, Location: 中国, ISP: 中国移动, Date: None, Delay: 0.1 ms, Speed: inf M/s, Resolution: 1920x1080
Name: 湖北卫视, URL: http://[2409:8087:5e00:24::1e]:6060/200000001898/460000089800010057/1.m3u8, From: subscribe, IPv_Type: ipv6, Location: 中国, ISP: 中国移动, Date: None, Delay: 0.1 ms, Speed: inf M/s, Resolution: 1920x1080
Name: 湖北卫视, URL: http://[2409:8087:3869:8021:1001::e5]:6610/PLTV/88888910/224/3221225699/index.m3u8, From: subscribe, IPv_Type: ipv6, Location: 中国, ISP: 中国移动, Date: None, Delay: -1 ms, Speed: 0.00 M/s, Resolution: None
Name: 湖北卫视, URL: http://[2409:8087:8:21::18]:6610/otttv.bj.chinamobile.com/PLTV/88888888/224/3221226952/1.m3u8?GuardEncType=2&accountinfo=%7E%7EV2.0%7EREB40lnZnCEwjRy7LZuhIQ%7EtP4-l0lmSfjwLWEfK_el1vH_mv-s1zo4AQJwdedaVwG9xkuFTDg8J26cwOrNJzn20BErrHdLhuZ9EzLUCD3PMW-OMx4MGteHV2vLeW6BqoY%2CEND, From: subscribe, IPv_Type: ipv6, Location: 中国, ISP: 中国移动, Date: None, Delay: -1 ms, Speed: 0.00 M/s, Resolution: None
Name: 湖北卫视, URL: http://rrs01.hw.gmcc.net:8088/PLTV/81/224/3221226713/1.m3u8, From: subscribe, IPv_Type: ipv6, Location: 中国, ISP: 中国移动, Date: None, Delay: -1 ms, Speed: 0.00 M/s, Resolution: None
Name: 湖北卫视, URL: https://migu.188766.xyz/?migutoken=9157c8aa7a594b5e3a23675f8f75f55b&id=%E6%B9%96%E5%8C%97%E5%8D%AB%E8%A7%86&pp=1, From: subscribe, IPv_Type: ipv6, Location: 美国, ISP: CloudFlare Inc., Date: None, Delay: -1 ms, Speed: 0.00 M/s, Resolution: None
Name: 湖北卫视, URL: http://[2409:8087:1a15:10d1::36]/ottrrs.hl.chinamobile.com/PLTV/88888888/224/3221225627/index.m3u8, From: subscribe, IPv_Type: ipv6, Location: 中国, ISP: 中国移动, Date: None, Delay: -1 ms, Speed: 0.00 M/s, Resolution: None
Name: 湖北卫视, URL: http://[2409:8087:5e08:25::16]:6610/200000001898/460000089800010057/1.m3u8, From: subscribe, IPv_Type: ipv6, Location: 中国, ISP: 中国移动, Date: None, Delay: -1 ms, Speed: 0.00 M/s, Resolution: None
Name: 湖北卫视, URL: https://mursor.ottiptv.cc/mcp/hubei.m3u8, From: subscribe, IPv_Type: ipv6, Location: 美国, ISP: Oracle Corporation, Date: None, Delay: -1 ms, Speed: 0.00 M/s, Resolution: None
Name: 湖北卫视, URL: http://gslbmgsplive.miguvideo.com/wd_r2/2018/ocn/hubeiwshd/2000/index.m3u8?msisdn=20250919080133d6a2b4e3c70b461f819a6e2f49e2af64&mdspid=&spid=600633&netType=0&sid=5910022163&pid=2028597139&timestamp=20250919080133&Channel_ID=0116_2600000900-99000-201600010010027&ProgramID=947472496&ParentNodeID=-99&assertID=5910022163&client_ip=106.13.250.88&SecurityKey=20250919080133&promotionId=&mvid=5900004355&mcid=500020&playurlVersion=WX-A1-8.9.1-RELEASE&userid=&jmhm=&videocodec=h264&bean=mgspad&tid=android&conFee=0&puData=e06e2ffbf75e9e761629a0926db1ab2f&ddCalcu=fe20eb61ae7120bfdf6b2f9705ae992e6716, From: subscribe, IPv_Type: ipv6, Location: 中国, ISP: 中国移动, Date: None, Delay: -1 ms, Speed: 0.00 M/s, Resolution: None
Name: 湖北卫视, URL: https://cc06.tv12.xyz/50.m3u8, From: subscribe, IPv_Type: ipv6, Location: 美国, ISP: CloudFlare Inc., Date: None, Delay: -1 ms, Speed: 0.00 M/s, Resolution: None
Name: 湖北卫视, URL: https://migu.188766.xyz/?migutoken=b54a0b2d4c93b36dde9f5ba69ce0ca36&id=%E6%B9%96%E5%8C%97%E5%8D%AB%E8%A7%86&type=yy, From: subscribe, IPv_Type: ipv6, Location: 美国, ISP: CloudFlare Inc., Date: None, Delay: -1 ms, Speed: 0.00 M/s, Resolution: None
Name: 湖北卫视, URL: https://jzb.wwkejishe.top/?id=604, From: subscribe, IPv_Type: ipv6, Location: 美国, ISP: CloudFlare Inc., Date: None, Delay: -1 ms, Speed: 0.00 M/s, Resolution: None
Name: 湖北卫视, URL: https://migu.188766.xyz/?migutoken=cece120f91b36f124795a608936e76bd&id=%E6%B9%96%E5%8C%97%E5%8D%AB%E8%A7%86&type=yy, From: subscribe, IPv_Type: ipv6, Location: 美国, ISP: CloudFlare Inc., Date: None, Delay: -1 ms, Speed: 0.00 M/s, Resolution: None
Name: 黑龙江卫视, URL: https://iptv.catvod.com/live.php?id=%E9%BB%91%E9%BE%99%E6%B1%9F%E5%8D%AB%E8%A7%86%E5%8F%B0, From: local, IPv_Type: ipv6, Location: 美国, ISP: CloudFlare Inc., Date: None, Delay: -1 ms, Speed: 0.00 M/s, Resolution: None
Name: 黑龙江卫视, URL: https://iptv.catvod.com/live.php?id=%E9%BB%91%E9%BE%99%E6%B1%9F, From: local, IPv_Type: ipv6, Location: 美国, ISP: CloudFlare Inc., Date: None, Delay: -1 ms, Speed: 0.00 M/s, Resolution: None
Name: 黑龙江卫视, URL: http://php.jdshipin.com/TVOD/hnyd.php?id=200000001898/460000089800010056, From: subscribe, IPv_Type: ipv6, Location: 美国, ISP: CloudFlare Inc., Date: None, Delay: 0.1 ms, Speed: inf M/s, Resolution: 1920x1080
Name: 黑龙江卫视, URL: http://j.x.bkpcp.top/jx/HEILJHD, From: subscribe, IPv_Type: ipv6, Location: 美国, ISP: CloudFlare Inc., Date: None, Delay: 0.1 ms, Speed: inf M/s, Resolution: 1920x1080
Name: 黑龙江卫视, URL: http://l.cztvcloud.com/channels/lantian/SXyuyao3/720p.m3u8, From: subscribe, IPv_Type: ipv6, Location: 中国-江苏-常州, ISP: 电信, Date: None, Delay: 0.1 ms, Speed: inf M/s, Resolution: 1920x1080
Name: 黑龙江卫视, URL: http://iptv.huuc.edu.cn/hls/hljhd.m3u8, From: subscribe, IPv_Type: ipv6, Location: 中国, ISP: 教育网, Date: None, Delay: 0.1 ms, Speed: inf M/s, Resolution: 1920x1080
Name: 黑龙江卫视, URL: http://dsj.motem.top:8880/bptv/10000100000000050000000003873470.m3u8, From: subscribe, IPv_Type: ipv6, Location: 美国, ISP: CloudFlare Inc., Date: None, Delay: 0.1 ms, Speed: inf M/s, Resolution: 1920x1080
Name: 黑龙江卫视, URL: http://z.b.bkpcp.top/m.php?id=hljws, From: subscribe, IPv_Type: ipv6, Location: 美国, ISP: CloudFlare Inc., Date: None, Delay: 0.1 ms, Speed: inf M/s, Resolution: 1920x1080
Name: 黑龙江卫视, URL: http://[2409:8087:1a0a:df::404b]/ottrrs.hl.chinamobile.com/TVOD/88888888/224/3221226327/index.m3u8, From: subscribe, IPv_Type: ipv6, Location: 中国, ISP: 中国移动, Date: None, Delay: 0.1 ms, Speed: inf M/s, Resolution: 1920x1080
Name: 黑龙江卫视, URL: http://[2409:8087:1a01:df::4001]/ottrrs.hl.chinamobile.com/PLTV/88888888/224/3221226327/1.m3u8, From: subscribe, IPv_Type: ipv6, Location: 中国, ISP: 中国移动, Date: None, Delay: 0.1 ms, Speed: inf M/s, Resolution: 1920x1080
Name: 黑龙江卫视, URL: http://[2409:8087:1a01:df::4077]/ottrrs.hl.chinamobile.com/PLTV/88888888/8/3221226327/index.m3u8, From: subscribe, IPv_Type: ipv6, Location: 中国, ISP: 中国移动, Date: None, Delay: 0.1 ms, Speed: inf M/s, Resolution: 1920x1080
Name: 黑龙江卫视, URL: http://[2409:8087:8:21::18]:6610/otttv.bj.chinamobile.com/PLTV/88888888/224/3221226239/1.m3u8, From: subscribe, IPv_Type: ipv6, Location: 中国, ISP: 中国移动, Date: None, Delay: 0.1 ms, Speed: inf M/s, Resolution: 1920x1080
Name: 黑龙江卫视, URL: http://[2409:8087:8:21::18]:6610/otttv.bj.chinamobile.com/PLTV/88888888/224/3221226498/1.m3u8, From: subscribe, IPv_Type: ipv6, Location: 中国, ISP: 中国移动, Date: None, Delay: 0.1 ms, Speed: inf M/s, Resolution: 1920x1080
Name: 黑龙江卫视, URL: http://iptv.cdn.ha.chinamobile.com/PLTV/88888888/224/3221227207/index.m3u8, From: subscribe, IPv_Type: ipv6, Location: 中国, ISP: 中国移动, Date: None, Delay: 0.1 ms, Speed: inf M/s, Resolution: 1920x1080
Name: 黑龙江卫视, URL: http://[2409:8087:2001:20:2800:0:df6e:eb16]:80/ott.mobaibox.com/PLTV/4/224/3221227514/index.m3u8, From: subscribe, IPv_Type: ipv6, Location: 中国, ISP: 中国移动, Date: None, Delay: 0.1 ms, Speed: inf M/s, Resolution: 1920x1080
Name: 黑龙江卫视, URL: http://[2409:8087:3428:20:500::100f]:6610/PLTV/88888888/224/3221227197/index.m3u8?servicetype=1&IASHttpSessionId=RR423820220409134714119178, From: subscribe, IPv_Type: ipv6, Location: 中国, ISP: 中国移动, Date: None, Delay: 0.1 ms, Speed: inf M/s, Resolution: 1920x1080
Name: 黑龙江卫视, URL: http://[2409:8087:3428:20:500::1009]:6610/PLTV/88888888/224/3221227197/index.m3u8?servicetype=1&IASHttpSessionId=RR423820220409134714119178, From: subscribe, IPv_Type: ipv6, Location: 中国, ISP: 中国移动, Date: None, Delay: 0.1 ms, Speed: inf M/s, Resolution: 1920x1080
Name: 黑龙江卫视, URL: http://yc.myds.me:35455/itv/6000000001000016510.m3u8?cdn=wasusyt, From: subscribe, IPv_Type: ipv6, Location: 中国, ISP: 中国电信, Date: None, Delay: 0.1 ms, Speed: inf M/s, Resolution: 1920x1080
Name: 黑龙江卫视, URL: http://nas.suntao.online:35455/itv/1000000001000001925.m3u8?cdn=ystenlive, From: subscribe, IPv_Type: ipv6, Location: 中国, ISP: 中国联通, Date: None, Delay: 0.1 ms, Speed: inf M/s, Resolution: 1920x1080
Name: 黑龙江卫视, URL: https://stream1.freetv.fun/8eac0925df1ae8507ad57f4372936a304c120cc31636bf1f843872e6681e563f.m3u8, From: subscribe, IPv_Type: ipv6, Location: 美国, ISP: CloudFlare Inc., Date: None, Delay: 0.1 ms, Speed: inf M/s, Resolution: 1920x1080
Name: 黑龙江卫视, URL: https://stream1.freetv.fun/cba6a614d471d42dba705ad37a5b5ad7c1a501824a31b9b575b0a87c537d0450.m3u8, From: subscribe, IPv_Type: ipv6, Location: 美国, ISP: CloudFlare Inc., Date: None, Delay: 0.1 ms, Speed: inf M/s, Resolution: 1920x1080
Name: 黑龙江卫视, URL: https://stream1.freetv.fun/15aefa6c1cecc2201a0ddbf7d0854e81e06aa6e3d5bf6e7bdf3114c4b4fbdd8f.m3u8, From: subscribe, IPv_Type: ipv6, Location: 美国, ISP: CloudFlare Inc., Date: None, Delay: 0.1 ms, Speed: inf M/s, Resolution: 1920x1080
Name: 黑龙江卫视, URL: http://lu.wqwqwq.sbs/itv/1000000001000001925.m3u8?cdn=ystenlive, From: subscribe, IPv_Type: ipv6, Location: 美国, ISP: CloudFlare Inc., Date: None, Delay: 0.1 ms, Speed: inf M/s, Resolution: 1920x1080
Name: 黑龙江卫视, URL: http://dbiptv.sn.chinamobile.com/PLTV/88888888/224/3221226010/1.m3u8, From: subscribe, IPv_Type: ipv6, Location: 中国, ISP: 中国移动, Date: None, Delay: 0.1 ms, Speed: inf M/s, Resolution: 1920x1080
Name: 黑龙江卫视, URL: http://ottrrs.hl.chinamobile.com/TVOD/88888888/224/3221226525/index.m3u8, From: subscribe, IPv_Type: ipv6, Location: 中国, ISP: 中国移动, Date: None, Delay: 0.1 ms, Speed: inf M/s, Resolution: 1920x1080
Name: 黑龙江卫视, URL: https://stream1.freetv.fun/4a992588a9eb854bfe78f6145d4a4820e0428baf85e3ed8b2f15d4fb85a0f3c6.m3u8, From: subscribe, IPv_Type: ipv6, Location: 美国, ISP: CloudFlare Inc., Date: None, Delay: 0.1 ms, Speed: inf M/s, Resolution: 1920x1080
Name: 黑龙江卫视, URL: https://stream1.freetv.fun/7e2edd626e2687e6e4484b930c9742f512f310de5662a083f7c000cae4c27942.m3u8, From: subscribe, IPv_Type: ipv6, Location: 美国, ISP: CloudFlare Inc., Date: None, Delay: 0.1 ms, Speed: inf M/s, Resolution: 1920x1080
Name: 黑龙江卫视, URL: https://stream1.freetv.fun/087456913719058fb740006ecdf7120b81e5818884d3ba985eef31d2f0865994.m3u8, From: subscribe, IPv_Type: ipv6, Location: 美国, ISP: CloudFlare Inc., Date: None, Delay: 0.1 ms, Speed: inf M/s, Resolution: 1920x1080
Name: 黑龙江卫视, URL: https://stream1.freetv.fun/b5a527a4026b19bb12c4e4cbdf5359428230ae27f234e6a93ca79c9c3dfe42ab.m3u8, From: subscribe, IPv_Type: ipv6, Location: 美国, ISP: CloudFlare Inc., Date: None, Delay: 0.1 ms, Speed: inf M/s, Resolution: 1920x1080
Name: 黑龙江卫视, URL: https://stream1.freetv.fun/9225372ccf204b1122cfe8ce93b8f304cd148fdd06f4f45d8992c3d95efa5c96.m3u8, From: subscribe, IPv_Type: ipv6, Location: 美国, ISP: CloudFlare Inc., Date: None, Delay: 0.1 ms, Speed: inf M/s, Resolution: 1920x1080
Name: 黑龙江卫视, URL: https://stream1.freetv.fun/9f8220af32932a5f5f635dc51acc8c0270c30577c3cfe1be46a9f30dadd13cfa.m3u8, From: subscribe, IPv_Type: ipv6, Location: 美国, ISP: CloudFlare Inc., Date: None, Delay: 0.1 ms, Speed: inf M/s, Resolution: 1920x1080
Name: 黑龙江卫视, URL: https://stream1.freetv.fun/31a880373cf03e36e8968db045324adc880b02ef8630d646649d346a7c5844c8.m3u8, From: subscribe, IPv_Type: ipv6, Location: 美国, ISP: CloudFlare Inc., Date: None, Delay: 0.1 ms, Speed: inf M/s, Resolution: 1920x1080
Name: 黑龙江卫视, URL: https://stream1.freetv.fun/0eeff132651adc73a935c01f88939209db16d78d1dbc65ee6ca439d879d1a0f9.m3u8, From: subscribe, IPv_Type: ipv6, Location: 美国, ISP: CloudFlare Inc., Date: None, Delay: 0.1 ms, Speed: inf M/s, Resolution: 1920x1080
Name: 黑龙江卫视, URL: https://stream1.freetv.fun/e2f2e1a310ae7cb86f8cd423017947546e8dd0dbc0b4d9600d9586326509f362.m3u8, From: subscribe, IPv_Type: ipv6, Location: 美国, ISP: CloudFlare Inc., Date: None, Delay: 0.1 ms, Speed: inf M/s, Resolution: 1920x1080
Name: 黑龙江卫视, URL: https://stream1.freetv.fun/45ce3259bd4a3293ecb6ac0d96d605ef1d8ed681f7ec64b46997b1ca0266bdf1.m3u8, From: subscribe, IPv_Type: ipv6, Location: 美国, ISP: CloudFlare Inc., Date: None, Delay: 0.1 ms, Speed: inf M/s, Resolution: 1920x1080
Name: 黑龙江卫视, URL: https://stream1.freetv.fun/a685814ac27367f723637751d32ee9a2296db5e03f3d42993a685d85816fcd1c.m3u8, From: subscribe, IPv_Type: ipv6, Location: 美国, ISP: CloudFlare Inc., Date: None, Delay: 0.1 ms, Speed: inf M/s, Resolution: 1920x1080
Name: 黑龙江卫视, URL: https://stream1.freetv.fun/37e69fa2a6e65aa433673dfec50de253c086fe33b0b9b2430524673ac807f5f0.m3u8, From: subscribe, IPv_Type: ipv6, Location: 美国, ISP: CloudFlare Inc., Date: None, Delay: 0.1 ms, Speed: inf M/s, Resolution: 1920x1080
Name: 黑龙江卫视, URL: https://stream1.freetv.fun/a6c1e9c7ed878b4710fd0cd7a8a16f51e48e3eee1c5764bce984c56c0808035b.m3u8, From: subscribe, IPv_Type: ipv6, Location: 美国, ISP: CloudFlare Inc., Date: None, Delay: 0.1 ms, Speed: inf M/s, Resolution: 1920x1080
Name: 黑龙江卫视, URL: https://stream1.freetv.fun/9d7a745d71fa16ea6b1a0edce79f7b842e59487519e7a76bcef5b0c7a87a3f24.m3u8, From: subscribe, IPv_Type: ipv6, Location: 美国, ISP: CloudFlare Inc., Date: None, Delay: 0.1 ms, Speed: inf M/s, Resolution: 1920x1080
Name: 黑龙江卫视, URL: http://hwrr.jx.chinamobile.com:8080/PLTV/88888888/224/3221225586/index.m3u8?fmt=ts2hls, From: subscribe, IPv_Type: ipv6, Location: 中国, ISP: 中国移动, Date: None, Delay: 0.1 ms, Speed: inf M/s, Resolution: 1920x1080
Name: 黑龙江卫视, URL: http://[2409:8087:2001:20:2800:0:df6e:eb07]:80/wh7f454c46tw515505966_53770455/ott.mobaibox.com/PLTV/3/224/3221227252/index.m3u8?icpid=3&RTS=1674380630&from=40&popid=40&hms_devid=2036&prioritypopid=40&vqe=3, From: subscribe, IPv_Type: ipv6, Location: 中国, ISP: 中国移动, Date: None, Delay: 0.1 ms, Speed: inf M/s, Resolution: 1920x1080
Name: 黑龙江卫视, URL: http://[2409:8087:2001:20:2800:0:df6e:eb0c]:80/wh7f454c46tw1754072820_1199010569/ott.mobaibox.com/PLTV/3/224/3221227662/index.m3u8?icpid=3&RTS=1674386164&from=40&popid=40&hms_devid=2040&prioritypopid=40&vqe=3, From: subscribe, IPv_Type: ipv6, Location: 中国, ISP: 中国移动, Date: None, Delay: 0.1 ms, Speed: inf M/s, Resolution: 1920x1080
Name: 黑龙江卫视, URL: http://[2409:8087:2001:20:2800:0:df6e:eb03]:80/wh7f454c46tw516023873_-290665544/ott.mobaibox.com/PLTV/3/224/3221227753/index.m3u8?icpid=3&RTS=1674380631&from=40&popid=40&hms_devid=2039&prioritypopid=40&vqe=3, From: subscribe, IPv_Type: ipv6, Location: 中国, ISP: 中国移动, Date: None, Delay: 0.1 ms, Speed: inf M/s, Resolution: 1920x1080
Name: 黑龙江卫视, URL: http://[2409:8087:1e03:21::42]:6610/cms001/ch00000090990000001031/index.m3u8, From: subscribe, IPv_Type: ipv6, Location: 中国, ISP: 中国移动, Date: None, Delay: 0.1 ms, Speed: inf M/s, Resolution: 1920x1080
Name: 黑龙江卫视, URL: http://[2409:8087:2001:20:2800:0:df6e:eb26]:80/wh7f454c46tw516667270_434053295/ott.mobaibox.com/PLTV/3/224/3221228295/index.m3u8?icpid=3&RTS=1674380632&from=40&popid=40&hms_devid=2293&prioritypopid=40&vqe=3, From: subscribe, IPv_Type: ipv6, Location: 中国, ISP: 中国移动, Date: None, Delay: 0.1 ms, Speed: inf M/s, Resolution: 1920x1080
Name: 黑龙江卫视, URL: http://[2409:8087:2001:20:2800:0:df6e:eb17]/wh7f454c46tw3143044227_-926148572/ott.mobaibox.com/PLTV/3/224/3221227514/index.m3u8?icpid=3&RTS=1668597937&from=40&popid=40&hms_devid=2114&prioritypopid=40&vqe=3, From: subscribe, IPv_Type: ipv6, Location: 中国, ISP: 中国移动, Date: None, Delay: 0.1 ms, Speed: inf M/s, Resolution: 1920x1080
Name: 黑龙江卫视, URL: http://[2409:8087:5e01:34::38]:6610/ZTE_CMS/00000001000000060000000000000175/index.m3u8, From: subscribe, IPv_Type: ipv6, Location: 中国, ISP: 中国移动, Date: None, Delay: 0.1 ms, Speed: inf M/s, Resolution: 1920x1080
Name: 黑龙江卫视, URL: http://[2409:8087:5e00:24::1f]:6060/ZTE_CMS/00000001000000060000000000000175/index.m3u8, From: subscribe, IPv_Type: ipv6, Location: 中国, ISP: 中国移动, Date: None, Delay: 0.1 ms, Speed: inf M/s, Resolution: 1920x1080
Name: 黑龙江卫视, URL: http://[2409:8087:5e01:34::20]:6610/ZTE_CMS/00000001000000060000000000000175/index.m3u8?IAS, From: subscribe, IPv_Type: ipv6, Location: 中国, ISP: 中国移动, Date: None, Delay: 0.1 ms, Speed: inf M/s, Resolution: 1920x1080
Name: 黑龙江卫视, URL: http://[2409:8087:5e01:34::22]:6610/ZTE_CMS/00000001000000060000000000000175/index.m3u8?IAS, From: subscribe, IPv_Type: ipv6, Location: 中国, ISP: 中国移动, Date: None, Delay: 0.1 ms, Speed: inf M/s, Resolution: 1920x1080
Name: 黑龙江卫视, URL: http://[2409:8087:5e01:34::23]:6610/ZTE_CMS/00000001000000060000000000000175/index.m3u8?IAS, From: subscribe, IPv_Type: ipv6, Location: 中国, ISP: 中国移动, Date: None, Delay: 0.1 ms, Speed: inf M/s, Resolution: 1920x1080
Name: 黑龙江卫视, URL: http://[2409:8087:5e01:34::21]:6610/ZTE_CMS/00000001000000060000000000000175/index.m3u8?IAS, From: subscribe, IPv_Type: ipv6, Location: 中国, ISP: 中国移动, Date: None, Delay: 0.1 ms, Speed: inf M/s, Resolution: 1920x1080
Name: 黑龙江卫视, URL: https://epg.pw/stream/c6c1262d0b35e59eac22bf513395f00f8b60cc5eab41f598412cdf8269312f32.m3u8, From: subscribe, IPv_Type: ipv6, Location: 美国, ISP: CloudFlare Inc., Date: None, Delay: 0.1 ms, Speed: inf M/s, Resolution: 1920x1080
Name: 黑龙江卫视, URL: http://[2409:8087:1e03:21::2]:6060/cms001/ch00000090990000001031/index.m3u8, From: subscribe, IPv_Type: ipv6, Location: 中国, ISP: 中国移动, Date: None, Delay: 0.1 ms, Speed: inf M/s, Resolution: 1920x1080
Name: 黑龙江卫视, URL: http://[2409:8087:3428:20:500::100f]:6610/PLTV/88888888/224/3221225862/index.m3u8?servicetype=1&IASHttpSessionId=RR423820220409134714119178, From: subscribe, IPv_Type: ipv6, Location: 中国, ISP: 中国移动, Date: None, Delay: 0.1 ms, Speed: inf M/s, Resolution: 1920x1080
Name: 黑龙江卫视, URL: http://[2409:8087:3428:20:500::1009]:6610/PLTV/88888888/224/3221225862/index.m3u8?servicetype=1&IASHttpSessionId=RR423820220409134714119178, From: subscribe, IPv_Type: ipv6, Location: 中国, ISP: 中国移动, Date: None, Delay: 0.1 ms, Speed: inf M/s, Resolution: 1920x1080
Name: 黑龙江卫视, URL: http://[2409:8087:4c0a:22:1::11]:6410/170000001115/UmaiCHAN181356BESTVSMGSMG/index.m3u8, From: subscribe, IPv_Type: ipv6, Location: 中国, ISP: 中国移动, Date: None, Delay: 0.1 ms, Speed: inf M/s, Resolution: 1920x1080
Name: 黑龙江卫视, URL: http://[2409:8087:74f0:22::6]:6410/270000001128/9900000521/index.m3u8, From: subscribe, IPv_Type: ipv6, Location: 中国, ISP: 中国移动, Date: None, Delay: 0.1 ms, Speed: inf M/s, Resolution: 1920x1080
Name: 黑龙江卫视, URL: http://[2409:8087:1a01:df::7005]/ottrrs.hl.chinamobile.com/PLTV/88888888/224/3221226327/index.m3u8, From: subscribe, IPv_Type: ipv6, Location: 中国, ISP: 中国移动, Date: None, Delay: 0.1 ms, Speed: inf M/s, Resolution: 1920x1080
Name: 黑龙江卫视, URL: http://[2409:8087:5e00:24::1e]:6060/200000001898/460000089800010056/1.m3u8, From: subscribe, IPv_Type: ipv6, Location: 中国, ISP: 中国移动, Date: None, Delay: 0.1 ms, Speed: inf M/s, Resolution: 1920x1080
Name: 黑龙江卫视, URL: http://[2409:8087:8:21::18]:6610/otttv.bj.chinamobile.com/PLTV/88888888/224/3221226965/1.m3u8?GuardEncType=2&accountinfo=%7E%7EV2.0%7E7UiKL56-L86ihmTWaZ6csw%7EtP4-l0lmSfjwLWEfK_el1vH_mv-s1zo4AQJwdedaVwG9xkuFTDg8J26cwOrNJzn20BErrHdLhuZ9EzLUCD3PMW-OMx4MGteHV2vLeW6BqoY%2CEND, From: subscribe, IPv_Type: ipv6, Location: 中国, ISP: 中国移动, Date: None, Delay: -1 ms, Speed: 0.00 M/s, Resolution: None
Name: 黑龙江卫视, URL: http://[2409:8087:3869:8021:1001::e5]:6610/PLTV/88888888/224/3221225690/2/index.m3u8, From: subscribe, IPv_Type: ipv6, Location: 中国, ISP: 中国移动, Date: None, Delay: -1 ms, Speed: 0.00 M/s, Resolution: None
Name: 黑龙江卫视, URL: http://[2409:8087:3869:8021:1001::e5]:6610/PLTV/88888888/224/3221225586/2/index.m3u8, From: subscribe, IPv_Type: ipv6, Location: 中国, ISP: 中国移动, Date: None, Delay: -1 ms, Speed: 0.00 M/s, Resolution: None
Name: 黑龙江卫视, URL: http://[2409:8087:3869:8021:1001::e5]:6610/PLTV/88888888/224/3221225736/2/index.m3u8, From: subscribe, IPv_Type: ipv6, Location: 中国, ISP: 中国移动, Date: None, Delay: -1 ms, Speed: 0.00 M/s, Resolution: None
Name: 黑龙江卫视, URL: http://rrs01.hw.gmcc.net:8088/PLTV/81/224/3221226716/1.m3u8, From: subscribe, IPv_Type: ipv6, Location: 中国, ISP: 中国移动, Date: None, Delay: -1 ms, Speed: 0.00 M/s, Resolution: None
Name: 黑龙江卫视, URL: https://hls-gateway.vpstv.net/streams/708854.m3u8, From: subscribe, IPv_Type: ipv6, Location: 美国, ISP: CloudFlare Inc., Date: None, Delay: -1 ms, Speed: 0.00 M/s, Resolution: None
Name: 黑龙江卫视, URL: http://[2409:8087:1a15:10d1::33]/ottrrs.hl.chinamobile.com/PLTV/88888888/224/3221226327/index.m3u8, From: subscribe, IPv_Type: ipv6, Location: 中国, ISP: 中国移动, Date: None, Delay: -1 ms, Speed: 0.00 M/s, Resolution: None
Name: 黑龙江卫视, URL: http://[2409:8087:5e08:25::16]:6610/200000001898/460000089800010056/1.m3u8, From: subscribe, IPv_Type: ipv6, Location: 中国, ISP: 中国移动, Date: None, Delay: -1 ms, Speed: 0.00 M/s, Resolution: None
Name: 黑龙江卫视, URL: https://mursor.ottiptv.cc/mcp/heilongjiang.m3u8, From: subscribe, IPv_Type: ipv6, Location: 美国, ISP: Oracle Corporation, Date: None, Delay: -1 ms, Speed: 0.00 M/s, Resolution: None
Name: 黑龙江卫视, URL: https://migu.188766.xyz/?migutoken=2ae2bfcfa77bfbd130792a36ddcf281a&id=hljws&type=sz, From: subscribe, IPv_Type: ipv6, Location: 美国, ISP: CloudFlare Inc., Date: None, Delay: -1 ms, Speed: 0.00 M/s, Resolution: None
Name: 黑龙江卫视, URL: https://cc06.tv12.xyz/53.m3u8, From: subscribe, IPv_Type: ipv6, Location: 美国, ISP: CloudFlare Inc., Date: None, Delay: -1 ms, Speed: 0.00 M/s, Resolution: None
Name: 安徽卫视, URL: https://iptv.catvod.com/live.php?id=%E5%AE%89%E5%BE%BD, From: local, IPv_Type: ipv6, Location: 美国, ISP: CloudFlare Inc., Date: None, Delay: -1 ms, Speed: 0.00 M/s, Resolution: None
Name: 安徽卫视, URL: http://php.jdshipin.com/TVOD/hljyd.php?id=3221226391, From: subscribe, IPv_Type: ipv6, Location: 美国, ISP: CloudFlare Inc., Date: None, Delay: 0.1 ms, Speed: inf M/s, Resolution: 1920x1080
Name: 安徽卫视, URL: http://j.x.bkpcp.top/jx/ANHUIHD, From: subscribe, IPv_Type: ipv6, Location: 美国, ISP: CloudFlare Inc., Date: None, Delay: 0.1 ms, Speed: inf M/s, Resolution: 1920x1080
Name: 安徽卫视, URL: http://iptv.huuc.edu.cn/hls/ahhd.m3u8, From: subscribe, IPv_Type: ipv6, Location: 中国, ISP: 教育网, Date: None, Delay: 0.1 ms, Speed: inf M/s, Resolution: 1920x1080
Name: 安徽卫视, URL: http://dsj.motem.top:8880/bptv/10000100000000050000000003873469.m3u8, From: subscribe, IPv_Type: ipv6, Location: 美国, ISP: CloudFlare Inc., Date: None, Delay: 0.1 ms, Speed: inf M/s, Resolution: 1920x1080
Name: 安徽卫视, URL: http://z.b.bkpcp.top/m.php?id=ahws, From: subscribe, IPv_Type: ipv6, Location: 美国, ISP: CloudFlare Inc., Date: None, Delay: 0.1 ms, Speed: inf M/s, Resolution: 1920x1080
Name: 安徽卫视, URL: http://[2409:8087:1a0a:df::404b]/ottrrs.hl.chinamobile.com/TVOD/88888888/224/3221226391/index.m3u8, From: subscribe, IPv_Type: ipv6, Location: 中国, ISP: 中国移动, Date: None, Delay: 0.1 ms, Speed: inf M/s, Resolution: 1920x1080
Name: 安徽卫视, URL: http://[2409:8087:1a01:df::4077]/ottrrs.hl.chinamobile.com/PLTV/88888888/8/3221226498/index.m3u8, From: subscribe, IPv_Type: ipv6, Location: 中国, ISP: 中国移动, Date: None, Delay: 0.1 ms, Speed: inf M/s, Resolution: 1920x1080
Name: 安徽卫视, URL: http://[2409:8087:1a01:df::4077]/ottrrs.hl.chinamobile.com/PLTV/88888888/8/3221226391/index.m3u8, From: subscribe, IPv_Type: ipv6, Location: 中国, ISP: 中国移动, Date: None, Delay: 0.1 ms, Speed: inf M/s, Resolution: 1920x1080
Name: 安徽卫视, URL: http://[2409:8087:2001:20:2800:0:df6e:eb12]/wh7f454c46tw2802330256_375747539/ott.mobaibox.com/PLTV/3/224/3221227558/index.m3u8?icpid=3&RTS=1668597596&from=40&popid=40&hms_devid=2112&prioritypopid=40&vqe=3, From: subscribe, IPv_Type: ipv6, Location: 中国, ISP: 中国移动, Date: None, Delay: 0.1 ms, Speed: inf M/s, Resolution: 1920x1080
Name: 安徽卫视, URL: http://yc.myds.me:35455/itv/6000000001000009954.m3u8?cdn=wasusyt, From: subscribe, IPv_Type: ipv6, Location: 中国, ISP: 中国电信, Date: None, Delay: 0.1 ms, Speed: inf M/s, Resolution: 1920x1080
Name: 安徽卫视, URL: http://nas.suntao.online:35455/itv/1000000001000030159.m3u8?cdn=ystenlive, From: subscribe, IPv_Type: ipv6, Location: 中国, ISP: 中国联通, Date: None, Delay: 0.1 ms, Speed: inf M/s, Resolution: 1920x1080
Name: 安徽卫视, URL: http://iptv.cdn.ha.chinamobile.com/PLTV/88888888/224/3221227230/index.m3u8, From: subscribe, IPv_Type: ipv6, Location: 中国, ISP: 中国移动, Date: None, Delay: 0.1 ms, Speed: inf M/s, Resolution: 1920x1080
Name: 安徽卫视, URL: http://lu.wqwqwq.sbs/itv/1000000005000265025.m3u8?cdn=ystenlive, From: subscribe, IPv_Type: ipv6, Location: 美国, ISP: CloudFlare Inc., Date: None, Delay: 0.1 ms, Speed: inf M/s, Resolution: 1920x1080
Name: 安徽卫视, URL: http://dbiptv.sn.chinamobile.com/PLTV/88888888/224/3221226196/1.m3u8, From: subscribe, IPv_Type: ipv6, Location: 中国, ISP: 中国移动, Date: None, Delay: 0.1 ms, Speed: inf M/s, Resolution: 1920x1080
Name: 安徽卫视, URL: https://stream1.freetv.fun/fd5b9c563728d8fb69fea32ba4ed01d8eeeb316e1c8d7d7a5c8a688e95d14785.m3u8, From: subscribe, IPv_Type: ipv6, Location: 美国, ISP: CloudFlare Inc., Date: None, Delay: 0.1 ms, Speed: inf M/s, Resolution: 1920x1080
Name: 安徽卫视, URL: https://stream1.freetv.fun/a9be08089c9d15abe0bf7a88c8c87b644d55ed4e1a3b117bf9bdf6caf232696e.m3u8, From: subscribe, IPv_Type: ipv6, Location: 美国, ISP: CloudFlare Inc., Date: None, Delay: 0.1 ms, Speed: inf M/s, Resolution: 1920x1080
Name: 安徽卫视, URL: https://stream1.freetv.fun/cdfbe455fb831ea9ed9682a5c21b5a04e91c0b311137e44af31d325f23c9029d.m3u8, From: subscribe, IPv_Type: ipv6, Location: 美国, ISP: CloudFlare Inc., Date: None, Delay: 0.1 ms, Speed: inf M/s, Resolution: 1920x1080
Name: 安徽卫视, URL: https://stream1.freetv.fun/f81f172236a3ae061ebfa4f744e0e4df0a98e55499dc57d585073c81d366eb54.m3u8, From: subscribe, IPv_Type: ipv6, Location: 美国, ISP: CloudFlare Inc., Date: None, Delay: 0.1 ms, Speed: inf M/s, Resolution: 1920x1080
Name: 安徽卫视, URL: https://stream1.freetv.fun/3db6340e04c19913bc16b227b8547df71fa7b082907bd6242e7dd09d35661e8e.m3u8, From: subscribe, IPv_Type: ipv6, Location: 美国, ISP: CloudFlare Inc., Date: None, Delay: 0.1 ms, Speed: inf M/s, Resolution: 1920x1080
Name: 安徽卫视, URL: https://stream1.freetv.fun/9c9db38199b42fd1dab2e638a2078d83cbb2548aa664d7bfcce3a78570a2051a.m3u8, From: subscribe, IPv_Type: ipv6, Location: 美国, ISP: CloudFlare Inc., Date: None, Delay: 0.1 ms, Speed: inf M/s, Resolution: 1920x1080
Name: 安徽卫视, URL: https://stream1.freetv.fun/628f836552ae45288a839fd956c4e358ed2a16c7082ee854f37c299abfba9803.m3u8, From: subscribe, IPv_Type: ipv6, Location: 美国, ISP: CloudFlare Inc., Date: None, Delay: 0.1 ms, Speed: inf M/s, Resolution: 1920x1080
Name: 安徽卫视, URL: https://stream1.freetv.fun/fd1949e201c9a2b869f8ae6c74edce04e66c6e43897de0091916986770c24414.m3u8, From: subscribe, IPv_Type: ipv6, Location: 美国, ISP: CloudFlare Inc., Date: None, Delay: 0.1 ms, Speed: inf M/s, Resolution: 1920x1080
Name: 安徽卫视, URL: https://stream1.freetv.fun/21954b8aca89d17d6b188ebaa4a9782b8ede2997ba5434e49fa4c3bd45a4ef9a.m3u8, From: subscribe, IPv_Type: ipv6, Location: 美国, ISP: CloudFlare Inc., Date: None, Delay: 0.1 ms, Speed: inf M/s, Resolution: 1920x1080
Name: 安徽卫视, URL: https://stream1.freetv.fun/d49a1d695e1f53fd655e8b900478419355290340f4ebdccf3a1389eb8f99fdee.m3u8, From: subscribe, IPv_Type: ipv6, Location: 美国, ISP: CloudFlare Inc., Date: None, Delay: 0.1 ms, Speed: inf M/s, Resolution: 1920x1080
Name: 安徽卫视, URL: https://stream1.freetv.fun/53d71ffaac70e69addf7a793ff9be0cc4d4add943c50d4c0f961451286665b19.m3u8, From: subscribe, IPv_Type: ipv6, Location: 美国, ISP: CloudFlare Inc., Date: None, Delay: 0.1 ms, Speed: inf M/s, Resolution: 1920x1080
Name: 安徽卫视, URL: https://stream1.freetv.fun/1bdd22917df7b18c40de5b27bf116ab0183d3b909aed4e8c090e26235af96a9e.m3u8, From: subscribe, IPv_Type: ipv6, Location: 美国, ISP: CloudFlare Inc., Date: None, Delay: 0.1 ms, Speed: inf M/s, Resolution: 1920x1080
Name: 安徽卫视, URL: https://stream1.freetv.fun/9cdad0b4fbdc85efc783479b2a1d809e6ad06c2f0d0a01191f4b104a11693980.m3u8, From: subscribe, IPv_Type: ipv6, Location: 美国, ISP: CloudFlare Inc., Date: None, Delay: 0.1 ms, Speed: inf M/s, Resolution: 1920x1080
Name: 安徽卫视, URL: https://stream1.freetv.fun/906b7dfc8501d563ce9e6384ef2b315281f4c89810d86a84adaa146096498593.m3u8, From: subscribe, IPv_Type: ipv6, Location: 美国, ISP: CloudFlare Inc., Date: None, Delay: 0.1 ms, Speed: inf M/s, Resolution: 1920x1080
Name: 安徽卫视, URL: https://stream1.freetv.fun/ef0b1fb51498d187e9a02e3c98cf560b9b60c8059d49fb3a6c3e5548c84cc523.m3u8, From: subscribe, IPv_Type: ipv6, Location: 美国, ISP: CloudFlare Inc., Date: None, Delay: 0.1 ms, Speed: inf M/s, Resolution: 1920x1080
Name: 安徽卫视, URL: https://stream1.freetv.fun/7350af12feb5b0d1d77261d1d2086d9f8c1374e5ef5f3ff7fb8fb7fd09692b2f.m3u8, From: subscribe, IPv_Type: ipv6, Location: 美国, ISP: CloudFlare Inc., Date: None, Delay: 0.1 ms, Speed: inf M/s, Resolution: 1920x1080
Name: 安徽卫视, URL: https://stream1.freetv.fun/7b36934ffbf6a7ce148c03d0bf4aa3668c868f164404f5ba4baf91094c06d581.m3u8, From: subscribe, IPv_Type: ipv6, Location: 美国, ISP: CloudFlare Inc., Date: None, Delay: 0.1 ms, Speed: inf M/s, Resolution: 1920x1080
Name: 安徽卫视, URL: https://stream1.freetv.fun/3b132909c51ece5bb6a4c50973030c42c593bd7b8c67c8914018a6250309efcb.m3u8, From: subscribe, IPv_Type: ipv6, Location: 美国, ISP: CloudFlare Inc., Date: None, Delay: 0.1 ms, Speed: inf M/s, Resolution: 1920x1080
Name: 安徽卫视, URL: https://stream1.freetv.fun/a06c5ae93a12771663f13ee6cc6a7fb5386db2116a5d765b8471f881a4b8569c.m3u8, From: subscribe, IPv_Type: ipv6, Location: 美国, ISP: CloudFlare Inc., Date: None, Delay: 0.1 ms, Speed: inf M/s, Resolution: 1920x1080
Name: 安徽卫视, URL: https://stream1.freetv.fun/aa9b31c1dbeffb511830532e0b8f1413b48dd2c61e59e843d19ba9fc3a073241.m3u8, From: subscribe, IPv_Type: ipv6, Location: 美国, ISP: CloudFlare Inc., Date: None, Delay: 0.1 ms, Speed: inf M/s, Resolution: 1920x1080
Name: 安徽卫视, URL: https://stream1.freetv.fun/4078e7515acfeb817260423a635931b5dafb07af568fe27dedb729f35491040a.m3u8, From: subscribe, IPv_Type: ipv6, Location: 美国, ISP: CloudFlare Inc., Date: None, Delay: 0.1 ms, Speed: inf M/s, Resolution: 1920x1080
Name: 安徽卫视, URL: https://stream1.freetv.fun/4578c4cc1ec1e3a44b49c0377bcc7ad2f839ca97cf3f744a9959ab9a30f736fb.m3u8, From: subscribe, IPv_Type: ipv6, Location: 美国, ISP: CloudFlare Inc., Date: None, Delay: 0.1 ms, Speed: inf M/s, Resolution: 1920x1080
Name: 安徽卫视, URL: https://stream1.freetv.fun/9b5b5c5949d83212b8aea9804acf7e7824ec7953c35179389e75c9cd358573e8.m3u8, From: subscribe, IPv_Type: ipv6, Location: 美国, ISP: CloudFlare Inc., Date: None, Delay: 0.1 ms, Speed: inf M/s, Resolution: 1920x1080
Name: 安徽卫视, URL: https://stream1.freetv.fun/4c2c313a8d2ebef4ad9b9a71d735b7b2308394f3376b5376fdbe5d77cc5e9719.m3u8, From: subscribe, IPv_Type: ipv6, Location: 美国, ISP: CloudFlare Inc., Date: None, Delay: 0.1 ms, Speed: inf M/s, Resolution: 1920x1080
Name: 安徽卫视, URL: https://stream1.freetv.fun/5b4822a5ec2db203657ad69a37c8ee684490003ec64dfd80eb0c8074110f60e2.m3u8, From: subscribe, IPv_Type: ipv6, Location: 美国, ISP: CloudFlare Inc., Date: None, Delay: 0.1 ms, Speed: inf M/s, Resolution: 1920x1080
Name: 安徽卫视, URL: http://[2409:8087:2001:20:2800:0:df6e:eb13]:80/ott.mobaibox.com/PLTV/4/224/3221227558/index.m3u8, From: subscribe, IPv_Type: ipv6, Location: 中国, ISP: 中国移动, Date: None, Delay: 0.1 ms, Speed: inf M/s, Resolution: 1920x1080
Name: 安徽卫视, URL: http://[2409:8087:3428:20:500::100f]:6610/PLTV/88888888/224/3221225844/index.m3u8?servicetype=1&IASHttpSessionId=RR423820220409134714119178, From: subscribe, IPv_Type: ipv6, Location: 中国, ISP: 中国移动, Date: None, Delay: 0.1 ms, Speed: inf M/s, Resolution: 1920x1080
Name: 安徽卫视, URL: http://[2409:8087:3428:20:500::1009]:6610/PLTV/88888888/224/3221225844/index.m3u8?servicetype=1&IASHttpSessionId=RR423820220409134714119178, From: subscribe, IPv_Type: ipv6, Location: 中国, ISP: 中国移动, Date: None, Delay: 0.1 ms, Speed: inf M/s, Resolution: 1920x1080
Name: 安徽卫视, URL: http://[2409:8087:2001:20:2800:0:df6e:eb19]:80/wh7f454c46tw197120493_402056634/ott.mobaibox.com/PLTV/3/224/3221225634/index.m3u8?icpid=3&RTS=1674380312&from=40&popid=40&hms_devid=2113&prioritypopid=40&vqe=3, From: subscribe, IPv_Type: ipv6, Location: 中国, ISP: 中国移动, Date: None, Delay: 0.1 ms, Speed: inf M/s, Resolution: 1920x1080
Name: 安徽卫视, URL: http://[2409:8087:2001:20:2800:0:df6e:eb17]:80/wh7f454c46tw1543399939_-344486942/ott.mobaibox.com/PLTV/3/224/3221227759/index.m3u8?icpid=3&RTS=1674385953&from=40&popid=40&hms_devid=2114&prioritypopid=40&vqe=3, From: subscribe, IPv_Type: ipv6, Location: 中国, ISP: 中国移动, Date: None, Delay: 0.1 ms, Speed: inf M/s, Resolution: 1920x1080
Name: 安徽卫视, URL: http://[2409:8087:2001:20:2800:0:df6e:eb11]:80/wh7f454c46tw1748810169_-884235889/ott.mobaibox.com/PLTV/3/224/3221228153/index.m3u8?icpid=3&RTS=1674386159&from=40&popid=40&hms_devid=2110&prioritypopid=40&vqe=3, From: subscribe, IPv_Type: ipv6, Location: 中国, ISP: 中国移动, Date: None, Delay: 0.1 ms, Speed: inf M/s, Resolution: 1920x1080
Name: 安徽卫视, URL: http://[2409:8087:1e03:21::42]:6610/cms001/ch00000090990000001037/index.m3u8, From: subscribe, IPv_Type: ipv6, Location: 中国, ISP: 中国移动, Date: None, Delay: 0.1 ms, Speed: inf M/s, Resolution: 1920x1080
Name: 安徽卫视, URL: http://[2409:8087:5e01:34::38]:6610/ZTE_CMS/00000001000000060000000000000368/index.m3u8, From: subscribe, IPv_Type: ipv6, Location: 中国, ISP: 中国移动, Date: None, Delay: 0.1 ms, Speed: inf M/s, Resolution: 1920x1080
Name: 安徽卫视, URL: http://[2409:8087:4c0a:22:1::11]:6410/170000001115/UmaiCHAN3540416BESTVSMGSMG/index.m3u8?m3u8_level=2, From: subscribe, IPv_Type: ipv6, Location: 中国, ISP: 中国移动, Date: None, Delay: 0.1 ms, Speed: inf M/s, Resolution: 1920x1080
Name: 安徽卫视, URL: http://[2409:8087:5e01:34::20]:6610/ZTE_CMS/00000001000000060000000000000368/index.m3u8?IAS, From: subscribe, IPv_Type: ipv6, Location: 中国, ISP: 中国移动, Date: None, Delay: 0.1 ms, Speed: inf M/s, Resolution: 1920x1080
Name: 安徽卫视, URL: http://[2409:8087:5e01:34::23]:6610/ZTE_CMS/00000001000000060000000000000368/index.m3u8?IAS, From: subscribe, IPv_Type: ipv6, Location: 中国, ISP: 中国移动, Date: None, Delay: 0.1 ms, Speed: inf M/s, Resolution: 1920x1080
Name: 安徽卫视, URL: http://[2409:8087:5e01:34::21]:6610/ZTE_CMS/00000001000000060000000000000368/index.m3u8?IAS, From: subscribe, IPv_Type: ipv6, Location: 中国, ISP: 中国移动, Date: None, Delay: 0.1 ms, Speed: inf M/s, Resolution: 1920x1080
Name: 安徽卫视, URL: http://[2409:8087:5e01:34::22]:6610/ZTE_CMS/00000001000000060000000000000368/index.m3u8?IAS, From: subscribe, IPv_Type: ipv6, Location: 中国, ISP: 中国移动, Date: None, Delay: 0.1 ms, Speed: inf M/s, Resolution: 1920x1080
Name: 安徽卫视, URL: http://[2409:8087:1e03:21::2]:6060/cms001/ch00000090990000001037/index.m3u8, From: subscribe, IPv_Type: ipv6, Location: 中国, ISP: 中国移动, Date: None, Delay: 0.1 ms, Speed: inf M/s, Resolution: 1920x1080
Name: 安徽卫视, URL: http://[2409:8087:3428:20:500::100f]:6610/PLTV/88888888/224/3221227178/index.m3u8?servicetype=1&IASHttpSessionId=RR423820220409134714119178, From: subscribe, IPv_Type: ipv6, Location: 中国, ISP: 中国移动, Date: None, Delay: 0.1 ms, Speed: inf M/s, Resolution: 1920x1080
Name: 安徽卫视, URL: http://[2409:8087:3428:20:500::1009]:6610/PLTV/88888888/224/3221227178/index.m3u8?servicetype=1&IASHttpSessionId=RR423820220409134714119178, From: subscribe, IPv_Type: ipv6, Location: 中国, ISP: 中国移动, Date: None, Delay: 0.1 ms, Speed: inf M/s, Resolution: 1920x1080
Name: 安徽卫视, URL: http://[2409:8087:74f0:22::7]:6410/270000001128/9900000514/index.m3u8, From: subscribe, IPv_Type: ipv6, Location: 中国, ISP: 中国移动, Date: None, Delay: 0.1 ms, Speed: inf M/s, Resolution: 1920x1080
Name: 安徽卫视, URL: http://[2409:8087:1a01:df::7005]/ottrrs.hl.chinamobile.com/PLTV/88888888/224/3221226391/index.m3u8, From: subscribe, IPv_Type: ipv6, Location: 中国, ISP: 中国移动, Date: None, Delay: 0.1 ms, Speed: inf M/s, Resolution: 1920x1080
Name: 安徽卫视, URL: http://[2409:8087:5e00:24::1e]:6060/200000001898/460000089800010041/1.m3u8, From: subscribe, IPv_Type: ipv6, Location: 中国, ISP: 中国移动, Date: None, Delay: 0.1 ms, Speed: inf M/s, Resolution: 1920x1080
Name: 安徽卫视, URL: http://[2409:8087:3869:8021:1001::e5]:6610/PLTV/88888910/224/3221225691/index.m3u8, From: subscribe, IPv_Type: ipv6, Location: 中国, ISP: 中国移动, Date: None, Delay: -1 ms, Speed: 0.00 M/s, Resolution: None
Name: 安徽卫视, URL: http://[2409:8087:8:21::18]:6610/otttv.bj.chinamobile.com/PLTV/88888888/224/3221226943/1.m3u8?GuardEncType=2&accountinfo=%7E%7EV2.0%7E0QmKQ_slRCwvVVUUfxPVbw%7EtP4-l0lmSfjwLWEfK_el1vH_mv-s1zo4AQJwdedaVwG9xkuFTDg8J26cwOrNJzn20BErrHdLhuZ9EzLUCD3PMW-OMx4MGteHV2vLeW6BqoY%2CEND, From: subscribe, IPv_Type: ipv6, Location: 中国, ISP: 中国移动, Date: None, Delay: -1 ms, Speed: 0.00 M/s, Resolution: None
Name: 安徽卫视, URL: http://rrs01.hw.gmcc.net:8088/PLTV/81/224/3221226664/1.m3u8, From: subscribe, IPv_Type: ipv6, Location: 中国, ISP: 中国移动, Date: None, Delay: -1 ms, Speed: 0.00 M/s, Resolution: None
Name: 安徽卫视, URL: http://[2409:8087:1a15:10d1::39]/ottrrs.hl.chinamobile.com/PLTV/88888888/224/3221226391/index.m3u8, From: subscribe, IPv_Type: ipv6, Location: 中国, ISP: 中国移动, Date: None, Delay: -1 ms, Speed: 0.00 M/s, Resolution: None
Name: 安徽卫视, URL: http://[2409:8087:5e08:25::16]:6610/200000001898/460000089800010041/1.m3u8, From: subscribe, IPv_Type: ipv6, Location: 中国, ISP: 中国移动, Date: None, Delay: -1 ms, Speed: 0.00 M/s, Resolution: None
Name: 安徽卫视, URL: https://mursor.ottiptv.cc/mcp/anhui.m3u8, From: subscribe, IPv_Type: ipv6, Location: 美国, ISP: Oracle Corporation, Date: None, Delay: -1 ms, Speed: 0.00 M/s, Resolution: None
Name: 安徽卫视, URL: https://migu.188766.xyz/?migutoken=5b3405d3c4bfc76c7b5f57725d16e1b4&id=ahws&type=sz, From: subscribe, IPv_Type: ipv6, Location: 美国, ISP: CloudFlare Inc., Date: None, Delay: -1 ms, Speed: 0.00 M/s, Resolution: None
Name: 安徽卫视, URL: https://cc06.tv12.xyz/26.m3u8, From: subscribe, IPv_Type: ipv6, Location: 美国, ISP: CloudFlare Inc., Date: None, Delay: -1 ms, Speed: 0.00 M/s, Resolution: None
Name: 安徽卫视, URL: https://jzb.wwkejishe.top/?id=612, From: subscribe, IPv_Type: ipv6, Location: 美国, ISP: CloudFlare Inc., Date: None, Delay: -1 ms, Speed: 0.00 M/s, Resolution: None
Name: 重庆卫视, URL: https://iptv.catvod.com/live.php?id=%E9%87%8D%E5%BA%86%E5%8D%AB%E8%A7%86%E5%8F%B0, From: local, IPv_Type: ipv6, Location: 美国, ISP: CloudFlare Inc., Date: None, Delay: -1 ms, Speed: 0.00 M/s, Resolution: None
Name: 重庆卫视, URL: https://iptv.catvod.com/live.php?id=%E9%87%8D%E5%BA%86, From: local, IPv_Type: ipv6, Location: 美国, ISP: CloudFlare Inc., Date: None, Delay: -1 ms, Speed: 0.00 M/s, Resolution: None
Name: 重庆卫视, URL: http://php.jdshipin.com/TVOD/hnyd.php?id=200000001898/460000089800010053, From: subscribe, IPv_Type: ipv6, Location: 美国, ISP: CloudFlare Inc., Date: None, Delay: 0.1 ms, Speed: inf M/s, Resolution: 1920x1080
Name: 重庆卫视, URL: http://z.b.bkpcp.top/m.php?id=cqws, From: subscribe, IPv_Type: ipv6, Location: 美国, ISP: CloudFlare Inc., Date: None, Delay: 0.1 ms, Speed: inf M/s, Resolution: 1920x1080
Name: 重庆卫视, URL: http://j.x.bkpcp.top/jx/CHONGQHD, From: subscribe, IPv_Type: ipv6, Location: 美国, ISP: CloudFlare Inc., Date: None, Delay: 0.1 ms, Speed: inf M/s, Resolution: 1920x1080
Name: 重庆卫视, URL: http://iptv.huuc.edu.cn/hls/cqhd.m3u8, From: subscribe, IPv_Type: ipv6, Location: 中国, ISP: 教育网, Date: None, Delay: 0.1 ms, Speed: inf M/s, Resolution: 1920x1080
Name: 重庆卫视, URL: http://dsj.motem.top:8880/bptv/10000100000000050000000004796458.m3u8, From: subscribe, IPv_Type: ipv6, Location: 美国, ISP: CloudFlare Inc., Date: None, Delay: 0.1 ms, Speed: inf M/s, Resolution: 1920x1080
Name: 重庆卫视, URL: http://[2409:8087:1a0a:df::404b]/ottrrs.hl.chinamobile.com/TVOD/88888888/224/3221226409/index.m3u8, From: subscribe, IPv_Type: ipv6, Location: 中国, ISP: 中国移动, Date: None, Delay: 0.1 ms, Speed: inf M/s, Resolution: 1920x1080
Name: 重庆卫视, URL: http://[2409:8087:1a01:df::4077]/ottrrs.hl.chinamobile.com/PLTV/88888888/8/3221226409/index.m3u8, From: subscribe, IPv_Type: ipv6, Location: 中国, ISP: 中国移动, Date: None, Delay: 0.1 ms, Speed: inf M/s, Resolution: 1920x1080
Name: 重庆卫视, URL: http://[2409:8087:8:21::18]:6610/otttv.bj.chinamobile.com/PLTV/88888888/224/3221226337/1.m3u8, From: subscribe, IPv_Type: ipv6, Location: 中国, ISP: 中国移动, Date: None, Delay: 0.1 ms, Speed: inf M/s, Resolution: 1920x1080
Name: 重庆卫视, URL: http://[2409:8087:8:21::18]:6610/otttv.bj.chinamobile.com/PLTV/88888888/224/3221226518/1.m3u8, From: subscribe, IPv_Type: ipv6, Location: 中国, ISP: 中国移动, Date: None, Delay: 0.1 ms, Speed: inf M/s, Resolution: 1920x1080
Name: 重庆卫视, URL: http://[2409:8087:8:21::18]:6610/otttv.bj.chinamobile.com/PLTV/88888888/224/3221226569/1.m3u8, From: subscribe, IPv_Type: ipv6, Location: 中国, ISP: 中国移动, Date: None, Delay: 0.1 ms, Speed: inf M/s, Resolution: 1920x1080
Name: 重庆卫视, URL: http://[2409:8087:1e03:21::2]:6060/cms001/ch00000090990000001129/index.m3u8, From: subscribe, IPv_Type: ipv6, Location: 中国, ISP: 中国移动, Date: None, Delay: 0.1 ms, Speed: inf M/s, Resolution: 1920x1080
Name: 重庆卫视, URL: http://[2409:8087:2001:20:2800:0:df6e:eb09]:80/ott.mobaibox.com/PLTV/4/224/3221228133/index.m3u8, From: subscribe, IPv_Type: ipv6, Location: 中国, ISP: 中国移动, Date: None, Delay: 0.1 ms, Speed: inf M/s, Resolution: 1920x1080
Name: 重庆卫视, URL: http://goo.bkpcp.top/mg/cqws, From: subscribe, IPv_Type: ipv6, Location: 美国, ISP: CloudFlare Inc., Date: None, Delay: 0.1 ms, Speed: inf M/s, Resolution: 1920x1080
Name: 重庆卫视, URL: http://yc.myds.me:35455/itv/1000000005000265017.m3u8?cdn=ystenlive, From: subscribe, IPv_Type: ipv6, Location: 中国, ISP: 中国电信, Date: None, Delay: 0.1 ms, Speed: inf M/s, Resolution: 1920x1080
Name: 重庆卫视, URL: http://nas.suntao.online:35455/itv/1000000001000001096.m3u8?cdn=ystenlive, From: subscribe, IPv_Type: ipv6, Location: 中国, ISP: 中国联通, Date: None, Delay: 0.1 ms, Speed: inf M/s, Resolution: 1920x1080
Name: 重庆卫视, URL: http://iptv.cdn.ha.chinamobile.com/PLTV/88888888/224/3221227220/index.m3u8, From: subscribe, IPv_Type: ipv6, Location: 中国, ISP: 中国移动, Date: None, Delay: 0.1 ms, Speed: inf M/s, Resolution: 1920x1080
Name: 重庆卫视, URL: https://stream1.freetv.fun/b9f205578f15321cdeac2291efa202a62fb3b6fc3f3a1761d51b9357e7916be7.m3u8, From: subscribe, IPv_Type: ipv6, Location: 美国, ISP: CloudFlare Inc., Date: None, Delay: 0.1 ms, Speed: inf M/s, Resolution: 1920x1080
Name: 重庆卫视, URL: https://stream1.freetv.fun/c72f84278b832bcfd46c00f06205712127958af17226d7f200bc87ac10710657.m3u8, From: subscribe, IPv_Type: ipv6, Location: 美国, ISP: CloudFlare Inc., Date: None, Delay: 0.1 ms, Speed: inf M/s, Resolution: 1920x1080
Name: 重庆卫视, URL: https://stream1.freetv.fun/c698772cba1205023be7edde28880ad3afa7b9233348b3b7535889c8346bda8e.m3u8, From: subscribe, IPv_Type: ipv6, Location: 美国, ISP: CloudFlare Inc., Date: None, Delay: 0.1 ms, Speed: inf M/s, Resolution: 1920x1080
Name: 重庆卫视, URL: https://stream1.freetv.fun/5c547f13879814211b3520cdd451f613af0fc5badf33ae9ae5ff3cb87b4a6450.m3u8, From: subscribe, IPv_Type: ipv6, Location: 美国, ISP: CloudFlare Inc., Date: None, Delay: 0.1 ms, Speed: inf M/s, Resolution: 1920x1080
Name: 重庆卫视, URL: http://lu.wqwqwq.sbs/itv/1000000005000265017.m3u8?cdn=ystenlive, From: subscribe, IPv_Type: ipv6, Location: 美国, ISP: CloudFlare Inc., Date: None, Delay: 0.1 ms, Speed: inf M/s, Resolution: 1920x1080
Name: 重庆卫视, URL: http://dbiptv.sn.chinamobile.com/PLTV/88888888/224/3221226202/1.m3u8, From: subscribe, IPv_Type: ipv6, Location: 中国, ISP: 中国移动, Date: None, Delay: 0.1 ms, Speed: inf M/s, Resolution: 1920x1080
Name: 重庆卫视, URL: https://stream1.freetv.fun/6b1a26475db46a339ef3275d2919c0598cf23fe3b089042766d48d6adeb71982.m3u8, From: subscribe, IPv_Type: ipv6, Location: 美国, ISP: CloudFlare Inc., Date: None, Delay: 0.1 ms, Speed: inf M/s, Resolution: 1920x1080
Name: 重庆卫视, URL: https://stream1.freetv.fun/27c97b52b691976b4c65e1c35a326edaa9898f0472a019cd0f0ca510d09dbb83.m3u8, From: subscribe, IPv_Type: ipv6, Location: 美国, ISP: CloudFlare Inc., Date: None, Delay: 0.1 ms, Speed: inf M/s, Resolution: 1920x1080
Name: 重庆卫视, URL: https://stream1.freetv.fun/510f06a8ed50091f676aa58478fc64a819f2d0c2ee23926cfa3d51e9f23f5b4c.m3u8, From: subscribe, IPv_Type: ipv6, Location: 美国, ISP: CloudFlare Inc., Date: None, Delay: 0.1 ms, Speed: inf M/s, Resolution: 1920x1080
Name: 重庆卫视, URL: https://stream1.freetv.fun/4543a4fedb4b0305397de293bd1cc011da668e92ebdf50e8292e89f5a47db138.m3u8, From: subscribe, IPv_Type: ipv6, Location: 美国, ISP: CloudFlare Inc., Date: None, Delay: 0.1 ms, Speed: inf M/s, Resolution: 1920x1080
Name: 重庆卫视, URL: https://stream1.freetv.fun/f5a9cba48397ca39e64e0b0f221ba9bbea65d43777bfa710c3f6088618acb537.m3u8, From: subscribe, IPv_Type: ipv6, Location: 美国, ISP: CloudFlare Inc., Date: None, Delay: 0.1 ms, Speed: inf M/s, Resolution: 1920x1080
Name: 重庆卫视, URL: https://stream1.freetv.fun/0ac1193cee60cff10162574344db89dfa7b137be99c86bc18ba567ec8db22c5e.m3u8, From: subscribe, IPv_Type: ipv6, Location: 美国, ISP: CloudFlare Inc., Date: None, Delay: 0.1 ms, Speed: inf M/s, Resolution: 1920x1080
Name: 重庆卫视, URL: https://stream1.freetv.fun/3518c19b7d72af3bf818a6db52c47cad14bc2d628e5bf15e88d0dc1b1cce39b8.m3u8, From: subscribe, IPv_Type: ipv6, Location: 美国, ISP: CloudFlare Inc., Date: None, Delay: 0.1 ms, Speed: inf M/s, Resolution: 1920x1080
Name: 重庆卫视, URL: https://stream1.freetv.fun/7d3790a676d07fee5399a2780e889792b8ec401ef0de7b6e4e58747b63a76e48.m3u8, From: subscribe, IPv_Type: ipv6, Location: 美国, ISP: CloudFlare Inc., Date: None, Delay: 0.1 ms, Speed: inf M/s, Resolution: 1920x1080
Name: 重庆卫视, URL: https://stream1.freetv.fun/d0c576acbd75c27b59d5edc281ecbaa5deec8a9fd298dde789fde6f498f05e5a.m3u8, From: subscribe, IPv_Type: ipv6, Location: 美国, ISP: CloudFlare Inc., Date: None, Delay: 0.1 ms, Speed: inf M/s, Resolution: 1920x1080
Name: 重庆卫视, URL: https://stream1.freetv.fun/260cb3559c2f6318728981a6409dd83a1a6a62ef07185c85be3f30b16b909ed9.m3u8, From: subscribe, IPv_Type: ipv6, Location: 美国, ISP: CloudFlare Inc., Date: None, Delay: 0.1 ms, Speed: inf M/s, Resolution: 1920x1080
Name: 重庆卫视, URL: https://stream1.freetv.fun/ad49d819eef31d583493cdaa6c4bc6ef9efbd5e7185d508675fb96bb81847051.m3u8, From: subscribe, IPv_Type: ipv6, Location: 美国, ISP: CloudFlare Inc., Date: None, Delay: 0.1 ms, Speed: inf M/s, Resolution: 1920x1080
Name: 重庆卫视, URL: https://stream1.freetv.fun/1fe7f1b5b68a880923d9a065e419d7346a432bf53b28eeed61d394604f2134ea.m3u8, From: subscribe, IPv_Type: ipv6, Location: 美国, ISP: CloudFlare Inc., Date: None, Delay: 0.1 ms, Speed: inf M/s, Resolution: 1920x1080
Name: 重庆卫视, URL: https://stream1.freetv.fun/b6af4654cff784a3c2e7edd6a23b27c804fe4f54623331338e81dd36d6a9bb20.m3u8, From: subscribe, IPv_Type: ipv6, Location: 美国, ISP: CloudFlare Inc., Date: None, Delay: 0.1 ms, Speed: inf M/s, Resolution: 1920x1080
Name: 重庆卫视, URL: https://stream1.freetv.fun/db87bc979d1c5004a4b6403aa42c8cc09da751ecd2f1cf27806cf13032ea15e4.m3u8, From: subscribe, IPv_Type: ipv6, Location: 美国, ISP: CloudFlare Inc., Date: None, Delay: 0.1 ms, Speed: inf M/s, Resolution: 1920x1080
Name: 重庆卫视, URL: https://stream1.freetv.fun/bb04cf3c5dd759d4ff3784a39617f5420b570e0464db587458b3196430b09e94.m3u8, From: subscribe, IPv_Type: ipv6, Location: 美国, ISP: CloudFlare Inc., Date: None, Delay: 0.1 ms, Speed: inf M/s, Resolution: 1920x1080
Name: 重庆卫视, URL: https://stream1.freetv.fun/730d6ed099678c8d9c9e2e58ba193f41ab05c79e09ee390cb3e98c2d5237a65c.m3u8, From: subscribe, IPv_Type: ipv6, Location: 美国, ISP: CloudFlare Inc., Date: None, Delay: 0.1 ms, Speed: inf M/s, Resolution: 1920x1080
Name: 重庆卫视, URL: http://hwrr.jx.chinamobile.com:8080/PLTV/88888888/224/3221225612/index.m3u8?fmt=ts2hls, From: subscribe, IPv_Type: ipv6, Location: 中国, ISP: 中国移动, Date: None, Delay: 0.1 ms, Speed: inf M/s, Resolution: 1920x1080
Name: 重庆卫视, URL: http://[2409:8087:3428:20:500::100f]:6610/PLTV/88888888/224/3221225831/index.m3u8?servicetype=1&IASHttpSessionId=RR423820220409134714119178, From: subscribe, IPv_Type: ipv6, Location: 中国, ISP: 中国移动, Date: None, Delay: 0.1 ms, Speed: inf M/s, Resolution: 1920x1080
Name: 重庆卫视, URL: http://[2409:8087:3428:20:500::1009]:6610/PLTV/88888888/224/3221227240/index.m3u8?servicetype=1&IASHttpSessionId=RR423820220409134714119178, From: subscribe, IPv_Type: ipv6, Location: 中国, ISP: 中国移动, Date: None, Delay: 0.1 ms, Speed: inf M/s, Resolution: 1920x1080
Name: 重庆卫视, URL: http://[2409:8087:1e03:21::42]:6610/cms001/ch00000090990000001129/index.m3u8, From: subscribe, IPv_Type: ipv6, Location: 中国, ISP: 中国移动, Date: None, Delay: 0.1 ms, Speed: inf M/s, Resolution: 1920x1080
Name: 重庆卫视, URL: http://[2409:8087:4c0a:22:1::11]:6410/170000001115/UmaiCHAN3840707BESTVSMGSMG9/index.m3u8?m3u8_level=2, From: subscribe, IPv_Type: ipv6, Location: 中国, ISP: 中国移动, Date: None, Delay: 0.1 ms, Speed: inf M/s, Resolution: 1920x1080
Name: 重庆卫视, URL: http://[2409:8087:5e01:34::38]:6610/ZTE_CMS/00000001000000060000000000000523/index.m3u8, From: subscribe, IPv_Type: ipv6, Location: 中国, ISP: 中国移动, Date: None, Delay: 0.1 ms, Speed: inf M/s, Resolution: 1920x1080
Name: 重庆卫视, URL: http://[2409:8087:5e01:34::20]:6610/ZTE_CMS/00000001000000060000000000000523/index.m3u8?IAS, From: subscribe, IPv_Type: ipv6, Location: 中国, ISP: 中国移动, Date: None, Delay: 0.1 ms, Speed: inf M/s, Resolution: 1920x1080
Name: 重庆卫视, URL: http://[2409:8087:5e01:34::22]:6610/ZTE_CMS/00000001000000060000000000000523/index.m3u8?IAS, From: subscribe, IPv_Type: ipv6, Location: 中国, ISP: 中国移动, Date: None, Delay: 0.1 ms, Speed: inf M/s, Resolution: 1920x1080
Name: 重庆卫视, URL: http://[2409:8087:5e01:34::23]:6610/ZTE_CMS/00000001000000060000000000000523/index.m3u8?IAS, From: subscribe, IPv_Type: ipv6, Location: 中国, ISP: 中国移动, Date: None, Delay: 0.1 ms, Speed: inf M/s, Resolution: 1920x1080
Name: 重庆卫视, URL: http://[2409:8087:5e01:34::21]:6610/ZTE_CMS/00000001000000060000000000000523/index.m3u8?IAS, From: subscribe, IPv_Type: ipv6, Location: 中国, ISP: 中国移动, Date: None, Delay: 0.1 ms, Speed: inf M/s, Resolution: 1920x1080
Name: 重庆卫视, URL: http://[2409:8087:3428:20:500::100f]:6610/PLTV/88888888/224/3221227240/index.m3u8?servicetype=1&IASHttpSessionId=RR423820220409134714119178, From: subscribe, IPv_Type: ipv6, Location: 中国, ISP: 中国移动, Date: None, Delay: 0.1 ms, Speed: inf M/s, Resolution: 1920x1080
Name: 重庆卫视, URL: http://[2409:8087:2001:20:2800:0:df6e:eb16]:80/wh7f454c46tw1552893761_-1608513550/ott.mobaibox.com/PLTV/3/224/3221227632/index.m3u8?icpid=3&RTS=1674385963&from=40&popid=40&hms_devid=2114&prioritypopid=40&vqe=3, From: subscribe, IPv_Type: ipv6, Location: 中国, ISP: 中国移动, Date: None, Delay: 0.1 ms, Speed: inf M/s, Resolution: 1920x1080
Name: 重庆卫视, URL: http://[2409:8087:2001:20:2800:0:df6e:eb1b]:80/wh7f454c46tw514879444_-1075144663/ott.mobaibox.com/PLTV/3/224/3221227550/index.m3u8?icpid=3&RTS=1674380630&from=40&popid=40&hms_devid=2116&prioritypopid=40&vqe=3, From: subscribe, IPv_Type: ipv6, Location: 中国, ISP: 中国移动, Date: None, Delay: 0.1 ms, Speed: inf M/s, Resolution: 1920x1080
Name: 重庆卫视, URL: http://[2409:8087:2001:20:2800:0:df6e:eb0d]:80/wh7f454c46tw515202699_-176956124/ott.mobaibox.com/PLTV/3/224/3221227729/index.m3u8?icpid=3&RTS=1674380630&from=40&popid=40&hms_devid=2040&prioritypopid=40&vqe=3, From: subscribe, IPv_Type: ipv6, Location: 中国, ISP: 中国移动, Date: None, Delay: 0.1 ms, Speed: inf M/s, Resolution: 1920x1080
Name: 重庆卫视, URL: http://[2409:8087:74f0:22::7]:6410/270000001128/9900000517/index.m3u8, From: subscribe, IPv_Type: ipv6, Location: 中国, ISP: 中国移动, Date: None, Delay: 0.1 ms, Speed: inf M/s, Resolution: 1920x1080
Name: 重庆卫视, URL: http://[2409:8087:1a01:df::7005]/ottrrs.hl.chinamobile.com/PLTV/88888888/224/3221226409/index.m3u8, From: subscribe, IPv_Type: ipv6, Location: 中国, ISP: 中国移动, Date: None, Delay: 0.1 ms, Speed: inf M/s, Resolution: 1920x1080
Name: 重庆卫视, URL: http://[2409:8087:5e00:24::1e]:6060/200000001898/460000089800010053/1.m3u8, From: subscribe, IPv_Type: ipv6, Location: 中国, ISP: 中国移动, Date: None, Delay: 0.1 ms, Speed: inf M/s, Resolution: 1920x1080
Name: 重庆卫视, URL: http://[2409:8087:3869:8021:1001::e5]:6610/PLTV/88888888/224/3221225612/2/index.m3u8, From: subscribe, IPv_Type: ipv6, Location: 中国, ISP: 中国移动, Date: None, Delay: -1 ms, Speed: 0.00 M/s, Resolution: None
Name: 重庆卫视, URL: http://[2409:8087:3869:8021:1001::e5]:6610/PLTV/88888888/224/3221225734/2/index.m3u8, From: subscribe, IPv_Type: ipv6, Location: 中国, ISP: 中国移动, Date: None, Delay: -1 ms, Speed: 0.00 M/s, Resolution: None
Name: 重庆卫视, URL: http://[2409:8087:8:21::18]:6610/otttv.bj.chinamobile.com/PLTV/88888888/224/3221226963/1.m3u8?GuardEncType=2&accountinfo=%7E%7EV2.0%7EjTXsJprEx2nE38tdvu5lhA%7EtP4-l0lmSfjwLWEfK_el1vH_mv-s1zo4AQJwdedaVwG9xkuFTDg8J26cwOrNJzn20BErrHdLhuZ9EzLUCD3PMW-OMx4MGteHV2vLeW6BqoY%2CEND, From: subscribe, IPv_Type: ipv6, Location: 中国, ISP: 中国移动, Date: None, Delay: -1 ms, Speed: 0.00 M/s, Resolution: None
Name: 重庆卫视, URL: http://[2409:8087:3869:8021:1001::e5]:6610/PLTV/88888888/224/3221225692/2/index.m3u8, From: subscribe, IPv_Type: ipv6, Location: 中国, ISP: 中国移动, Date: None, Delay: -1 ms, Speed: 0.00 M/s, Resolution: None
Name: 重庆卫视, URL: http://rrs01.hw.gmcc.net:8088/PLTV/81/224/3221226680/1.m3u8, From: subscribe, IPv_Type: ipv6, Location: 中国, ISP: 中国移动, Date: None, Delay: -1 ms, Speed: 0.00 M/s, Resolution: None
Name: 重庆卫视, URL: http://[2409:8087:1a15:10d1::36]/ottrrs.hl.chinamobile.com/PLTV/88888888/224/3221226409/index.m3u8, From: subscribe, IPv_Type: ipv6, Location: 中国, ISP: 中国移动, Date: None, Delay: -1 ms, Speed: 0.00 M/s, Resolution: None
Name: 重庆卫视, URL: http://[2409:8087:5e08:25::16]:6610/200000001898/460000089800010053/1.m3u8, From: subscribe, IPv_Type: ipv6, Location: 中国, ISP: 中国移动, Date: None, Delay: -1 ms, Speed: 0.00 M/s, Resolution: None
Name: 重庆卫视, URL: https://mursor.ottiptv.cc/mcp/chongqing.m3u8, From: subscribe, IPv_Type: ipv6, Location: 美国, ISP: Oracle Corporation, Date: None, Delay: -1 ms, Speed: 0.00 M/s, Resolution: None
Name: 重庆卫视, URL: https://migu.188766.xyz/?migutoken=742c9c7b9fe7e7ab390f4e6371d55092&id=cqws&type=sz, From: subscribe, IPv_Type: ipv6, Location: 美国, ISP: CloudFlare Inc., Date: None, Delay: -1 ms, Speed: 0.00 M/s, Resolution: None
Name: 重庆卫视, URL: https://cc06.tv12.xyz/34.m3u8, From: subscribe, IPv_Type: ipv6, Location: 美国, ISP: CloudFlare Inc., Date: None, Delay: -1 ms, Speed: 0.00 M/s, Resolution: None
Name: 重庆卫视, URL: https://jzb.wwkejishe.top/?id=607, From: subscribe, IPv_Type: ipv6, Location: 美国, ISP: CloudFlare Inc., Date: None, Delay: -1 ms, Speed: 0.00 M/s, Resolution: None
Name: 东方卫视, URL: https://iptv.catvod.com/live.php?id=%E4%B8%9C%E6%96%B9%E5%8D%AB%E8%A7%86%E5%8F%B0, From: local, IPv_Type: ipv6, Location: 美国, ISP: CloudFlare Inc., Date: None, Delay: -1 ms, Speed: 0.00 M/s, Resolution: None
Name: 东方卫视, URL: https://iptv.catvod.com/live.php?id=%E4%B8%9C%E6%96%B9, From: local, IPv_Type: ipv6, Location: 美国, ISP: CloudFlare Inc., Date: None, Delay: -1 ms, Speed: 0.00 M/s, Resolution: None
Name: 东方卫视, URL: http://php.jdshipin.com/TVOD/hnyd.php?id=200000001898/460000089800010054, From: subscribe, IPv_Type: ipv6, Location: 美国, ISP: CloudFlare Inc., Date: None, Delay: 0.1 ms, Speed: inf M/s, Resolution: 1920x1080
Name: 东方卫视, URL: http://z.b.bkpcp.top/m.php?id=dfws#rtsp://115.85.232.19/PLTV/88888910/224/3221225531/10000100000000060000000000107311_0.smil, From: subscribe, IPv_Type: ipv6, Location: 美国, ISP: CloudFlare Inc., Date: None, Delay: 0.1 ms, Speed: inf M/s, Resolution: 1920x1080
Name: 东方卫视, URL: http://goo.bkpcp.top/mg/dfws, From: subscribe, IPv_Type: ipv6, Location: 美国, ISP: CloudFlare Inc., Date: None, Delay: 0.1 ms, Speed: inf M/s, Resolution: 1920x1080
Name: 东方卫视, URL: http://iptv.huuc.edu.cn/hls/dfhd.m3u8, From: subscribe, IPv_Type: ipv6, Location: 中国, ISP: 教育网, Date: None, Delay: 0.1 ms, Speed: inf M/s, Resolution: 1920x1080
Name: 东方卫视, URL: https://www.freetv.top/migu/651632648.m3u8?migutoken=67b4219a3e6acdcf288118ed6bf84d3197052966f0bc854079b6038b3fca6437744ca78bb0ea1fad6f61b4c73d0df57bd8b539ec247fd28ce16d1375716bbf774ea19c99e4585bb828fa3851c0, From: subscribe, IPv_Type: ipv6, Location: 美国-加利福尼亚州-圣克拉拉, ISP: DigitalOcean, Date: None, Delay: 0.1 ms, Speed: inf M/s, Resolution: 1920x1080
Name: 东方卫视, URL: http://dsj.motem.top:8880/bptv/10000100000000050000000003873462.m3u8, From: subscribe, IPv_Type: ipv6, Location: 美国, ISP: CloudFlare Inc., Date: None, Delay: 0.1 ms, Speed: inf M/s, Resolution: 1920x1080
Name: 东方卫视, URL: https://bp-cdn-ali.bestv.cn/enhance/bestvdfws_enhance.m3u8?auth_key=1746334807-ddb61092a75249868c8bd1834313f437-0-8a760296d281d86bc4612f5fc4f85247, From: subscribe, IPv_Type: ipv6, Location: 中国, ISP: 中国电信, Date: None, Delay: 0.1 ms, Speed: inf M/s, Resolution: 1920x1080
Name: 东方卫视, URL: https://live.lalifeier.eu.org/kankanews/dfws.m3u8?t=1746372302&key=04c79ed1fd72dbd3188040c54dc3858b, From: subscribe, IPv_Type: ipv6, Location: 美国, ISP: CloudFlare Inc., Date: None, Delay: 0.1 ms, Speed: inf M/s, Resolution: 1920x1080
Name: 东方卫视, URL: https://live.lalifeier.eu.org/kankanews/dfws.m3u8?t=1746379256&key=19bcfc963d4ae84eb8beb4f01087a8ab, From: subscribe, IPv_Type: ipv6, Location: 美国, ISP: CloudFlare Inc., Date: None, Delay: 0.1 ms, Speed: inf M/s, Resolution: 1920x1080
Name: 东方卫视, URL: https://live.lalifeier.eu.org/kankanews/dfws.m3u8?t=1746393735&key=ebd80a46e19064eb1a305a39fe3d15d2, From: subscribe, IPv_Type: ipv6, Location: 美国, ISP: CloudFlare Inc., Date: None, Delay: 0.1 ms, Speed: inf M/s, Resolution: 1920x1080
Name: 东方卫视, URL: https://bp-cdn-ali.bestv.cn/enhance/bestvdfws_enhance.m3u8?auth_key=1746162006-718c0d1373f7409eada27f8dbe2094f2-0-b3064557b1865cbf12be599d750986fb, From: subscribe, IPv_Type: ipv6, Location: 中国, ISP: 中国电信, Date: None, Delay: 0.1 ms, Speed: inf M/s, Resolution: 1920x1080
Name: 东方卫视, URL: http://[2409:8087:1a01:df::4077]:80/ottrrs.hl.chinamobile.com/yinhe/88888888/224/3221226345/index.m3u8, From: subscribe, IPv_Type: ipv6, Location: 中国, ISP: 中国移动, Date: None, Delay: -1 ms, Speed: 0.00 M/s, Resolution: None
Name: 东方卫视, URL: http://[2409:8087:1a0a:df::404b]/ottrrs.hl.chinamobile.com/TVOD/88888888/224/3221226345/index.m3u8, From: subscribe, IPv_Type: ipv6, Location: 中国, ISP: 中国移动, Date: None, Delay: 0.1 ms, Speed: inf M/s, Resolution: 1920x1080
Name: 东方卫视, URL: http://[2409:8087:1a01:df::4077]/ottrrs.hl.chinamobile.com/PLTV/88888888/8/3221226345/index.m3u8, From: subscribe, IPv_Type: ipv6, Location: 中国, ISP: 中国移动, Date: None, Delay: 0.1 ms, Speed: inf M/s, Resolution: 1920x1080
Name: 东方卫视, URL: https://bp-cdn-ali.bestv.cn/enhance/bestvdfws_enhance.m3u8?auth_key=1745902806-7dc1aed6625747feb7e41ec09ab15200-0-683de0778ee6e364c28e16431cd50443, From: subscribe, IPv_Type: ipv6, Location: 中国, ISP: 中国电信, Date: None, Delay: 0.1 ms, Speed: inf M/s, Resolution: 1920x1080
Name: 东方卫视, URL: https://www.freetv.top/migu/651632648.m3u8?migutoken=82404ece5a3e1172fe62375275fbec1972e5760ebab5a792834d63b128c6d25cdbb7e8922093aebaf6b4ff8a12f4970bb82639383bb1571a21e1e74fda3c763651392bb4b918419230e8b830e0, From: subscribe, IPv_Type: ipv6, Location: 美国-加利福尼亚州-圣克拉拉, ISP: DigitalOcean, Date: None, Delay: 0.1 ms, Speed: inf M/s, Resolution: 1920x1080
Name: 东方卫视, URL: https://www.freetv.top/migu/651632648.m3u8?migutoken=39d71e54ce845693dcf18d448e47f4bcb96160d6a4d5cdce70a4b176510154f11641d32ad88b38d8c436057539f8e2fa3ec0ea15c8300f4bac8fcf7959caa82d1c409b9fbb89340797a38c624e, From: subscribe, IPv_Type: ipv6, Location: 美国-加利福尼亚州-圣克拉拉, ISP: DigitalOcean, Date: None, Delay: 0.1 ms, Speed: inf M/s, Resolution: 1920x1080
Name: 东方卫视, URL: https://www.freetv.top/migu/651632648.m3u8?migutoken=d403039fa45cf7d529b6d60f2013bb301f0c8307f8963a33f46435ff086b28e4099cb523a6a3363b17a4f74b52c83d12b497292d07e7233384e97ebf993f7c940ec7fe4f5f2190f2a21e419ac9, From: subscribe, IPv_Type: ipv6, Location: 美国-加利福尼亚州-圣克拉拉, ISP: DigitalOcean, Date: None, Delay: 0.1 ms, Speed: inf M/s, Resolution: 1920x1080
Name: 东方卫视, URL: https://www.freetv.top/migu/651632648.m3u8?migutoken=09c24b255d931b105b2a0e0e73a2fce2a18eee043d7a80fc7edd3f45e8733a027c9a3344cf85daf80107cb437dc0f0309e092eddf78b6e8fad23169f7600e832abe4c34f59e2db45f1ef90144c, From: subscribe, IPv_Type: ipv6, Location: 美国-加利福尼亚州-圣克拉拉, ISP: DigitalOcean, Date: None, Delay: 0.1 ms, Speed: inf M/s, Resolution: 1920x1080
Name: 东方卫视, URL: https://www.freetv.top/migu/651632648.m3u8?migutoken=1b29e441e8d640f9f4d3b7f1798bd6cd0036bcfcab7fb7353718a02767b7d7a91bd78405a1b2ae2b5a477e2b6964c8e1c10e40b15cf06fc2a353f8968e69c78ea27ea0e65ab6eaf17ed9e0b8bc, From: subscribe, IPv_Type: ipv6, Location: 美国-加利福尼亚州-圣克拉拉, ISP: DigitalOcean, Date: None, Delay: 0.1 ms, Speed: inf M/s, Resolution: 1920x1080
Name: 东方卫视, URL: https://www.freetv.top/migu/651632648.m3u8?migutoken=c9a7a392335b6f990a4b233b6066770e1330aa6b6fed2a47f3985567ef8988af1b02bf0adfcc1243deb1fb6fb57ade7c90aa1550041f7c3dfe329e36daf55d57c902f86accec6e30f8ee9b773f, From: subscribe, IPv_Type: ipv6, Location: 美国-加利福尼亚州-圣克拉拉, ISP: DigitalOcean, Date: None, Delay: 0.1 ms, Speed: inf M/s, Resolution: 1920x1080
Name: 东方卫视, URL: https://www.freetv.top/migu/651632648.m3u8?migutoken=70f8eed447e228f3a56a4c95bfd1ef7936ab4f75e51e3265478e1262b62f33a7d7a4be2d80fd3585f29cd990ea0ee9d67f76f299229509e007f26ccd58641bc444d7baeccead6d0915dae8e089, From: subscribe, IPv_Type: ipv6, Location: 美国-加利福尼亚州-圣克拉拉, ISP: DigitalOcean, Date: None, Delay: 0.1 ms, Speed: inf M/s, Resolution: 1920x1080
Name: 东方卫视, URL: http://yc.myds.me:35455/itv/5000000004000014098.m3u8?cdn=bestzb, From: subscribe, IPv_Type: ipv6, Location: 中国, ISP: 中国电信, Date: None, Delay: 0.1 ms, Speed: inf M/s, Resolution: 1920x1080
Name: 东方卫视, URL: http://iptv.cdn.ha.chinamobile.com/PLTV/88888888/224/3221227199/index.m3u8, From: subscribe, IPv_Type: ipv6, Location: 中国, ISP: 中国移动, Date: None, Delay: 0.1 ms, Speed: inf M/s, Resolution: 1920x1080
Name: 东方卫视, URL: http://lu.wqwqwq.sbs/itv/1000000005000265018.m3u8?cdn=ystenlive, From: subscribe, IPv_Type: ipv6, Location: 美国, ISP: CloudFlare Inc., Date: None, Delay: 0.1 ms, Speed: inf M/s, Resolution: 1920x1080
Name: 东方卫视, URL: http://dbiptv.sn.chinamobile.com/PLTV/88888888/224/3221225797/1.m3u8, From: subscribe, IPv_Type: ipv6, Location: 中国, ISP: 中国移动, Date: None, Delay: 0.1 ms, Speed: inf M/s, Resolution: 1920x1080
Name: 东方卫视, URL: http://hwrr.jx.chinamobile.com:8080/PLTV/88888888/224/3221225489/index.m3u8?fmt=ts2hls, From: subscribe, IPv_Type: ipv6, Location: 中国, ISP: 中国移动, Date: None, Delay: 0.1 ms, Speed: inf M/s, Resolution: 1920x1080
Name: 东方卫视, URL: http://[2409:8087:2001:20:2800:0:df6e:eb16]:80/ott.mobaibox.com/PLTV/4/224/3221227511/index.m3u8, From: subscribe, IPv_Type: ipv6, Location: 中国, ISP: 中国移动, Date: None, Delay: 0.1 ms, Speed: inf M/s, Resolution: 1920x1080
Name: 东方卫视, URL: http://[2409:8087:3428:20:500::100f]:6610/PLTV/88888888/224/3221226603/index.m3u8?servicetype=1&IASHttpSessionId=RR423820220409134714119178, From: subscribe, IPv_Type: ipv6, Location: 中国, ISP: 中国移动, Date: None, Delay: 0.1 ms, Speed: inf M/s, Resolution: 1920x1080
Name: 东方卫视, URL: http://[2409:8087:3428:20:500::100f]:6610/PLTV/88888888/224/3221226560/index.m3u8?servicetype=1&IASHttpSessionId=RR423820220409134714119178, From: subscribe, IPv_Type: ipv6, Location: 中国, ISP: 中国移动, Date: None, Delay: 0.1 ms, Speed: inf M/s, Resolution: 1920x1080
Name: 东方卫视, URL: http://[2409:8087:3428:20:500::100f]:6610/PLTV/88888888/224/3221227059/index.m3u8?servicetype=1&IASHttpSessionId=RR423820220409134714119178, From: subscribe, IPv_Type: ipv6, Location: 中国, ISP: 中国移动, Date: None, Delay: 0.1 ms, Speed: inf M/s, Resolution: 1920x1080
Name: 东方卫视, URL: http://[2409:8087:3428:20:500::100f]:6610/PLTV/88888888/224/3221226895/index.m3u8?servicetype=1&IASHttpSessionId=RR423820220409134714119178, From: subscribe, IPv_Type: ipv6, Location: 中国, ISP: 中国移动, Date: None, Delay: 0.1 ms, Speed: inf M/s, Resolution: 1920x1080
Name: 东方卫视, URL: http://[2409:8087:3428:20:500::1009]:6610/PLTV/88888888/224/3221226603/index.m3u8?servicetype=1&IASHttpSessionId=RR423820220409134714119178, From: subscribe, IPv_Type: ipv6, Location: 中国, ISP: 中国移动, Date: None, Delay: 0.1 ms, Speed: inf M/s, Resolution: 1920x1080
Name: 东方卫视, URL: http://[2409:8087:3428:20:500::1009]:6610/PLTV/88888888/224/3221226560/index.m3u8?servicetype=1&IASHttpSessionId=RR423820220409134714119178, From: subscribe, IPv_Type: ipv6, Location: 中国, ISP: 中国移动, Date: None, Delay: 0.1 ms, Speed: inf M/s, Resolution: 1920x1080
Name: 东方卫视, URL: http://[2409:8087:3428:20:500::1009]:6610/PLTV/88888888/224/3221227059/index.m3u8?servicetype=1&IASHttpSessionId=RR423820220409134714119178, From: subscribe, IPv_Type: ipv6, Location: 中国, ISP: 中国移动, Date: None, Delay: 0.1 ms, Speed: inf M/s, Resolution: 1920x1080
Name: 东方卫视, URL: http://[2409:8087:3428:20:500::1009]:6610/PLTV/88888888/224/3221226895/index.m3u8?servicetype=1&IASHttpSessionId=RR423820220409134714119178, From: subscribe, IPv_Type: ipv6, Location: 中国, ISP: 中国移动, Date: None, Delay: 0.1 ms, Speed: inf M/s, Resolution: 1920x1080
Name: 东方卫视, URL: http://[2409:8087:2001:20:2800:0:df6e:eb18]:80/wh7f454c46tw1540523289_-2010744264/ott.mobaibox.com/PLTV/3/224/3221227597/index.m3u8?icpid=3&RTS=1674385950&from=40&popid=40&hms_devid=2113&prioritypopid=40&vqe=3, From: subscribe, IPv_Type: ipv6, Location: 中国, ISP: 中国移动, Date: None, Delay: 0.1 ms, Speed: inf M/s, Resolution: 1920x1080
Name: 东方卫视, URL: http://[2409:8087:2001:20:2800:0:df6e:eb0b]:80/wh7f454c46tw1928465870_439778439/ott.mobaibox.com/PLTV/3/224/3221227732/index.m3u8?icpid=3&RTS=1674386338&from=40&popid=40&hms_devid=2038&prioritypopid=40&vqe=3, From: subscribe, IPv_Type: ipv6, Location: 中国, ISP: 中国移动, Date: None, Delay: 0.1 ms, Speed: inf M/s, Resolution: 1920x1080
Name: 东方卫视, URL: http://[2409:8087:2001:20:2800:0:df6e:eb0c]:80/wh7f454c46tw1746983786_-1453355574/ott.mobaibox.com/PLTV/3/224/3221227688/index.m3u8?icpid=3&RTS=1674386157&from=40&popid=40&hms_devid=2040&prioritypopid=40&vqe=3, From: subscribe, IPv_Type: ipv6, Location: 中国, ISP: 中国移动, Date: None, Delay: 0.1 ms, Speed: inf M/s, Resolution: 1920x1080
Name: 东方卫视, URL: http://[2409:8087:2001:20:2800:0:df6e:eb1b]:80/wh7f454c46tw1588003974_1980521361/ott.mobaibox.com/PLTV/3/224/3221228150/index.m3u8?icpid=3&RTS=1674381703&from=40&popid=40&hms_devid=2116&prioritypopid=40&vqe=3, From: subscribe, IPv_Type: ipv6, Location: 中国, ISP: 中国移动, Date: None, Delay: 0.1 ms, Speed: inf M/s, Resolution: 1920x1080
Name: 东方卫视, URL: http://[2409:8087:2001:20:2800:0:df6e:eb17]:80/wh7f454c46tw1928619653_-1503168431/ott.mobaibox.com/PLTV/3/224/3221227511/index.m3u8?icpid=3&RTS=1674386339&from=40&popid=40&hms_devid=2114&prioritypopid=40&vqe=3, From: subscribe, IPv_Type: ipv6, Location: 中国, ISP: 中国移动, Date: None, Delay: 0.1 ms, Speed: inf M/s, Resolution: 1920x1080
Name: 东方卫视, URL: http://[2409:8087:1e03:21::42]:6610/cms001/ch00000090990000001013/index.m3u8, From: subscribe, IPv_Type: ipv6, Location: 中国, ISP: 中国移动, Date: None, Delay: 0.1 ms, Speed: inf M/s, Resolution: 1920x1080
Name: 东方卫视, URL: http://[2409:8087:4c0a:22:1::11]:6410/170000001115/UmaiCHAN111131BESTVSMGSMG/index.m3u8?m3u8_level=2, From: subscribe, IPv_Type: ipv6, Location: 中国, ISP: 中国移动, Date: None, Delay: 0.1 ms, Speed: inf M/s, Resolution: 1920x1080
Name: 东方卫视, URL: http://[2409:8087:5e01:34::38]:6610/ZTE_CMS/00000001000000060000000000000182/index.m3u8, From: subscribe, IPv_Type: ipv6, Location: 中国, ISP: 中国移动, Date: None, Delay: 0.1 ms, Speed: inf M/s, Resolution: 1920x1080
Name: 东方卫视, URL: http://[2409:8087:5e01:34::23]:6610/ZTE_CMS/00000001000000060000000000000182/index.m3u8?IAS, From: subscribe, IPv_Type: ipv6, Location: 中国, ISP: 中国移动, Date: None, Delay: 0.1 ms, Speed: inf M/s, Resolution: 1920x1080
Name: 东方卫视, URL: http://[2409:8087:5e01:34::22]:6610/ZTE_CMS/00000001000000060000000000000182/index.m3u8?IAS, From: subscribe, IPv_Type: ipv6, Location: 中国, ISP: 中国移动, Date: None, Delay: 0.1 ms, Speed: inf M/s, Resolution: 1920x1080
Name: 东方卫视, URL: http://[2409:8087:5e01:34::20]:6610/ZTE_CMS/00000001000000060000000000000182/index.m3u8?IAS, From: subscribe, IPv_Type: ipv6, Location: 中国, ISP: 中国移动, Date: None, Delay: 0.1 ms, Speed: inf M/s, Resolution: 1920x1080
Name: 东方卫视, URL: http://[2409:8087:5e01:34::21]:6610/ZTE_CMS/00000001000000060000000000000182/index.m3u8?IAS, From: subscribe, IPv_Type: ipv6, Location: 中国, ISP: 中国移动, Date: None, Delay: 0.1 ms, Speed: inf M/s, Resolution: 1920x1080
Name: 东方卫视, URL: https://www.freetv.top/migu/651632648.m3u8?migutoken=95759756a54e94e55327bb13b854f38b8804506300bc7b2dc6d7896518d1cb705d68a47d6e445836946d997e2a858592d4082bf57643ec7ac74aa8bdd99fb70b8ab534cb9b55a950291eb07c63, From: subscribe, IPv_Type: ipv6, Location: 美国-加利福尼亚州-圣克拉拉, ISP: DigitalOcean, Date: None, Delay: 0.1 ms, Speed: inf M/s, Resolution: 1920x1080
Name: 东方卫视, URL: https://www.freetv.top/migu/651632648.m3u8?migutoken=6c3ad966ab21a09d75cd7c650e98f47332acc033ff8b9ec4fd233dd140f355862447ef3a9137c0feed4b463f51efc8dd4d06420ea479ee57eec3b86d362afb0868f196cec548111db9f13e71ff, From: subscribe, IPv_Type: ipv6, Location: 美国-加利福尼亚州-圣克拉拉, ISP: DigitalOcean, Date: None, Delay: 0.1 ms, Speed: inf M/s, Resolution: 1920x1080
Name: 东方卫视, URL: https://www.freetv.top/migu/651632648.m3u8?migutoken=e765bb663396911e0fa027f64c4378a4811b733586444461515451642f01e401c61987a7256405e562f272d4a45cf003c8974fd47f47765203988df87102570687a04fcdd402aa62918f1cad2f, From: subscribe, IPv_Type: ipv6, Location: 美国-加利福尼亚州-圣克拉拉, ISP: DigitalOcean, Date: None, Delay: 0.1 ms, Speed: inf M/s, Resolution: 1920x1080
Name: 东方卫视, URL: https://stream1.freetv.fun/dong-fang-wei-shi-gao-qing-6.ctv, From: subscribe, IPv_Type: ipv6, Location: 美国, ISP: CloudFlare Inc., Date: None, Delay: 0.1 ms, Speed: inf M/s, Resolution: 1920x1080
Name: 东方卫视, URL: https://stream1.freetv.fun/dong-fang-wei-shi-gao-qing-10.ctv, From: subscribe, IPv_Type: ipv6, Location: 美国, ISP: CloudFlare Inc., Date: None, Delay: -1 ms, Speed: 0.00 M/s, Resolution: None
Name: 东方卫视, URL: https://epg.pw/stream/6aec3ea636542c53729b5c9dd290864ab04d4a69d2b9cb7864a9898779915898.m3u8, From: subscribe, IPv_Type: ipv6, Location: 美国, ISP: CloudFlare Inc., Date: None, Delay: 0.1 ms, Speed: inf M/s, Resolution: 1920x1080
Name: 东方卫视, URL: http://[2409:8087:1e03:21::2]:6060/cms001/ch00000090990000001013/index.m3u8, From: subscribe, IPv_Type: ipv6, Location: 中国, ISP: 中国移动, Date: None, Delay: 0.1 ms, Speed: inf M/s, Resolution: 1920x1080
Name: 东方卫视, URL: http://[2409:8087:3428:20:500::100f]:6610/PLTV/88888888/224/3221225828/index.m3u8?servicetype=1&IASHttpSessionId=RR423820220409134714119178, From: subscribe, IPv_Type: ipv6, Location: 中国, ISP: 中国移动, Date: None, Delay: 0.1 ms, Speed: inf M/s, Resolution: 1920x1080
Name: 东方卫视, URL: http://[2409:8087:3428:20:500::1009]:6610/PLTV/88888888/224/3221225828/index.m3u8?servicetype=1&IASHttpSessionId=RR423820220409134714119178, From: subscribe, IPv_Type: ipv6, Location: 中国, ISP: 中国移动, Date: None, Delay: 0.1 ms, Speed: inf M/s, Resolution: 1920x1080
Name: 东方卫视, URL: http://[2409:8087:2001:20:2800:0:df6e:eb21]:80/wh7f454c46tw145917302_1381458537/ott.mobaibox.com/PLTV/3/224/3221228425/index.m3u8?icpid=3&RTS=1674371671&from=40&popid=40&hms_devid=2290&prioritypopid=40&vqe=3, From: subscribe, IPv_Type: ipv6, Location: 中国, ISP: 中国移动, Date: None, Delay: 0.1 ms, Speed: inf M/s, Resolution: 1920x1080
Name: 东方卫视, URL: http://[2409:8087:74f0:22::5]:6410/270000001128/9900000518/index.m3u8, From: subscribe, IPv_Type: ipv6, Location: 中国, ISP: 中国移动, Date: None, Delay: 0.1 ms, Speed: inf M/s, Resolution: 1920x1080
Name: 东方卫视, URL: http://[2409:8087:1a01:df::7005]/ottrrs.hl.chinamobile.com/PLTV/88888888/224/3221226345/index.m3u8, From: subscribe, IPv_Type: ipv6, Location: 中国, ISP: 中国移动, Date: None, Delay: 0.1 ms, Speed: inf M/s, Resolution: 1920x1080
Name: 东方卫视, URL: http://[2409:8087:5e00:24::1e]:6060/200000001898/460000089800010054/1.m3u8, From: subscribe, IPv_Type: ipv6, Location: 中国, ISP: 中国移动, Date: None, Delay: 0.1 ms, Speed: inf M/s, Resolution: 1920x1080
Name: 东方卫视, URL: http://[2409:8087:3869:8021:1001::e5]:6610/PLTV/88888910/224/3221225659/index.m3u8, From: subscribe, IPv_Type: ipv6, Location: 中国, ISP: 中国移动, Date: None, Delay: -1 ms, Speed: 0.00 M/s, Resolution: None
Name: 东方卫视, URL: http://[2409:8087:8:21::18]:6610/otttv.bj.chinamobile.com/PLTV/88888888/224/3221226898/1.m3u8?GuardEncType=2&accountinfo=%7E%7EV2.0%7E0uh4lyjjBCCN7TCq21vSIQ%7EtP4-l0lmSfjwLWEfK_el1vH_mv-s1zo4AQJwdedaVwG9xkuFTDg8J26cwOrNJzn20BErrHdLhuZ9EzLUCD3PMW-OMx4MGteHV2vLeW6BqoY%2CEND, From: subscribe, IPv_Type: ipv6, Location: 中国, ISP: 中国移动, Date: None, Delay: -1 ms, Speed: 0.00 M/s, Resolution: None
Name: 东方卫视, URL: http://rrs01.hw.gmcc.net:8088/PLTV/81/224/3221226734/1.m3u8, From: subscribe, IPv_Type: ipv6, Location: 中国, ISP: 中国移动, Date: None, Delay: -1 ms, Speed: 0.00 M/s, Resolution: None
Name: 东方卫视, URL: http://[2409:8087:1a15:10d1::37]/ottrrs.hl.chinamobile.com/PLTV/88888888/224/3221225735/index.m3u8, From: subscribe, IPv_Type: ipv6, Location: 中国, ISP: 中国移动, Date: None, Delay: -1 ms, Speed: 0.00 M/s, Resolution: None
Name: 东方卫视, URL: http://[2409:8087:5e08:25::16]:6610/200000001898/460000089800010054/1.m3u8, From: subscribe, IPv_Type: ipv6, Location: 中国, ISP: 中国移动, Date: None, Delay: -1 ms, Speed: 0.00 M/s, Resolution: None
Name: 东方卫视, URL: https://mursor.ottiptv.cc/mcp/dongfang.m3u8, From: subscribe, IPv_Type: ipv6, Location: 美国, ISP: Oracle Corporation, Date: None, Delay: -1 ms, Speed: 0.00 M/s, Resolution: None
Name: 东方卫视, URL: https://migu.188766.xyz/?migutoken=c001347ac09b8b618d91b54c54d98e6a&id=%E4%B8%9C%E6%96%B9%E5%8D%AB%E8%A7%86&pp=1, From: subscribe, IPv_Type: ipv6, Location: 美国, ISP: CloudFlare Inc., Date: None, Delay: -1 ms, Speed: 0.00 M/s, Resolution: None
Name: 东方卫视, URL: http://gslbmgsplive.miguvideo.com/wd_r4/dfl/dongfangwshd/1200/index.m3u8?msisdn=202509190801332004c7b89a414322b1f4517e1f70915c&mdspid=&spid=600697&netType=0&sid=5910022185&pid=2028597139&timestamp=20250919080133&Channel_ID=0116_2600000900-99000-201600010010027&ProgramID=651632648&ParentNodeID=-99&assertID=5910022185&client_ip=106.13.250.88&SecurityKey=20250919080133&promotionId=&mvid=5100043384&mcid=500020&playurlVersion=WX-A1-8.9.1-RELEASE&userid=&jmhm=&videocodec=h264&bean=mgspad&tid=android&conFee=0&puData=38d5aa4d767f71b881d69a0db3bd32fd&ddCalcu=d3f8e2d1351da0ba34bdd706a79f67d11b88, From: subscribe, IPv_Type: ipv6, Location: 中国, ISP: 中国移动, Date: None, Delay: -1 ms, Speed: 0.00 M/s, Resolution: None
Name: 东方卫视, URL: https://cc06.tv12.xyz/37.m3u8, From: subscribe, IPv_Type: ipv6, Location: 美国, ISP: CloudFlare Inc., Date: None, Delay: -1 ms, Speed: 0.00 M/s, Resolution: None
Name: 东方卫视, URL: http://cdn.jdshipin.com/kkxw.php?id=1, From: subscribe, IPv_Type: ipv6, Location: 美国, ISP: CloudFlare Inc., Date: None, Delay: -1 ms, Speed: 0.00 M/s, Resolution: None
Name: 东方卫视, URL: https://jzb.wwkejishe.top/?id=597, From: subscribe, IPv_Type: ipv6, Location: 美国, ISP: CloudFlare Inc., Date: None, Delay: -1 ms, Speed: 0.00 M/s, Resolution: None
Name: 东方卫视, URL: https://migu.188766.xyz/?migutoken=919d961daa224b349855263e4c6afb91&id=%E4%B8%9C%E6%96%B9%E5%8D%AB%E8%A7%86&type=yy, From: subscribe, IPv_Type: ipv6, Location: 美国, ISP: CloudFlare Inc., Date: None, Delay: -1 ms, Speed: 0.00 M/s, Resolution: None
Name: 东方卫视, URL: https://migu.188766.xyz/?migutoken=bc407624feb7808b1f7f3c567aab5aab&id=%E4%B8%9C%E6%96%B9%E5%8D%AB%E8%A7%86&type=yy, From: subscribe, IPv_Type: ipv6, Location: 美国, ISP: CloudFlare Inc., Date: None, Delay: -1 ms, Speed: 0.00 M/s, Resolution: None
Name: 天津卫视, URL: https://iptv.catvod.com/live.php?id=%E5%A4%A9%E6%B4%A5%E5%8D%AB%E8%A7%86%E5%8F%B0, From: local, IPv_Type: ipv6, Location: 美国, ISP: CloudFlare Inc., Date: None, Delay: -1 ms, Speed: 0.00 M/s, Resolution: None
Name: 天津卫视, URL: https://iptv.catvod.com/live.php?id=%E5%A4%A9%E6%B4%A5, From: local, IPv_Type: ipv6, Location: 美国, ISP: CloudFlare Inc., Date: None, Delay: -1 ms, Speed: 0.00 M/s, Resolution: None
Name: 天津卫视, URL: http://php.jdshipin.com/TVOD/hljyd.php?id=3221226459, From: subscribe, IPv_Type: ipv6, Location: 美国, ISP: CloudFlare Inc., Date: None, Delay: 0.1 ms, Speed: inf M/s, Resolution: 1920x1080
Name: 天津卫视, URL: http://j.x.bkpcp.top/jx/TIANJHD, From: subscribe, IPv_Type: ipv6, Location: 美国, ISP: CloudFlare Inc., Date: None, Delay: 0.1 ms, Speed: inf M/s, Resolution: 1920x1080
Name: 天津卫视, URL: http://iptv.huuc.edu.cn/hls/tjhd.m3u8, From: subscribe, IPv_Type: ipv6, Location: 中国, ISP: 教育网, Date: None, Delay: 0.1 ms, Speed: inf M/s, Resolution: 1920x1080
Name: 天津卫视, URL: http://[2409:8087:1a01:df::4030]:80/TVOD/88888888/224/3221225972/main.m3u8, From: subscribe, IPv_Type: ipv6, Location: 中国, ISP: 中国移动, Date: None, Delay: 0.1 ms, Speed: inf M/s, Resolution: 1920x1080
Name: 天津卫视, URL: http://dsj.motem.top:8880/bptv/10000100000000050000000003873466.m3u8, From: subscribe, IPv_Type: ipv6, Location: 美国, ISP: CloudFlare Inc., Date: None, Delay: 0.1 ms, Speed: inf M/s, Resolution: 1920x1080
Name: 天津卫视, URL: http://[2409:8087:1a0a:df::404b]/ottrrs.hl.chinamobile.com/TVOD/88888888/224/3221226459/index.m3u8, From: subscribe, IPv_Type: ipv6, Location: 中国, ISP: 中国移动, Date: None, Delay: 0.1 ms, Speed: inf M/s, Resolution: 1920x1080
Name: 天津卫视, URL: http://[2409:8087:1a01:df::4077]/ottrrs.hl.chinamobile.com/PLTV/88888888/8/3221226459/index.m3u8, From: subscribe, IPv_Type: ipv6, Location: 中国, ISP: 中国移动, Date: None, Delay: 0.1 ms, Speed: inf M/s, Resolution: 1920x1080
Name: 天津卫视, URL: http://[2409:8087:8:21::18]:6610/otttv.bj.chinamobile.com/PLTV/88888888/224/3221226246/1.m3u8, From: subscribe, IPv_Type: ipv6, Location: 中国, ISP: 中国移动, Date: None, Delay: 0.1 ms, Speed: inf M/s, Resolution: 1920x1080
Name: 天津卫视, URL: http://[2409:8087:8:21::18]:6610/otttv.bj.chinamobile.com/PLTV/88888888/224/3221226489/1.m3u8, From: subscribe, IPv_Type: ipv6, Location: 中国, ISP: 中国移动, Date: None, Delay: 0.1 ms, Speed: inf M/s, Resolution: 1920x1080
Name: 天津卫视, URL: http://[2409:8087:8:21::18]:6610/otttv.bj.chinamobile.com/PLTV/88888888/224/3221226502/1.m3u8, From: subscribe, IPv_Type: ipv6, Location: 中国, ISP: 中国移动, Date: None, Delay: 0.1 ms, Speed: inf M/s, Resolution: 1920x1080
Name: 天津卫视, URL: http://[2409:8087:1e03:21::2]:6060/cms001/ch00000090990000001036/index.m3u8, From: subscribe, IPv_Type: ipv6, Location: 中国, ISP: 中国移动, Date: None, Delay: 0.1 ms, Speed: inf M/s, Resolution: 1920x1080
Name: 天津卫视, URL: http://[2409:8087:2001:20:2800:0:df6e:eb11]:80/ott.mobaibox.com/PLTV/4/224/3221227488/index.m3u8, From: subscribe, IPv_Type: ipv6, Location: 中国, ISP: 中国移动, Date: None, Delay: 0.1 ms, Speed: inf M/s, Resolution: 1920x1080
Name: 天津卫视, URL: http://yc.myds.me:35455/itv/5000000004000006827.m3u8?cdn=bestzb, From: subscribe, IPv_Type: ipv6, Location: 中国, ISP: 中国电信, Date: None, Delay: 0.1 ms, Speed: inf M/s, Resolution: 1920x1080
Name: 天津卫视, URL: http://nas.suntao.online:35455/itv/5000000004000006827.m3u8?cdn=bestzb, From: subscribe, IPv_Type: ipv6, Location: 中国, ISP: 中国联通, Date: None, Delay: 0.1 ms, Speed: inf M/s, Resolution: 1920x1080
Name: 天津卫视, URL: http://iptv.cdn.ha.chinamobile.com/PLTV/88888888/224/3221227209/index.m3u8, From: subscribe, IPv_Type: ipv6, Location: 中国, ISP: 中国移动, Date: None, Delay: 0.1 ms, Speed: inf M/s, Resolution: 1920x1080
Name: 天津卫视, URL: http://dbiptv.sn.chinamobile.com/PLTV/88888888/224/3221226204/1.m3u8, From: subscribe, IPv_Type: ipv6, Location: 中国, ISP: 中国移动, Date: None, Delay: 0.1 ms, Speed: inf M/s, Resolution: 1920x1080
Name: 天津卫视, URL: http://cdn.jdshipin.com:8880/ysp.php?id=tjws, From: subscribe, IPv_Type: ipv6, Location: 美国, ISP: CloudFlare Inc., Date: None, Delay: 0.1 ms, Speed: inf M/s, Resolution: 1920x1080
Name: 天津卫视, URL: http://hwrr.jx.chinamobile.com:8080/PLTV/88888888/224/3221225485/index.m3u8?fmt=ts2hls, From: subscribe, IPv_Type: ipv6, Location: 中国, ISP: 中国移动, Date: None, Delay: 0.1 ms, Speed: inf M/s, Resolution: 1920x1080
Name: 天津卫视, URL: http://[2409:8087:3428:20:500::100f]:6610/PLTV/88888888/224/3221225830/index.m3u8?servicetype=1&IASHttpSessionId=RR423820220409134714119178, From: subscribe, IPv_Type: ipv6, Location: 中国, ISP: 中国移动, Date: None, Delay: 0.1 ms, Speed: inf M/s, Resolution: 1920x1080
Name: 天津卫视, URL: http://[2409:8087:3428:20:500::1009]:6610/PLTV/88888888/224/3221225830/index.m3u8?servicetype=1&IASHttpSessionId=RR423820220409134714119178, From: subscribe, IPv_Type: ipv6, Location: 中国, ISP: 中国移动, Date: None, Delay: 0.1 ms, Speed: inf M/s, Resolution: 1920x1080
Name: 天津卫视, URL: http://[2409:8087:2001:20:2800:0:df6e:eb06]:80/wh7f454c46tw195619489_1991259086/ott.mobaibox.com/PLTV/3/224/3221227212/index.m3u8?icpid=3&RTS=1674380311&from=40&popid=40&hms_devid=2036&prioritypopid=40&vqe=3, From: subscribe, IPv_Type: ipv6, Location: 中国, ISP: 中国移动, Date: None, Delay: 0.1 ms, Speed: inf M/s, Resolution: 1920x1080
Name: 天津卫视, URL: http://[2409:8087:2001:20:2800:0:df6e:eb0c]:80/wh7f454c46tw1929912988_-881662239/ott.mobaibox.com/PLTV/3/224/3221227756/index.m3u8?icpid=3&RTS=1674386340&from=40&popid=40&hms_devid=2040&prioritypopid=40&vqe=3, From: subscribe, IPv_Type: ipv6, Location: 中国, ISP: 中国移动, Date: None, Delay: 0.1 ms, Speed: inf M/s, Resolution: 1920x1080
Name: 天津卫视, URL: http://[2409:8087:2001:20:2800:0:df6e:eb0b]:80/wh7f454c46tw196224632_-1061507187/ott.mobaibox.com/PLTV/3/224/3221228239/index.m3u8?icpid=3&RTS=1674380311&from=40&popid=40&hms_devid=2038&prioritypopid=40&vqe=3, From: subscribe, IPv_Type: ipv6, Location: 中国, ISP: 中国移动, Date: None, Delay: 0.1 ms, Speed: inf M/s, Resolution: 1920x1080
Name: 天津卫视, URL: http://[2409:8087:1e03:21::42]:6610/cms001/ch00000090990000001036/index.m3u8, From: subscribe, IPv_Type: ipv6, Location: 中国, ISP: 中国移动, Date: None, Delay: 0.1 ms, Speed: inf M/s, Resolution: 1920x1080
Name: 天津卫视, URL: http://[2409:8087:2001:20:2800:0:df6e:eb26]:80/wh7f454c46tw2314153559_1325890662/ott.mobaibox.com/PLTV/3/224/3221228416/index.m3u8?icpid=3&RTS=1674468328&from=40&popid=40&hms_devid=2293&prioritypopid=40&vqe=3, From: subscribe, IPv_Type: ipv6, Location: 中国, ISP: 中国移动, Date: None, Delay: 0.1 ms, Speed: inf M/s, Resolution: 1920x1080
Name: 天津卫视, URL: http://[2409:8087:4c0a:22:1::11]:6410/170000001115/UmaiCHAN3450000BESTVSMGSMG/index.m3u8?m3u8_level=2, From: subscribe, IPv_Type: ipv6, Location: 中国, ISP: 中国移动, Date: None, Delay: 0.1 ms, Speed: inf M/s, Resolution: 1920x1080
Name: 天津卫视, URL: http://[2409:8087:5e01:34::38]:6610/ZTE_CMS/00000001000000060000000000000249/index.m3u8, From: subscribe, IPv_Type: ipv6, Location: 中国, ISP: 中国移动, Date: None, Delay: 0.1 ms, Speed: inf M/s, Resolution: 1920x1080
Name: 天津卫视, URL: http://[2409:8087:5e00:24::1e]:6060/200000001898/460000089800010069/1.m3u8, From: subscribe, IPv_Type: ipv6, Location: 中国, ISP: 中国移动, Date: None, Delay: 0.1 ms, Speed: inf M/s, Resolution: 1920x1080
Name: 天津卫视, URL: http://[2409:8087:5e01:34::21]:6610/ZTE_CMS/00000001000000060000000000000249/index.m3u8?IAS, From: subscribe, IPv_Type: ipv6, Location: 中国, ISP: 中国移动, Date: None, Delay: 0.1 ms, Speed: inf M/s, Resolution: 1920x1080
Name: 天津卫视, URL: http://[2409:8087:5e01:34::22]:6610/ZTE_CMS/00000001000000060000000000000249/index.m3u8?IAS, From: subscribe, IPv_Type: ipv6, Location: 中国, ISP: 中国移动, Date: None, Delay: 0.1 ms, Speed: inf M/s, Resolution: 1920x1080
Name: 天津卫视, URL: http://[2409:8087:5e01:34::20]:6610/ZTE_CMS/00000001000000060000000000000249/index.m3u8?IAS, From: subscribe, IPv_Type: ipv6, Location: 中国, ISP: 中国移动, Date: None, Delay: 0.1 ms, Speed: inf M/s, Resolution: 1920x1080
Name: 天津卫视, URL: http://[2409:8087:5e01:34::23]:6610/ZTE_CMS/00000001000000060000000000000249/index.m3u8?IAS, From: subscribe, IPv_Type: ipv6, Location: 中国, ISP: 中国移动, Date: None, Delay: 0.1 ms, Speed: inf M/s, Resolution: 1920x1080
Name: 天津卫视, URL: https://stream1.freetv.fun/tian-jin-wei-shi-gao-qing-1.ctv, From: subscribe, IPv_Type: ipv6, Location: 美国, ISP: CloudFlare Inc., Date: None, Delay: 0.1 ms, Speed: inf M/s, Resolution: 1920x1080
Name: 天津卫视, URL: http://lu.wqwqwq.sbs/itv/1000000005000265026.m3u8?cdn=ystenlive, From: subscribe, IPv_Type: ipv6, Location: 美国, ISP: CloudFlare Inc., Date: None, Delay: 0.1 ms, Speed: inf M/s, Resolution: 1920x1080
Name: 天津卫视, URL: http://[2409:8087:3428:20:500::100f]:6610/PLTV/88888888/224/3221227205/index.m3u8?servicetype=1&IASHttpSessionId=RR423820220409134714119178, From: subscribe, IPv_Type: ipv6, Location: 中国, ISP: 中国移动, Date: None, Delay: 0.1 ms, Speed: inf M/s, Resolution: 1920x1080
Name: 天津卫视, URL: http://[2409:8087:3428:20:500::1009]:6610/PLTV/88888888/224/3221227205/index.m3u8?servicetype=1&IASHttpSessionId=RR423820220409134714119178, From: subscribe, IPv_Type: ipv6, Location: 中国, ISP: 中国移动, Date: None, Delay: 0.1 ms, Speed: inf M/s, Resolution: 1920x1080
Name: 天津卫视, URL: http://[2409:8087:2001:20:2800:0:df6e:eb07]:80/wh7f454c46tw1542691313_-1687194417/ott.mobaibox.com/PLTV/3/224/3221227633/index.m3u8?icpid=3&RTS=1674385953&from=40&popid=40&hms_devid=2036&prioritypopid=40&vqe=3, From: subscribe, IPv_Type: ipv6, Location: 中国, ISP: 中国移动, Date: None, Delay: 0.1 ms, Speed: inf M/s, Resolution: 1920x1080
Name: 天津卫视, URL: http://[2409:8087:74f0:22::6]:6410/270000001128/9900000530/index.m3u8, From: subscribe, IPv_Type: ipv6, Location: 中国, ISP: 中国移动, Date: None, Delay: 0.1 ms, Speed: inf M/s, Resolution: 1920x1080
Name: 天津卫视, URL: http://[2409:8087:1a01:df::7005]/ottrrs.hl.chinamobile.com/PLTV/88888888/224/3221226459/index.m3u8, From: subscribe, IPv_Type: ipv6, Location: 中国, ISP: 中国移动, Date: None, Delay: 0.1 ms, Speed: inf M/s, Resolution: 1920x1080
Name: 天津卫视, URL: http://[2409:8087:3869:8021:1001::e5]:6610/PLTV/88888910/224/3221225698/index.m3u8, From: subscribe, IPv_Type: ipv6, Location: 中国, ISP: 中国移动, Date: None, Delay: 0.1 ms, Speed: inf M/s, Resolution: 1920x1080
Name: 天津卫视, URL: http://rrs01.hw.gmcc.net:8088/PLTV/81/224/3221226686/1.m3u8, From: subscribe, IPv_Type: ipv6, Location: 中国, ISP: 中国移动, Date: None, Delay: -1 ms, Speed: 0.00 M/s, Resolution: None
Name: 天津卫视, URL: http://live.wqwqwq.sbs/itv/5000000004000006827.m3u8?cdn=bestzb, From: subscribe, IPv_Type: ipv6, Location: 美国, ISP: CloudFlare Inc., Date: None, Delay: -1 ms, Speed: 0.00 M/s, Resolution: None
Name: 天津卫视, URL: http://[2409:8087:1a15:10d1::36]/ottrrs.hl.chinamobile.com/PLTV/88888888/224/3221225740/index.m3u8, From: subscribe, IPv_Type: ipv6, Location: 中国, ISP: 中国移动, Date: None, Delay: -1 ms, Speed: 0.00 M/s, Resolution: None
Name: 天津卫视, URL: http://[2409:8087:5e08:25::16]:6610/200000001898/460000089800010069/1.m3u8, From: subscribe, IPv_Type: ipv6, Location: 中国, ISP: 中国移动, Date: None, Delay: -1 ms, Speed: 0.00 M/s, Resolution: None
Name: 天津卫视, URL: https://mursor.ottiptv.cc/mcp/tianjing.m3u8, From: subscribe, IPv_Type: ipv6, Location: 美国, ISP: Oracle Corporation, Date: None, Delay: -1 ms, Speed: 0.00 M/s, Resolution: None
Name: 天津卫视, URL: https://migu.188766.xyz/?migutoken=eba1b5711daf3281042617384fe44b12&id=tjws&type=sz, From: subscribe, IPv_Type: ipv6, Location: 美国, ISP: CloudFlare Inc., Date: None, Delay: -1 ms, Speed: 0.00 M/s, Resolution: None
Name: 天津卫视, URL: https://jzb.wwkejishe.top/?id=611, From: subscribe, IPv_Type: ipv6, Location: 美国, ISP: CloudFlare Inc., Date: None, Delay: -1 ms, Speed: 0.00 M/s, Resolution: None
Name: 东南卫视, URL: https://iptv.catvod.com/live.php?id=%E4%B8%9C%E5%8D%97%E5%8D%AB%E8%A7%86%E5%8F%B0, From: local, IPv_Type: ipv6, Location: 美国, ISP: CloudFlare Inc., Date: None, Delay: -1 ms, Speed: 0.00 M/s, Resolution: None
Name: 东南卫视, URL: https://iptv.catvod.com/live.php?id=%E4%B8%9C%E5%8D%97, From: local, IPv_Type: ipv6, Location: 美国, ISP: CloudFlare Inc., Date: None, Delay: -1 ms, Speed: 0.00 M/s, Resolution: None
Name: 东南卫视, URL: http://php.jdshipin.com/TVOD/hnyd.php?id=200000001898/460000089800010096, From: subscribe, IPv_Type: ipv6, Location: 美国, ISP: CloudFlare Inc., Date: None, Delay: 0.1 ms, Speed: inf M/s, Resolution: 1920x1080
Name: 东南卫视, URL: http://z.b.bkpcp.top/m.php?id=dnws, From: subscribe, IPv_Type: ipv6, Location: 美国, ISP: CloudFlare Inc., Date: None, Delay: 0.1 ms, Speed: inf M/s, Resolution: 1920x1080
Name: 东南卫视, URL: http://j.x.bkpcp.top/jx/DONGNHD, From: subscribe, IPv_Type: ipv6, Location: 美国, ISP: CloudFlare Inc., Date: None, Delay: 0.1 ms, Speed: inf M/s, Resolution: 1920x1080
Name: 东南卫视, URL: http://iptv.huuc.edu.cn/hls/dnhd.m3u8, From: subscribe, IPv_Type: ipv6, Location: 中国, ISP: 教育网, Date: None, Delay: 0.1 ms, Speed: inf M/s, Resolution: 1920x1080
Name: 东南卫视, URL: http://live.zohi.tv/video/s10001-fztv-3/index.m3u8, From: subscribe, IPv_Type: ipv6, Location: 中国, ISP: 中国电信, Date: None, Delay: 0.1 ms, Speed: inf M/s, Resolution: 1920x1080
Name: 东南卫视, URL: http://[2409:8087:1a01:df::4035]:80/TVOD/88888888/224/3221225950/main.m3u8, From: subscribe, IPv_Type: ipv6, Location: 中国, ISP: 中国移动, Date: None, Delay: -1 ms, Speed: 0.00 M/s, Resolution: None
Name: 东南卫视, URL: https://smart.pendy.dpdns.org/Smart.php?id=fujian, From: subscribe, IPv_Type: ipv6, Location: 美国, ISP: CloudFlare Inc., Date: None, Delay: 0.1 ms, Speed: inf M/s, Resolution: 1920x1080
Name: 东南卫视, URL: http://dsj.motem.top:8880/bptv/10000100000000050000000003873473.m3u8, From: subscribe, IPv_Type: ipv6, Location: 美国, ISP: CloudFlare Inc., Date: None, Delay: 0.1 ms, Speed: inf M/s, Resolution: 1920x1080
Name: 东南卫视, URL: http://[2409:8087:1a0a:df::404b]/ottrrs.hl.chinamobile.com/TVOD/88888888/224/3221226341/index.m3u8, From: subscribe, IPv_Type: ipv6, Location: 中国, ISP: 中国移动, Date: None, Delay: 0.1 ms, Speed: inf M/s, Resolution: 1920x1080
Name: 东南卫视, URL: http://[2409:8087:1a01:df::4035]/TVOD/88888888/224/3221225950/main.m3u8, From: subscribe, IPv_Type: ipv6, Location: 中国, ISP: 中国移动, Date: None, Delay: 0.1 ms, Speed: inf M/s, Resolution: 1920x1080
Name: 东南卫视, URL: http://[2409:8087:1a01:df::4077]/ottrrs.hl.chinamobile.com/PLTV/88888888/8/3221226341/index.m3u8, From: subscribe, IPv_Type: ipv6, Location: 中国, ISP: 中国移动, Date: None, Delay: 0.1 ms, Speed: inf M/s, Resolution: 1920x1080
Name: 东南卫视, URL: http://[2409:8087:8:21::18]:6610/otttv.bj.chinamobile.com/PLTV/88888888/224/3221226496/1.m3u8, From: subscribe, IPv_Type: ipv6, Location: 中国, ISP: 中国移动, Date: None, Delay: 0.1 ms, Speed: inf M/s, Resolution: 1920x1080
Name: 东南卫视, URL: http://[2409:8087:8:21::18]:6610/otttv.bj.chinamobile.com/PLTV/88888888/224/3221226517/1.m3u8, From: subscribe, IPv_Type: ipv6, Location: 中国, ISP: 中国移动, Date: None, Delay: 0.1 ms, Speed: inf M/s, Resolution: 1920x1080
Name: 东南卫视, URL: http://iptv.cdn.ha.chinamobile.com/PLTV/88888888/224/3221227195/index.m3u8, From: subscribe, IPv_Type: ipv6, Location: 中国, ISP: 中国移动, Date: None, Delay: 0.1 ms, Speed: inf M/s, Resolution: 1920x1080
Name: 东南卫视, URL: https://www.freetv.top/migu/849116810.m3u8?migutoken=820d1dfe311ed9d88634dc040a64adbd8f30c96a6aec221a9807061025c02cc5be8e21cca6eb021eb76ad7333303e5dbe8e3ef24ad4aa58a274dc33ec25a3b373ddb6aee551e16ba35b3a9143a, From: subscribe, IPv_Type: ipv6, Location: 美国-加利福尼亚州-圣克拉拉, ISP: DigitalOcean, Date: None, Delay: 0.1 ms, Speed: inf M/s, Resolution: 1920x1080
Name: 东南卫视, URL: https://www.freetv.top/migu/849116810.m3u8?migutoken=57b23005d895a6cd3e15ca214fe62e9cf83a69badc0ce3b833b22fe7eefbfc38e185d5f9539eca0a9cfebc7fd19dbe2b49cc2146019b049ffb948722d504a126278700ecc8a776cc6e8d23507a, From: subscribe, IPv_Type: ipv6, Location: 美国-加利福尼亚州-圣克拉拉, ISP: DigitalOcean, Date: None, Delay: 0.1 ms, Speed: inf M/s, Resolution: 1920x1080
Name: 东南卫视, URL: https://www.freetv.top/migu/849116810.m3u8?migutoken=ad40cfb84c6c3a70e2f36f9419fde87147081bd969b8a7c270fde9e9dee90e1aabf8472344c1316a13639f26892f03cd1807f6b81db9976a0212ada2cdc1cdf9f9c01696f6478a7484eb04e6ef, From: subscribe, IPv_Type: ipv6, Location: 美国-加利福尼亚州-圣克拉拉, ISP: DigitalOcean, Date: None, Delay: 0.1 ms, Speed: inf M/s, Resolution: 1920x1080
Name: 东南卫视, URL: http://yc.myds.me:35455/itv/5000000004000010584.m3u8?cdn=bestzb, From: subscribe, IPv_Type: ipv6, Location: 中国, ISP: 中国电信, Date: None, Delay: 0.1 ms, Speed: inf M/s, Resolution: 1920x1080
Name: 东南卫视, URL: http://nas.suntao.online:35455/itv/5000000004000010584.m3u8?cdn=bestzb, From: subscribe, IPv_Type: ipv6, Location: 中国, ISP: 中国联通, Date: None, Delay: 0.1 ms, Speed: inf M/s, Resolution: 1920x1080
Name: 东南卫视, URL: http://lu.wqwqwq.sbs/itv/1000000005000265033.m3u8?cdn=ystenlive, From: subscribe, IPv_Type: ipv6, Location: 美国, ISP: CloudFlare Inc., Date: None, Delay: 0.1 ms, Speed: inf M/s, Resolution: 1920x1080
Name: 东南卫视, URL: http://[2409:8087:2001:20:2800:0:df6e:eb21]:80/ott.mobaibox.com/PLTV/4/224/3221228428/index.m3u8, From: subscribe, IPv_Type: ipv6, Location: 中国, ISP: 中国移动, Date: None, Delay: 0.1 ms, Speed: inf M/s, Resolution: 1920x1080
Name: 东南卫视, URL: http://[2409:8087:3428:20:500::100f]:6610/PLTV/88888888/224/3221225833/index.m3u8?servicetype=1&IASHttpSessionId=RR423820220409134714119178, From: subscribe, IPv_Type: ipv6, Location: 中国, ISP: 中国移动, Date: None, Delay: 0.1 ms, Speed: inf M/s, Resolution: 1920x1080
Name: 东南卫视, URL: http://[2409:8087:3428:20:500::1009]:6610/PLTV/88888888/224/3221227156/index.m3u8?servicetype=1&IASHttpSessionId=RR423820220409134714119178, From: subscribe, IPv_Type: ipv6, Location: 中国, ISP: 中国移动, Date: None, Delay: 0.1 ms, Speed: inf M/s, Resolution: 1920x1080
Name: 东南卫视, URL: http://[2409:8087:3428:20:500::1009]:6610/PLTV/88888888/224/3221225833/index.m3u8?servicetype=1&IASHttpSessionId=RR423820220409134714119178, From: subscribe, IPv_Type: ipv6, Location: 中国, ISP: 中国移动, Date: None, Delay: 0.1 ms, Speed: inf M/s, Resolution: 1920x1080
Name: 东南卫视, URL: http://[2409:8087:1e03:21::13]:6610/cms001/ch00000090990000001201/index.m3u8, From: subscribe, IPv_Type: ipv6, Location: 中国, ISP: 中国移动, Date: None, Delay: 0.1 ms, Speed: inf M/s, Resolution: 1920x1080
Name: 东南卫视, URL: http://[2409:8087:2001:20:2800:0:df6e:eb18]:80/wh7f454c46tw1460673280_696172443/ott.mobaibox.com/PLTV/3/224/3221227553/index.m3u8?icpid=3&RTS=1674381576&from=40&popid=40&hms_devid=2113&prioritypopid=40&vqe=3, From: subscribe, IPv_Type: ipv6, Location: 中国, ISP: 中国移动, Date: None, Delay: 0.1 ms, Speed: inf M/s, Resolution: 1920x1080
Name: 东南卫视, URL: http://[2409:8087:2001:20:2800:0:df6e:eb0b]:80/wh7f454c46tw1481870012_-1505625723/ott.mobaibox.com/PLTV/3/224/3221227670/index.m3u8?icpid=3&RTS=1674381597&from=40&popid=40&hms_devid=2038&prioritypopid=40&vqe=3, From: subscribe, IPv_Type: ipv6, Location: 中国, ISP: 中国移动, Date: None, Delay: 0.1 ms, Speed: inf M/s, Resolution: 1920x1080
Name: 东南卫视, URL: http://[2409:8087:2001:20:2800:0:df6e:eb0a]/ott.mobaibox.com/PLTV/3/224/3221227670/index.m3u8, From: subscribe, IPv_Type: ipv6, Location: 中国, ISP: 中国移动, Date: None, Delay: 0.1 ms, Speed: inf M/s, Resolution: 1920x1080
Name: 东南卫视, URL: http://[2409:8087:1e03:21::42]:6610/cms001/ch00000090990000001201/index.m3u8, From: subscribe, IPv_Type: ipv6, Location: 中国, ISP: 中国移动, Date: None, Delay: 0.1 ms, Speed: inf M/s, Resolution: 1920x1080
Name: 东南卫视, URL: http://[2409:8087:4c0a:22:1::11]:6410/170000001115/UmaiCHAN3540417BESTVSMGSMG/index.m3u8?m3u8_level=2, From: subscribe, IPv_Type: ipv6, Location: 中国, ISP: 中国移动, Date: None, Delay: 0.1 ms, Speed: inf M/s, Resolution: 1920x1080
Name: 东南卫视, URL: http://[2409:8087:5e01:34::38]:6610/ZTE_CMS/00000001000000060000000000000502/index.m3u8, From: subscribe, IPv_Type: ipv6, Location: 中国, ISP: 中国移动, Date: None, Delay: 0.1 ms, Speed: inf M/s, Resolution: 1920x1080
Name: 东南卫视, URL: http://[2409:8087:5e01:34::20]:6610/ZTE_CMS/00000001000000060000000000000502/index.m3u8?IAS, From: subscribe, IPv_Type: ipv6, Location: 中国, ISP: 中国移动, Date: None, Delay: 0.1 ms, Speed: inf M/s, Resolution: 1920x1080
Name: 东南卫视, URL: http://[2409:8087:5e01:34::22]:6610/ZTE_CMS/00000001000000060000000000000502/index.m3u8?IAS, From: subscribe, IPv_Type: ipv6, Location: 中国, ISP: 中国移动, Date: None, Delay: 0.1 ms, Speed: inf M/s, Resolution: 1920x1080
Name: 东南卫视, URL: http://[2409:8087:5e01:34::21]:6610/ZTE_CMS/00000001000000060000000000000502/index.m3u8?IAS, From: subscribe, IPv_Type: ipv6, Location: 中国, ISP: 中国移动, Date: None, Delay: 0.1 ms, Speed: inf M/s, Resolution: 1920x1080
Name: 东南卫视, URL: http://[2409:8087:1a0b:df::4020]:80/ottrrs.hl.chinamobile.com/PLTV/88888888/224/3221226341/index.m3u8, From: subscribe, IPv_Type: ipv6, Location: 中国, ISP: 中国移动, Date: None, Delay: 0.1 ms, Speed: inf M/s, Resolution: 1920x1080
Name: 东南卫视, URL: http://[2409:8087:5e01:34::23]:6610/ZTE_CMS/00000001000000060000000000000502/index.m3u8?IAS, From: subscribe, IPv_Type: ipv6, Location: 中国, ISP: 中国移动, Date: None, Delay: 0.1 ms, Speed: inf M/s, Resolution: 1920x1080
Name: 东南卫视, URL: https://stream1.freetv.fun/aec96cccdb2b6747a2847037fe2551e76bf9cade4e7147da751a523a332bb390.m3u8, From: subscribe, IPv_Type: ipv6, Location: 美国, ISP: CloudFlare Inc., Date: None, Delay: -1 ms, Speed: 0.00 M/s, Resolution: None
Name: 东南卫视, URL: https://stream1.freetv.fun/dong-nan-wei-shi-gao-qing-4.ctv, From: subscribe, IPv_Type: ipv6, Location: 美国, ISP: CloudFlare Inc., Date: None, Delay: 0.1 ms, Speed: inf M/s, Resolution: 1920x1080
Name: 东南卫视, URL: http://[2409:8087:1e03:21::2]:6060/cms001/ch00000090990000001201/index.m3u8, From: subscribe, IPv_Type: ipv6, Location: 中国, ISP: 中国移动, Date: None, Delay: 0.1 ms, Speed: inf M/s, Resolution: 1920x1080
Name: 东南卫视, URL: http://[2409:8087:3428:20:500::100f]:6610/PLTV/88888888/224/3221227156/index.m3u8?servicetype=1&IASHttpSessionId=RR423820220409134714119178, From: subscribe, IPv_Type: ipv6, Location: 中国, ISP: 中国移动, Date: None, Delay: 0.1 ms, Speed: inf M/s, Resolution: 1920x1080
Name: 东南卫视, URL: http://[2409:8087:74f0:22::4]:6610/270000001128/9900000519/index.m3u8, From: subscribe, IPv_Type: ipv6, Location: 中国, ISP: 中国移动, Date: None, Delay: 0.1 ms, Speed: inf M/s, Resolution: 1920x1080
Name: 东南卫视, URL: http://[2409:8087:1a01:df::7005]/ottrrs.hl.chinamobile.com/PLTV/88888888/224/3221226341/index.m3u8, From: subscribe, IPv_Type: ipv6, Location: 中国, ISP: 中国移动, Date: None, Delay: 0.1 ms, Speed: inf M/s, Resolution: 1920x1080
Name: 东南卫视, URL: http://[2409:8087:5e00:24::1e]:6060/200000001898/460000089800010096/1.m3u8, From: subscribe, IPv_Type: ipv6, Location: 中国, ISP: 中国移动, Date: None, Delay: 0.1 ms, Speed: inf M/s, Resolution: 1920x1080
Name: 东南卫视, URL: http://[2409:8087:3869:8021:1001::e5]:6610/PLTV/88888888/224/3221225657/2/index.m3u8, From: subscribe, IPv_Type: ipv6, Location: 中国, ISP: 中国移动, Date: None, Delay: -1 ms, Speed: 0.00 M/s, Resolution: None
Name: 东南卫视, URL: http://[2409:8087:3869:8021:1001::e5]:6610/PLTV/88888888/224/3221225585/2/index.m3u8, From: subscribe, IPv_Type: ipv6, Location: 中国, ISP: 中国移动, Date: None, Delay: -1 ms, Speed: 0.00 M/s, Resolution: None
Name: 东南卫视, URL: http://rrs01.hw.gmcc.net:8088/PLTV/81/224/3221226670/1.m3u8, From: subscribe, IPv_Type: ipv6, Location: 中国, ISP: 中国移动, Date: None, Delay: -1 ms, Speed: 0.00 M/s, Resolution: None
Name: 东南卫视, URL: https://mursor.ottiptv.cc/migu/849116810.m3u8?migutoken=014b95a53095818f8ad2a30cc3d3f67aa4b109c10b94458b5cad53ac8361f27208aa7a7a66bebce7220d50e66d3f80b5e74206d6ac47309504139232b4b79c22918f04eba66a5404c48ca4767d, From: subscribe, IPv_Type: ipv6, Location: 美国-加利福尼亚州-圣克拉拉, ISP: DigitalOcean, Date: None, Delay: -1 ms, Speed: 0.00 M/s, Resolution: None
Name: 东南卫视, URL: https://mursor.ottiptv.cc/migu/849116810.m3u8?migutoken=929828e6dada3fb91580ca859478bb2235838e1a9ca053a1bcca7a7cebd1bc47dddcf3d8a8eba06b3ea0d92dd2c13c6b2a2a98f7e92cac8631f1881b74c6022dbce0be85da4a53456296af27d3, From: subscribe, IPv_Type: ipv6, Location: 美国-加利福尼亚州-圣克拉拉, ISP: DigitalOcean, Date: None, Delay: -1 ms, Speed: 0.00 M/s, Resolution: None
Name: 东南卫视, URL: http://[2409:8087:1a15:10d1::39]/ottrrs.hl.chinamobile.com/PLTV/88888888/224/3221226341/index.m3u8, From: subscribe, IPv_Type: ipv6, Location: 中国, ISP: 中国移动, Date: None, Delay: -1 ms, Speed: 0.00 M/s, Resolution: None
Name: 东南卫视, URL: http://[2409:8087:5e08:25::16]:6610/200000001898/460000089800010096/1.m3u8, From: subscribe, IPv_Type: ipv6, Location: 中国, ISP: 中国移动, Date: None, Delay: -1 ms, Speed: 0.00 M/s, Resolution: None
Name: 东南卫视, URL: https://migu.188766.xyz/?migutoken=6203c5090e46a900c2d98d90fea1af50&id=dnws_hd&type=sz, From: subscribe, IPv_Type: ipv6, Location: 美国, ISP: CloudFlare Inc., Date: None, Delay: -1 ms, Speed: 0.00 M/s, Resolution: None
Name: 东南卫视, URL: http://gslbmgsplive.miguvideo.com/migu/kailu/dongnanws/51/20230724/index.m3u8?msisdn=20250923080119d8f1308965ae4012bc57610a2431279e&mdspid=&spid=600717&netType=0&sid=5910022182&pid=2028597139&timestamp=20250923080119&Channel_ID=0116_2600000900-99000-201600010010027&ProgramID=849116810&ParentNodeID=-99&assertID=5910022182&client_ip=106.13.250.83&SecurityKey=20250923080119&promotionId=&mvid=5900006229&mcid=500020&playurlVersion=WX-A1-8.9.1-RELEASE&userid=&jmhm=&videocodec=h264&bean=mgspad&tid=android&conFee=0&puData=af7fcfe6794f487b10180bf7c14d8ae0&ddCalcu=0aefea728f9dc04f1ec677f9b40f8418071b, From: subscribe, IPv_Type: ipv6, Location: 中国, ISP: 中国移动, Date: None, Delay: -1 ms, Speed: 0.00 M/s, Resolution: None
Name: 东南卫视, URL: https://cc06.tv12.xyz/38.m3u8, From: subscribe, IPv_Type: ipv6, Location: 美国, ISP: CloudFlare Inc., Date: None, Delay: -1 ms, Speed: 0.00 M/s, Resolution: None
Name: 甘肃卫视, URL: https://iptv.catvod.com/live.php?id=%E7%94%98%E8%82%83%E5%8D%AB%E8%A7%86%E5%8F%B0, From: local, IPv_Type: ipv6, Location: 美国, ISP: CloudFlare Inc., Date: None, Delay: -1 ms, Speed: 0.00 M/s, Resolution: None
Name: 甘肃卫视, URL: https://iptv.catvod.com/live.php?id=%E7%94%98%E8%82%83, From: local, IPv_Type: ipv6, Location: 美国, ISP: CloudFlare Inc., Date: None, Delay: -1 ms, Speed: 0.00 M/s, Resolution: None
Name: 甘肃卫视, URL: http://live.zohi.tv/video/s10001-fztv-3/index.m3u8, From: subscribe, IPv_Type: ipv6, Location: 中国, ISP: 中国电信, Date: None, Delay: 0.1 ms, Speed: inf M/s, Resolution: 1920x1080
Name: 甘肃卫视, URL: http://php.jdshipin.com/TVOD/hnyd.php?id=200000001898/460000089800010098, From: subscribe, IPv_Type: ipv6, Location: 美国, ISP: CloudFlare Inc., Date: None, Delay: 0.1 ms, Speed: inf M/s, Resolution: 1920x1080
Name: 甘肃卫视, URL: http://z.b.bkpcp.top/m.php?id=gsws, From: subscribe, IPv_Type: ipv6, Location: 美国, ISP: CloudFlare Inc., Date: None, Delay: 0.1 ms, Speed: inf M/s, Resolution: 1920x1080
Name: 甘肃卫视, URL: http://j.x.bkpcp.top/jx/GSWS, From: subscribe, IPv_Type: ipv6, Location: 美国, ISP: CloudFlare Inc., Date: None, Delay: 0.1 ms, Speed: inf M/s, Resolution: 1920x1080
Name: 甘肃卫视, URL: http://goo.bkpcp.top/mg/gsws, From: subscribe, IPv_Type: ipv6, Location: 美国, ISP: CloudFlare Inc., Date: None, Delay: 0.1 ms, Speed: inf M/s, Resolution: 1920x1080
Name: 甘肃卫视, URL: http://dsj.motem.top:8880/bptv/10000100000000050000000003887450.m3u8, From: subscribe, IPv_Type: ipv6, Location: 美国, ISP: CloudFlare Inc., Date: None, Delay: 0.1 ms, Speed: inf M/s, Resolution: 1920x1080
Name: 甘肃卫视, URL: http://[2409:8087:8:21::18]:6610/otttv.bj.chinamobile.com/PLTV/88888888/224/3221226545/1.m3u8, From: subscribe, IPv_Type: ipv6, Location: 中国, ISP: 中国移动, Date: None, Delay: 0.1 ms, Speed: inf M/s, Resolution: 1920x1080
Name: 甘肃卫视, URL: http://[2409:8087:8:21::18]:6610/otttv.bj.chinamobile.com/PLTV/88888888/224/3221226913/1.m3u8, From: subscribe, IPv_Type: ipv6, Location: 中国, ISP: 中国移动, Date: None, Delay: 0.1 ms, Speed: inf M/s, Resolution: 1920x1080
Name: 甘肃卫视, URL: http://[2409:8c02:21c:60::2b]/live.rxip.sc96655.com/live/gsws_4000.m3u8, From: subscribe, IPv_Type: ipv6, Location: 中国, ISP: 中国移动, Date: None, Delay: 0.1 ms, Speed: inf M/s, Resolution: 1920x1080
Name: 甘肃卫视, URL: http://[2409:8087:3428:20:500::100f]:6610/PLTV/88888888/224/3221225845/index.m3u8?servicetype=1&IASHttpSessionId=RR423820220409134714119178, From: subscribe, IPv_Type: ipv6, Location: 中国, ISP: 中国移动, Date: None, Delay: 0.1 ms, Speed: inf M/s, Resolution: 1920x1080
Name: 甘肃卫视, URL: http://[2409:8087:3428:20:500::1009]:6610/PLTV/88888888/224/3221225845/index.m3u8?servicetype=1&IASHttpSessionId=RR423820220409134714119178, From: subscribe, IPv_Type: ipv6, Location: 中国, ISP: 中国移动, Date: None, Delay: 0.1 ms, Speed: inf M/s, Resolution: 1920x1080
Name: 甘肃卫视, URL: http://[2409:8087:2001:20:2800:0:df6e:eb1b]:80/wh7f454c46tw1625690606_1267463833/ott.mobaibox.com/PLTV/3/224/3221227568/index.m3u8?icpid=3&RTS=1674377446&from=40&popid=40&hms_devid=2116&prioritypopid=40&vqe=3, From: subscribe, IPv_Type: ipv6, Location: 中国, ISP: 中国移动, Date: None, Delay: 0.1 ms, Speed: inf M/s, Resolution: 1920x1080
Name: 甘肃卫视, URL: http://[2409:8087:3428:20:500::100f]:6610/PLTV/88888888/224/3221227262/index.m3u8?servicetype=1&IASHttpSessionId=RR423820220409134714119178, From: subscribe, IPv_Type: ipv6, Location: 中国, ISP: 中国移动, Date: None, Delay: 0.1 ms, Speed: inf M/s, Resolution: 1920x1080
Name: 甘肃卫视, URL: http://[2409:8087:3428:20:500::1009]:6610/PLTV/88888888/224/3221227262/index.m3u8?servicetype=1&IASHttpSessionId=RR423820220409134714119178, From: subscribe, IPv_Type: ipv6, Location: 中国, ISP: 中国移动, Date: None, Delay: 0.1 ms, Speed: inf M/s, Resolution: 1920x1080
Name: 甘肃卫视, URL: http://[2409:8087:2001:20:2800:0:df6e:eb1a]/ott.mobaibox.com/PLTV/3/224/3221227568/index.m3u8, From: subscribe, IPv_Type: ipv6, Location: 中国, ISP: 中国移动, Date: None, Delay: 0.1 ms, Speed: inf M/s, Resolution: 1920x1080
Name: 甘肃卫视, URL: http://nas.suntao.online:35455/itv/5000000011000031121.m3u8?cdn=bestzb, From: subscribe, IPv_Type: ipv6, Location: 中国, ISP: 中国联通, Date: None, Delay: 0.1 ms, Speed: inf M/s, Resolution: 1920x1080
Name: 甘肃卫视, URL: https://stream1.freetv.fun/b952940e7fe39f023a81766692ac308f2f049e3625b5ee1abb983000a57ae91f.ctv, From: subscribe, IPv_Type: ipv6, Location: 美国, ISP: CloudFlare Inc., Date: None, Delay: 0.1 ms, Speed: inf M/s, Resolution: 1920x1080
Name: 甘肃卫视, URL: https://stream1.freetv.fun/349c7fb68e8455c137160f5349fdb60363e86f923f0c3b5755f8892add3e9d65.ctv, From: subscribe, IPv_Type: ipv6, Location: 美国, ISP: CloudFlare Inc., Date: None, Delay: 0.1 ms, Speed: inf M/s, Resolution: 1920x1080
Name: 甘肃卫视, URL: http://[2409:8087:1e03:21::42]:6610/cms001/ch00000090990000001298/index.m3u8, From: subscribe, IPv_Type: ipv6, Location: 中国, ISP: 中国移动, Date: None, Delay: 0.1 ms, Speed: inf M/s, Resolution: 1920x1080
Name: 甘肃卫视, URL: http://[2409:8087:74F1:0021::0008]:80/270000001322/69900158041111100000002160/index.m3u8, From: subscribe, IPv_Type: ipv6, Location: 中国, ISP: 中国移动, Date: None, Delay: 0.1 ms, Speed: inf M/s, Resolution: 1920x1080
Name: 甘肃卫视, URL: http://[2409:8087:74f0:22::5]:6410/270000001128/9900000023/index.m3u8, From: subscribe, IPv_Type: ipv6, Location: 中国, ISP: 中国移动, Date: None, Delay: 0.1 ms, Speed: inf M/s, Resolution: 1920x1080
Name: 甘肃卫视, URL: http://[2409:8087:74f0:22::7]:6410/270000001111/1110000322/index.m3u8, From: subscribe, IPv_Type: ipv6, Location: 中国, ISP: 中国移动, Date: None, Delay: 0.1 ms, Speed: inf M/s, Resolution: 1920x1080
Name: 甘肃卫视, URL: http://[2409:8087:1a01:df::7005]:80/ottrrs.hl.chinamobile.com/PLTV/88888888/224/3221225633/index.m3u8, From: subscribe, IPv_Type: ipv6, Location: 中国, ISP: 中国移动, Date: None, Delay: 0.1 ms, Speed: inf M/s, Resolution: 1920x1080
Name: 甘肃卫视, URL: http://[2409:8087:5e00:24::1e]:6060/200000001898/460000089800010098/1.m3u8, From: subscribe, IPv_Type: ipv6, Location: 中国, ISP: 中国移动, Date: None, Delay: 0.1 ms, Speed: inf M/s, Resolution: 1920x1080
Name: 甘肃卫视, URL: http://[2409:8087:8:21::18]:6610/otttv.bj.chinamobile.com/PLTV/88888888/224/3221227020/1.m3u8?GuardEncType=2&accountinfo=%7E%7EV2.0%7Err-CLugPnTcUinEM8JeySg%7EtP4-l0lmSfjwLWEfK_el1vH_mv-s1zo4AQJwdedaVwG9xkuFTDg8J26cwOrNJzn20BErrHdLhuZ9EzLUCD3PMW-OMx4MGteHV2vLeW6BqoY%2CEND, From: subscribe, IPv_Type: ipv6, Location: 中国, ISP: 中国移动, Date: None, Delay: -1 ms, Speed: 0.00 M/s, Resolution: None
Name: 甘肃卫视, URL: http://[2409:8087:3869:8021:1001::e5]:6610/PLTV/88888888/224/3221225724/2/index.m3u8, From: subscribe, IPv_Type: ipv6, Location: 中国, ISP: 中国移动, Date: None, Delay: -1 ms, Speed: 0.00 M/s, Resolution: None
Name: 甘肃卫视, URL: http://rrs01.hw.gmcc.net:8088/PLTV/81/224/3221226662/1.m3u8, From: subscribe, IPv_Type: ipv6, Location: 中国, ISP: 中国移动, Date: None, Delay: -1 ms, Speed: 0.00 M/s, Resolution: None
Name: 甘肃卫视, URL: http://[2409:8087:1a15:10d1::31]/ottrrs.hl.chinamobile.com/PLTV/88888888/224/3221225633/index.m3u8, From: subscribe, IPv_Type: ipv6, Location: 中国, ISP: 中国移动, Date: None, Delay: -1 ms, Speed: 0.00 M/s, Resolution: None
Name: 甘肃卫视, URL: http://[2409:8087:5e08:25::16]:6610/200000001898/460000089800010098/1.m3u8, From: subscribe, IPv_Type: ipv6, Location: 中国, ISP: 中国移动, Date: None, Delay: -1 ms, Speed: 0.00 M/s, Resolution: None
Name: 甘肃卫视, URL: https://mursor.ottiptv.cc/mcp/gansu.m3u8, From: subscribe, IPv_Type: ipv6, Location: 美国, ISP: Oracle Corporation, Date: None, Delay: -1 ms, Speed: 0.00 M/s, Resolution: None
Name: 甘肃卫视, URL: https://migu.188766.xyz/?migutoken=8f7cae08dda18de121b154a4ad15641c&id=gsws&type=sz, From: subscribe, IPv_Type: ipv6, Location: 美国, ISP: CloudFlare Inc., Date: None, Delay: -1 ms, Speed: 0.00 M/s, Resolution: None
Name: 甘肃卫视, URL: https://cc06.tv12.xyz/44.m3u8, From: subscribe, IPv_Type: ipv6, Location: 美国, ISP: CloudFlare Inc., Date: None, Delay: -1 ms, Speed: 0.00 M/s, Resolution: None
Name: 广西卫视, URL: https://iptv.catvod.com/live.php?id=%E5%B9%BF%E8%A5%BF%E5%8D%AB%E8%A7%86%E5%8F%B0, From: local, IPv_Type: ipv6, Location: 美国, ISP: CloudFlare Inc., Date: None, Delay: -1 ms, Speed: 0.00 M/s, Resolution: None
Name: 广西卫视, URL: https://iptv.catvod.com/live.php?id=%E5%B9%BF%E8%A5%BF, From: local, IPv_Type: ipv6, Location: 美国, ISP: CloudFlare Inc., Date: None, Delay: -1 ms, Speed: 0.00 M/s, Resolution: None
Name: 广西卫视, URL: http://php.jdshipin.com/TVOD/hljyd.php?id=3221226549, From: subscribe, IPv_Type: ipv6, Location: 美国, ISP: CloudFlare Inc., Date: None, Delay: 0.1 ms, Speed: inf M/s, Resolution: 1920x1080
Name: 广西卫视, URL: http://z.b.bkpcp.top/m.php?id=gxws, From: subscribe, IPv_Type: ipv6, Location: 美国, ISP: CloudFlare Inc., Date: None, Delay: 0.1 ms, Speed: inf M/s, Resolution: 1920x1080
Name: 广西卫视, URL: https://mobilelive.gxtv.cn/live/gx_live1004/playlist.m3u8, From: subscribe, IPv_Type: ipv6, Location: 中国-广东-佛山, ISP: 电信, Date: None, Delay: 0.1 ms, Speed: inf M/s, Resolution: 1920x1080
Name: 广西卫视, URL: http://goo.bkpcp.top/mg/gxws, From: subscribe, IPv_Type: ipv6, Location: 美国, ISP: CloudFlare Inc., Date: None, Delay: 0.1 ms, Speed: inf M/s, Resolution: 1920x1080
Name: 广西卫视, URL: http://live.cztv.cc:85/live/ggpd.m3u8, From: subscribe, IPv_Type: ipv6, Location: 中国, ISP: 中国电信, Date: None, Delay: 0.1 ms, Speed: inf M/s, Resolution: 1920x1080
Name: 广西卫视, URL: https://hlscdn.liangtv.cn/live/de0f97348eb84f62aa6b7d8cf0430770/dd505d87880c478f901f38560ca4d4e6.m3u8, From: subscribe, IPv_Type: ipv6, Location: 中国-江苏-扬州, ISP: 电信, Date: None, Delay: 0.1 ms, Speed: inf M/s, Resolution: 1920x1080
Name: 广西卫视, URL: https://hlscdn.liangtv.cn/live/0c4ef3a44b934cacb8b47121dfada66c/d7e04258157b480dae53883cc6f8123b.m3u8, From: subscribe, IPv_Type: ipv6, Location: 中国-江苏-扬州, ISP: 电信, Date: None, Delay: 0.1 ms, Speed: inf M/s, Resolution: 1920x1080
Name: 广西卫视, URL: http://[2409:8087:1a01:df::4047]:80/TVOD/88888888/224/3221226091/main.m3u8, From: subscribe, IPv_Type: ipv6, Location: 中国, ISP: 中国移动, Date: None, Delay: 0.1 ms, Speed: inf M/s, Resolution: 1920x1080
Name: 广西卫视, URL: https://smart.pendy.dpdns.org/Smart.php?id=guangxi, From: subscribe, IPv_Type: ipv6, Location: 美国, ISP: CloudFlare Inc., Date: None, Delay: 0.1 ms, Speed: inf M/s, Resolution: 1920x1080
Name: 广西卫视, URL: http://dsj.motem.top:8880/bptv/10000100000000050000000003887394.m3u8, From: subscribe, IPv_Type: ipv6, Location: 美国, ISP: CloudFlare Inc., Date: None, Delay: 0.1 ms, Speed: inf M/s, Resolution: 1920x1080
Name: 广西卫视, URL: http://[2409:8087:1a0a:df::404b]/ottrrs.hl.chinamobile.com/TVOD/88888888/224/3221226549/index.m3u8, From: subscribe, IPv_Type: ipv6, Location: 中国, ISP: 中国移动, Date: None, Delay: 0.1 ms, Speed: inf M/s, Resolution: 1920x1080
Name: 广西卫视, URL: http://[2409:8087:8:21::18]:6610/otttv.bj.chinamobile.com/PLTV/88888888/224/3221226534/1.m3u8, From: subscribe, IPv_Type: ipv6, Location: 中国, ISP: 中国移动, Date: None, Delay: 0.1 ms, Speed: inf M/s, Resolution: 1920x1080
Name: 广西卫视, URL: http://[2409:8087:8:21::18]:6610/otttv.bj.chinamobile.com/PLTV/88888888/224/3221226915/1.m3u8, From: subscribe, IPv_Type: ipv6, Location: 中国, ISP: 中国移动, Date: None, Delay: 0.1 ms, Speed: inf M/s, Resolution: 1920x1080
Name: 广西卫视, URL: http://[2409:8087:2001:20:2800:0:df6e:eb1a]:80/wh7f454c46tw1546067216_-1703904154/ott.mobaibox.com/PLTV/3/224/3221228183/index.m3u8?icpid=3&RTS=1674385956&from=40&popid=40&hms_devid=2116&prioritypopid=40&vqe=3, From: subscribe, IPv_Type: ipv6, Location: 中国, ISP: 中国移动, Date: None, Delay: 0.1 ms, Speed: inf M/s, Resolution: 1920x1080
Name: 广西卫视, URL: http://[2409:8087:2001:20:2800:0:df6e:eb04]:80/ott.mobaibox.com/PLTV/4/224/3221228183/index.m3u8, From: subscribe, IPv_Type: ipv6, Location: 中国, ISP: 中国移动, Date: None, Delay: 0.1 ms, Speed: inf M/s, Resolution: 1920x1080
Name: 广西卫视, URL: http://[2409:8087:1e03:21::2]:6060/cms001/ch00000090990000001224/index.m3u8, From: subscribe, IPv_Type: ipv6, Location: 中国, ISP: 中国移动, Date: None, Delay: 0.1 ms, Speed: inf M/s, Resolution: 1920x1080
Name: 广西卫视, URL: http://[2409:8087:3428:20:500::100f]:6610/PLTV/88888888/224/3221227250/index.m3u8?servicetype=1&IASHttpSessionId=RR423820220409134714119178, From: subscribe, IPv_Type: ipv6, Location: 中国, ISP: 中国移动, Date: None, Delay: 0.1 ms, Speed: inf M/s, Resolution: 1920x1080
Name: 广西卫视, URL: http://iptv.cdn.ha.chinamobile.com/PLTV/88888888/224/3221227242/index.m3u8, From: subscribe, IPv_Type: ipv6, Location: 中国, ISP: 中国移动, Date: None, Delay: 0.1 ms, Speed: inf M/s, Resolution: 1920x1080
Name: 广西卫视, URL: http://nas.suntao.online:35455/itv/5000000011000031118.m3u8?cdn=bestzb, From: subscribe, IPv_Type: ipv6, Location: 中国, ISP: 中国联通, Date: None, Delay: 0.1 ms, Speed: inf M/s, Resolution: 1920x1080
Name: 广西卫视, URL: https://stream1.freetv.fun/840f9576ae171a370f146ffea676f1a77801172f5c1e76e16f7bd004938346cf.ctv, From: subscribe, IPv_Type: ipv6, Location: 美国, ISP: CloudFlare Inc., Date: None, Delay: 0.1 ms, Speed: inf M/s, Resolution: 1920x1080
Name: 广西卫视, URL: https://stream1.freetv.fun/3e24cac8488e7b618c221e0622ca3fa5e151df84f558131b44690f3475ed6e45.ctv, From: subscribe, IPv_Type: ipv6, Location: 美国, ISP: CloudFlare Inc., Date: None, Delay: 0.1 ms, Speed: inf M/s, Resolution: 1920x1080
Name: 广西卫视, URL: http://hwrr.jx.chinamobile.com:8080/PLTV/88888888/224/3221226211/index.m3u8?fmt=ts2hls, From: subscribe, IPv_Type: ipv6, Location: 中国, ISP: 中国移动, Date: None, Delay: 0.1 ms, Speed: inf M/s, Resolution: 1920x1080
Name: 广西卫视, URL: http://[2409:8087:3428:20:500::100f]:6610/PLTV/88888888/224/3221225836/index.m3u8?servicetype=1&IASHttpSessionId=RR423820220409134714119178, From: subscribe, IPv_Type: ipv6, Location: 中国, ISP: 中国移动, Date: None, Delay: 0.1 ms, Speed: inf M/s, Resolution: 1920x1080
Name: 广西卫视, URL: http://[2409:8087:3428:20:500::1009]:6610/PLTV/88888888/224/3221225836/index.m3u8?servicetype=1&IASHttpSessionId=RR423820220409134714119178, From: subscribe, IPv_Type: ipv6, Location: 中国, ISP: 中国移动, Date: None, Delay: 0.1 ms, Speed: inf M/s, Resolution: 1920x1080
Name: 广西卫视, URL: http://[2409:8087:2001:20:2800:0:df6e:eb05]/ott.mobaibox.com/PLTV/3/224/3221228183/index.m3u8, From: subscribe, IPv_Type: ipv6, Location: 中国, ISP: 中国移动, Date: None, Delay: 0.1 ms, Speed: inf M/s, Resolution: 1920x1080
Name: 广西卫视, URL: http://[2409:8087:1e03:21::42]:6610/cms001/ch00000090990000001224/index.m3u8, From: subscribe, IPv_Type: ipv6, Location: 中国, ISP: 中国移动, Date: None, Delay: 0.1 ms, Speed: inf M/s, Resolution: 1920x1080
Name: 广西卫视, URL: http://[2409:8087:4c0a:22:1::11]:6410/170000001115/UmaiCHAN5000045BESTVSMGSMG/index.m3u8?m3u8_level=2, From: subscribe, IPv_Type: ipv6, Location: 中国, ISP: 中国移动, Date: None, Delay: 0.1 ms, Speed: inf M/s, Resolution: 1920x1080
Name: 广西卫视, URL: http://dbiptv.sn.chinamobile.com/PLTV/88888890/224/3221225770/index.m3u8, From: subscribe, IPv_Type: ipv6, Location: 中国, ISP: 中国移动, Date: None, Delay: 0.1 ms, Speed: inf M/s, Resolution: 1920x1080
Name: 广西卫视, URL: https://live.v1.mk/api/bestv.php?id=gxwshd8m/8000000, From: subscribe, IPv_Type: ipv6, Location: 美国, ISP: CloudFlare Inc., Date: None, Delay: 0.1 ms, Speed: inf M/s, Resolution: 1920x1080
Name: 广西卫视, URL: http://[2409:8087:3428:20:500::1009]:6610/PLTV/88888888/224/3221227250/index.m3u8?servicetype=1&IASHttpSessionId=RR423820220409134714119178, From: subscribe, IPv_Type: ipv6, Location: 中国, ISP: 中国移动, Date: None, Delay: 0.1 ms, Speed: inf M/s, Resolution: 1920x1080
Name: 广西卫视, URL: http://[2409:8087:74f0:22::7]:6410/270000001128/9900000034/index.m3u8, From: subscribe, IPv_Type: ipv6, Location: 中国, ISP: 中国移动, Date: None, Delay: 0.1 ms, Speed: inf M/s, Resolution: 1920x1080
Name: 广西卫视, URL: http://[2409:8087:1a01:df::7005]/ottrrs.hl.chinamobile.com/PLTV/88888888/224/3221226549/index.m3u8, From: subscribe, IPv_Type: ipv6, Location: 中国, ISP: 中国移动, Date: None, Delay: 0.1 ms, Speed: inf M/s, Resolution: 1920x1080
Name: 广西卫视, URL: http://[2409:8087:5e00:24::1e]:6060/200000001898/460000089800010099/1.m3u8, From: subscribe, IPv_Type: ipv6, Location: 中国, ISP: 中国移动, Date: None, Delay: 0.1 ms, Speed: inf M/s, Resolution: 1920x1080
Name: 广西卫视, URL: http://[2409:8087:3869:8021:1001::e5]:6610/PLTV/88888888/224/3221225731/2/index.m3u8, From: subscribe, IPv_Type: ipv6, Location: 中国, ISP: 中国移动, Date: None, Delay: 0.1 ms, Speed: inf M/s, Resolution: 1920x1080
Name: 广西卫视, URL: http://rrs01.hw.gmcc.net:8088/PLTV/81/224/3221226681/1.m3u8, From: subscribe, IPv_Type: ipv6, Location: 中国, ISP: 中国移动, Date: None, Delay: -1 ms, Speed: 0.00 M/s, Resolution: None
Name: 广西卫视, URL: http://[2409:8087:5e08:25::16]:6610/200000001898/460000089800010099/1.m3u8, From: subscribe, IPv_Type: ipv6, Location: 中国, ISP: 中国移动, Date: None, Delay: -1 ms, Speed: 0.00 M/s, Resolution: None
Name: 广西卫视, URL: https://mursor.ottiptv.cc/mcp/guangxi.m3u8, From: subscribe, IPv_Type: ipv6, Location: 美国, ISP: Oracle Corporation, Date: None, Delay: -1 ms, Speed: 0.00 M/s, Resolution: None
Name: 广西卫视, URL: https://migu.188766.xyz/?migutoken=c21182f55bd387d89ef6f64cf26a4366&id=gxws&type=sz, From: subscribe, IPv_Type: ipv6, Location: 美国, ISP: CloudFlare Inc., Date: None, Delay: -1 ms, Speed: 0.00 M/s, Resolution: None
Name: 广西卫视, URL: https://cc06.tv12.xyz/46.m3u8, From: subscribe, IPv_Type: ipv6, Location: 美国, ISP: CloudFlare Inc., Date: None, Delay: -1 ms, Speed: 0.00 M/s, Resolution: None
Name: 贵州卫视, URL: https://iptv.catvod.com/live.php?id=%E8%B4%B5%E5%B7%9E%E5%8D%AB%E8%A7%86%E5%8F%B0, From: local, IPv_Type: ipv6, Location: 美国, ISP: CloudFlare Inc., Date: None, Delay: -1 ms, Speed: 0.00 M/s, Resolution: None
Name: 贵州卫视, URL: https://iptv.catvod.com/live.php?id=%E8%B4%B5%E5%B7%9E, From: local, IPv_Type: ipv6, Location: 美国, ISP: CloudFlare Inc., Date: None, Delay: -1 ms, Speed: 0.00 M/s, Resolution: None
Name: 贵州卫视, URL: http://php.jdshipin.com/TVOD/hljyd.php?id=3221226474, From: subscribe, IPv_Type: ipv6, Location: 美国, ISP: CloudFlare Inc., Date: None, Delay: 0.1 ms, Speed: inf M/s, Resolution: 1920x1080
Name: 贵州卫视, URL: http://z.b.bkpcp.top/m.php?id=gzws, From: subscribe, IPv_Type: ipv6, Location: 美国, ISP: CloudFlare Inc., Date: None, Delay: 0.1 ms, Speed: inf M/s, Resolution: 1920x1080
Name: 贵州卫视, URL: http://j.x.bkpcp.top/jx/GUIZHD, From: subscribe, IPv_Type: ipv6, Location: 美国, ISP: CloudFlare Inc., Date: None, Delay: 0.1 ms, Speed: inf M/s, Resolution: 1920x1080
Name: 贵州卫视, URL: http://goo.bkpcp.top/mg/gzws, From: subscribe, IPv_Type: ipv6, Location: 美国, ISP: CloudFlare Inc., Date: None, Delay: 0.1 ms, Speed: inf M/s, Resolution: 1920x1080
Name: 贵州卫视, URL: http://[2409:8087:1a01:df::4030]:80/TVOD/88888888/224/3221225974/main.m3u8, From: subscribe, IPv_Type: ipv6, Location: 中国, ISP: 中国移动, Date: None, Delay: 0.1 ms, Speed: inf M/s, Resolution: 1920x1080
Name: 贵州卫视, URL: http://dsj.motem.top:8880/bptv/10000100000000050000000003873471.m3u8, From: subscribe, IPv_Type: ipv6, Location: 美国, ISP: CloudFlare Inc., Date: None, Delay: 0.1 ms, Speed: inf M/s, Resolution: 1920x1080
Name: 贵州卫视, URL: http://[2409:8087:1a0a:df::404b]/ottrrs.hl.chinamobile.com/TVOD/88888888/224/3221226474/index.m3u8, From: subscribe, IPv_Type: ipv6, Location: 中国, ISP: 中国移动, Date: None, Delay: 0.1 ms, Speed: inf M/s, Resolution: 1920x1080
Name: 贵州卫视, URL: http://[2409:8087:1a01:df::4077]/ottrrs.hl.chinamobile.com/PLTV/88888888/8/3221226474/index.m3u8, From: subscribe, IPv_Type: ipv6, Location: 中国, ISP: 中国移动, Date: None, Delay: 0.1 ms, Speed: inf M/s, Resolution: 1920x1080
Name: 贵州卫视, URL: http://[2409:8087:8:21::18]:6610/otttv.bj.chinamobile.com/PLTV/88888888/224/3221226497/1.m3u8, From: subscribe, IPv_Type: ipv6, Location: 中国, ISP: 中国移动, Date: None, Delay: 0.1 ms, Speed: inf M/s, Resolution: 1920x1080
Name: 贵州卫视, URL: http://[2409:8087:8:21::18]:6610/otttv.bj.chinamobile.com/PLTV/88888888/224/3221226521/1.m3u8, From: subscribe, IPv_Type: ipv6, Location: 中国, ISP: 中国移动, Date: None, Delay: 0.1 ms, Speed: inf M/s, Resolution: 1920x1080
Name: 贵州卫视, URL: http://[2409:8087:2001:20:2800:0:df6e:eb09]:80/ott.mobaibox.com/PLTV/4/224/3221228136/index.m3u8, From: subscribe, IPv_Type: ipv6, Location: 中国, ISP: 中国移动, Date: None, Delay: 0.1 ms, Speed: inf M/s, Resolution: 1920x1080
Name: 贵州卫视, URL: http://[2409:8087:3428:20:500::100f]:6610/PLTV/88888888/224/3221227201/index.m3u8?servicetype=1&IASHttpSessionId=RR423820220409134714119178, From: subscribe, IPv_Type: ipv6, Location: 中国, ISP: 中国移动, Date: None, Delay: 0.1 ms, Speed: inf M/s, Resolution: 1920x1080
Name: 贵州卫视, URL: http://nas.suntao.online:35455/itv/5000000004000025843.m3u8?cdn=bestzb, From: subscribe, IPv_Type: ipv6, Location: 中国, ISP: 中国联通, Date: None, Delay: 0.1 ms, Speed: inf M/s, Resolution: 1920x1080
Name: 贵州卫视, URL: http://iptv.cdn.ha.chinamobile.com/PLTV/88888888/224/3221227224/index.m3u8, From: subscribe, IPv_Type: ipv6, Location: 中国, ISP: 中国移动, Date: None, Delay: 0.1 ms, Speed: inf M/s, Resolution: 1920x1080
Name: 贵州卫视, URL: http://hwrr.jx.chinamobile.com:8080/PLTV/88888888/224/3221225483/index.m3u8?fmt=ts2hls, From: subscribe, IPv_Type: ipv6, Location: 中国, ISP: 中国移动, Date: None, Delay: 0.1 ms, Speed: inf M/s, Resolution: 1920x1080
Name: 贵州卫视, URL: http://[2409:8087:3428:20:500::1009]:6610/PLTV/88888888/224/3221227201/index.m3u8?servicetype=1&IASHttpSessionId=RR423820220409134714119178, From: subscribe, IPv_Type: ipv6, Location: 中国, ISP: 中国移动, Date: None, Delay: 0.1 ms, Speed: inf M/s, Resolution: 1920x1080
Name: 贵州卫视, URL: http://[2409:8087:2001:20:2800:0:df6e:eb08]/ott.mobaibox.com/PLTV/3/224/3221228136/index.m3u8, From: subscribe, IPv_Type: ipv6, Location: 中国, ISP: 中国移动, Date: None, Delay: 0.1 ms, Speed: inf M/s, Resolution: 1920x1080
Name: 贵州卫视, URL: http://[2409:8087:1e03:21::42]:6610/cms001/ch00000090990000001184/index.m3u8, From: subscribe, IPv_Type: ipv6, Location: 中国, ISP: 中国移动, Date: None, Delay: 0.1 ms, Speed: inf M/s, Resolution: 1920x1080
Name: 贵州卫视, URL: http://[2409:8087:5e01:34::38]:6610/ZTE_CMS/00000001000000060000000000000489/index.m3u8, From: subscribe, IPv_Type: ipv6, Location: 中国, ISP: 中国移动, Date: None, Delay: 0.1 ms, Speed: inf M/s, Resolution: 1920x1080
Name: 贵州卫视, URL: http://[2409:8087:5e00:24::1f]:6060/ZTE_CMS/00000001000000060000000000000489/index.m3u8, From: subscribe, IPv_Type: ipv6, Location: 中国, ISP: 中国移动, Date: None, Delay: 0.1 ms, Speed: inf M/s, Resolution: 1920x1080
Name: 贵州卫视, URL: http://[2409:8087:5e01:34::23]:6610/ZTE_CMS/00000001000000060000000000000489/index.m3u8?IAS, From: subscribe, IPv_Type: ipv6, Location: 中国, ISP: 中国移动, Date: None, Delay: 0.1 ms, Speed: inf M/s, Resolution: 1920x1080
Name: 贵州卫视, URL: http://[2409:8087:4c0a:22:1::11]:6410/170000001115/UmaiCHAN4252663BESTVSMGSMG9/index.m3u8?m3u8_level=2, From: subscribe, IPv_Type: ipv6, Location: 中国, ISP: 中国移动, Date: None, Delay: 0.1 ms, Speed: inf M/s, Resolution: 1920x1080
Name: 贵州卫视, URL: http://[2409:8087:5e01:34::21]:6610/ZTE_CMS/00000001000000060000000000000489/index.m3u8?IAS, From: subscribe, IPv_Type: ipv6, Location: 中国, ISP: 中国移动, Date: None, Delay: 0.1 ms, Speed: inf M/s, Resolution: 1920x1080
Name: 贵州卫视, URL: http://[2409:8087:5e01:34::22]:6610/ZTE_CMS/00000001000000060000000000000489/index.m3u8?IAS, From: subscribe, IPv_Type: ipv6, Location: 中国, ISP: 中国移动, Date: None, Delay: 0.1 ms, Speed: inf M/s, Resolution: 1920x1080
Name: 贵州卫视, URL: http://[2409:8087:5e01:34::20]:6610/ZTE_CMS/00000001000000060000000000000489/index.m3u8?IAS, From: subscribe, IPv_Type: ipv6, Location: 中国, ISP: 中国移动, Date: None, Delay: 0.1 ms, Speed: inf M/s, Resolution: 1920x1080
Name: 贵州卫视, URL: https://stream1.freetv.fun/gui-zhou-wei-shi-gao-qing-3.ctv, From: subscribe, IPv_Type: ipv6, Location: 美国, ISP: CloudFlare Inc., Date: None, Delay: 0.1 ms, Speed: inf M/s, Resolution: 1920x1080
Name: 贵州卫视, URL: https://stream1.freetv.fun/gui-zhou-wei-shi-gao-qing-2.ctv, From: subscribe, IPv_Type: ipv6, Location: 美国, ISP: CloudFlare Inc., Date: None, Delay: 0.1 ms, Speed: inf M/s, Resolution: 1920x1080
Name: 贵州卫视, URL: http://[2409:8087:1e03:21::2]:6060/cms001/ch00000090990000001184/index.m3u8, From: subscribe, IPv_Type: ipv6, Location: 中国, ISP: 中国移动, Date: None, Delay: 0.1 ms, Speed: inf M/s, Resolution: 1920x1080
Name: 贵州卫视, URL: http://[2409:8087:3428:20:500::100f]:6610/PLTV/88888888/224/3221225838/index.m3u8?servicetype=1&IASHttpSessionId=RR423820220409134714119178, From: subscribe, IPv_Type: ipv6, Location: 中国, ISP: 中国移动, Date: None, Delay: 0.1 ms, Speed: inf M/s, Resolution: 1920x1080
Name: 贵州卫视, URL: http://[2409:8087:3428:20:500::1009]:6610/PLTV/88888888/224/3221225838/index.m3u8?servicetype=1&IASHttpSessionId=RR423820220409134714119178, From: subscribe, IPv_Type: ipv6, Location: 中国, ISP: 中国移动, Date: None, Delay: 0.1 ms, Speed: inf M/s, Resolution: 1920x1080
Name: 贵州卫视, URL: http://[2409:8087:2001:20:2800:0:df6e:eb1b]:80/wh7f454c46tw1568871343_-998620180/ott.mobaibox.com/PLTV/3/224/3221227551/index.m3u8?icpid=3&RTS=1674385979&from=40&popid=40&hms_devid=2116&prioritypopid=40&vqe=3, From: subscribe, IPv_Type: ipv6, Location: 中国, ISP: 中国移动, Date: None, Delay: 0.1 ms, Speed: inf M/s, Resolution: 1920x1080
Name: 贵州卫视, URL: http://[2409:8087:74f0:22::7]:6410/270000001128/9900000036/index.m3u8, From: subscribe, IPv_Type: ipv6, Location: 中国, ISP: 中国移动, Date: None, Delay: 0.1 ms, Speed: inf M/s, Resolution: 1920x1080
Name: 贵州卫视, URL: http://[2409:8087:1a01:df::7005]/ottrrs.hl.chinamobile.com/PLTV/88888888/224/3221226474/index.m3u8, From: subscribe, IPv_Type: ipv6, Location: 中国, ISP: 中国移动, Date: None, Delay: 0.1 ms, Speed: inf M/s, Resolution: 1920x1080
Name: 贵州卫视, URL: http://[2409:8087:5e00:24::1e]:6060/200000001898/460000089800010100/1.m3u8, From: subscribe, IPv_Type: ipv6, Location: 中国, ISP: 中国移动, Date: None, Delay: 0.1 ms, Speed: inf M/s, Resolution: 1920x1080
Name: 贵州卫视, URL: http://[2409:8087:3869:8021:1001::e5]:6610/PLTV/88888888/224/3221225483/2/index.m3u8, From: subscribe, IPv_Type: ipv6, Location: 中国, ISP: 中国移动, Date: None, Delay: -1 ms, Speed: 0.00 M/s, Resolution: None
Name: 贵州卫视, URL: http://[2409:8087:3869:8021:1001::e5]:6610/PLTV/88888888/224/3221225728/2/index.m3u8, From: subscribe, IPv_Type: ipv6, Location: 中国, ISP: 中国移动, Date: None, Delay: -1 ms, Speed: 0.00 M/s, Resolution: None
Name: 贵州卫视, URL: http://[2409:8087:8:21::18]:6610/otttv.bj.chinamobile.com/PLTV/88888888/224/3221227012/1.m3u8?GuardEncType=2&accountinfo=%7E%7EV2.0%7EnqBF03rFwPucF8ODtWxLQQ%7EtP4-l0lmSfjwLWEfK_el1vH_mv-s1zo4AQJwdedaVwG9xkuFTDg8J26cwOrNJzn20BErrHdLhuZ9EzLUCD3PMW-OMx4MGteHV2vLeW6BqoY%2CEND, From: subscribe, IPv_Type: ipv6, Location: 中国, ISP: 中国移动, Date: None, Delay: -1 ms, Speed: 0.00 M/s, Resolution: None
Name: 贵州卫视, URL: http://rrs01.hw.gmcc.net:8088/PLTV/81/224/3221226672/1.m3u8, From: subscribe, IPv_Type: ipv6, Location: 中国, ISP: 中国移动, Date: None, Delay: -1 ms, Speed: 0.00 M/s, Resolution: None
Name: 贵州卫视, URL: http://lu.wqwqwq.sbs/itv/5000000004000025843.m3u8?cdn=bestzb, From: subscribe, IPv_Type: ipv6, Location: 美国, ISP: CloudFlare Inc., Date: None, Delay: -1 ms, Speed: 0.00 M/s, Resolution: None
Name: 贵州卫视, URL: http://[2409:8087:1a15:10d1::34]/ottrrs.hl.chinamobile.com/PLTV/88888888/224/3221226474/index.m3u8, From: subscribe, IPv_Type: ipv6, Location: 中国, ISP: 中国移动, Date: None, Delay: -1 ms, Speed: 0.00 M/s, Resolution: None
Name: 贵州卫视, URL: http://[2409:8087:5e08:25::16]:6610/200000001898/460000089800010100/1.m3u8, From: subscribe, IPv_Type: ipv6, Location: 中国, ISP: 中国移动, Date: None, Delay: -1 ms, Speed: 0.00 M/s, Resolution: None
Name: 贵州卫视, URL: https://mursor.ottiptv.cc/mcp/guizhou.m3u8, From: subscribe, IPv_Type: ipv6, Location: 美国, ISP: Oracle Corporation, Date: None, Delay: -1 ms, Speed: 0.00 M/s, Resolution: None
Name: 贵州卫视, URL: https://migu.188766.xyz/?migutoken=73188353f5172edc44798a776775751a&id=gzws&type=sz, From: subscribe, IPv_Type: ipv6, Location: 美国, ISP: CloudFlare Inc., Date: None, Delay: -1 ms, Speed: 0.00 M/s, Resolution: None
Name: 贵州卫视, URL: https://cc06.tv12.xyz/48.m3u8, From: subscribe, IPv_Type: ipv6, Location: 美国, ISP: CloudFlare Inc., Date: None, Delay: -1 ms, Speed: 0.00 M/s, Resolution: None
Name: 贵州卫视, URL: https://jzb.wwkejishe.top/?id=619, From: subscribe, IPv_Type: ipv6, Location: 美国, ISP: CloudFlare Inc., Date: None, Delay: -1 ms, Speed: 0.00 M/s, Resolution: None
Name: 海南卫视, URL: https://iptv.catvod.com/live.php?id=%E6%B5%B7%E5%8D%97%E5%8D%AB%E8%A7%86%E5%8F%B0, From: local, IPv_Type: ipv6, Location: 美国, ISP: CloudFlare Inc., Date: None, Delay: -1 ms, Speed: 0.00 M/s, Resolution: None
Name: 海南卫视, URL: http://php.jdshipin.com/TVOD/hnyd.php?id=200000001898/460000089800010083, From: subscribe, IPv_Type: ipv6, Location: 美国, ISP: CloudFlare Inc., Date: None, Delay: 0.1 ms, Speed: inf M/s, Resolution: 1920x1080
Name: 海南卫视, URL: http://z.b.bkpcp.top/m.php?id=hinws, From: subscribe, IPv_Type: ipv6, Location: 美国, ISP: CloudFlare Inc., Date: None, Delay: 0.1 ms, Speed: inf M/s, Resolution: 1920x1080
Name: 海南卫视, URL: http://j.x.bkpcp.top/jx/HAINHD, From: subscribe, IPv_Type: ipv6, Location: 美国, ISP: CloudFlare Inc., Date: None, Delay: 0.1 ms, Speed: inf M/s, Resolution: 1920x1080
Name: 海南卫视, URL: http://goo.bkpcp.top/mg/hinws, From: subscribe, IPv_Type: ipv6, Location: 美国, ISP: CloudFlare Inc., Date: None, Delay: 0.1 ms, Speed: inf M/s, Resolution: 1920x1080
Name: 海南卫视, URL: http://dsj.motem.top:8880/bptv/10000100000000050000000004796877.m3u8, From: subscribe, IPv_Type: ipv6, Location: 美国, ISP: CloudFlare Inc., Date: None, Delay: 0.1 ms, Speed: inf M/s, Resolution: 1920x1080
Name: 海南卫视, URL: http://[2409:8087:1a0a:df::404b]/ottrrs.hl.chinamobile.com/TVOD/88888888/224/3221226465/index.m3u8, From: subscribe, IPv_Type: ipv6, Location: 中国, ISP: 中国移动, Date: None, Delay: 0.1 ms, Speed: inf M/s, Resolution: 1920x1080
Name: 海南卫视, URL: http://[2409:8087:1a01:df::4077]/ottrrs.hl.chinamobile.com/PLTV/88888888/8/3221226465/index.m3u8, From: subscribe, IPv_Type: ipv6, Location: 中国, ISP: 中国移动, Date: None, Delay: 0.1 ms, Speed: inf M/s, Resolution: 1920x1080
Name: 海南卫视, URL: http://[2409:8087:8:21::18]:6610/otttv.bj.chinamobile.com/PLTV/88888888/224/3221226574/1.m3u8, From: subscribe, IPv_Type: ipv6, Location: 中国, ISP: 中国移动, Date: None, Delay: 0.1 ms, Speed: inf M/s, Resolution: 1920x1080
Name: 海南卫视, URL: http://[2409:8087:8:21::18]:6610/otttv.bj.chinamobile.com/PLTV/88888888/224/3221226922/1.m3u8, From: subscribe, IPv_Type: ipv6, Location: 中国, ISP: 中国移动, Date: None, Delay: 0.1 ms, Speed: inf M/s, Resolution: 1920x1080
Name: 海南卫视, URL: http://[2409:8087:2001:20:2800:0:df6e:eb09]:80/ott.mobaibox.com/PLTV/4/224/3221228139/index.m3u8, From: subscribe, IPv_Type: ipv6, Location: 中国, ISP: 中国移动, Date: None, Delay: 0.1 ms, Speed: inf M/s, Resolution: 1920x1080
Name: 海南卫视, URL: http://[2409:8087:1e03:21::2]:6060/cms001/ch00000090990000001183/index.m3u8, From: subscribe, IPv_Type: ipv6, Location: 中国, ISP: 中国移动, Date: None, Delay: 0.1 ms, Speed: inf M/s, Resolution: 1920x1080
Name: 海南卫视, URL: http://[2409:8087:3428:20:500::100f]:6610/PLTV/88888888/224/3221225855/index.m3u8?servicetype=1&IASHttpSessionId=RR423820220409134714119178, From: subscribe, IPv_Type: ipv6, Location: 中国, ISP: 中国移动, Date: None, Delay: 0.1 ms, Speed: inf M/s, Resolution: 1920x1080
Name: 海南卫视, URL: http://[2409:8087:3428:20:500::1009]:6610/PLTV/88888888/224/3221225855/index.m3u8?servicetype=1&IASHttpSessionId=RR423820220409134714119178, From: subscribe, IPv_Type: ipv6, Location: 中国, ISP: 中国移动, Date: None, Delay: 0.1 ms, Speed: inf M/s, Resolution: 1920x1080
Name: 海南卫视, URL: http://iptv.cdn.ha.chinamobile.com/PLTV/88888888/224/3221226562/index.m3u8, From: subscribe, IPv_Type: ipv6, Location: 中国, ISP: 中国移动, Date: None, Delay: 0.1 ms, Speed: inf M/s, Resolution: 1920x1080
Name: 海南卫视, URL: https://www.freetv.top/migu/947472502.m3u8?migutoken=7837384e48fd26a97f31b5166b88580720ebc21f5e10f392561f571058dda831b33433f9113b41fa03dff482db5244ae83df7b277e82cf7a4651045d113b16c3733999e3c4428166e0995051a4, From: subscribe, IPv_Type: ipv6, Location: 美国-加利福尼亚州-圣克拉拉, ISP: DigitalOcean, Date: None, Delay: 0.1 ms, Speed: inf M/s, Resolution: 1920x1080
Name: 海南卫视, URL: http://nas.suntao.online:35455/itv/5000000004000006211.m3u8?cdn=bestzb, From: subscribe, IPv_Type: ipv6, Location: 中国, ISP: 中国联通, Date: None, Delay: 0.1 ms, Speed: inf M/s, Resolution: 1920x1080
Name: 海南卫视, URL: https://stream1.freetv.fun/e7287ead73b2c6f7869c81ee2fcec3298ffc2cea26a0402cd3c32084280590b6.ctv, From: subscribe, IPv_Type: ipv6, Location: 美国, ISP: CloudFlare Inc., Date: None, Delay: 0.1 ms, Speed: inf M/s, Resolution: 1920x1080
Name: 海南卫视, URL: https://stream1.freetv.fun/0db3bcb05f954e0949aaaf8924a3a47d7af53d61294bdff1a208aa042cff2a46.ctv, From: subscribe, IPv_Type: ipv6, Location: 美国, ISP: CloudFlare Inc., Date: None, Delay: 0.1 ms, Speed: inf M/s, Resolution: 1920x1080
Name: 海南卫视, URL: http://hwrr.jx.chinamobile.com:8080/PLTV/88888888/224/3221226212/index.m3u8?fmt=ts2hls, From: subscribe, IPv_Type: ipv6, Location: 中国, ISP: 中国移动, Date: None, Delay: 0.1 ms, Speed: inf M/s, Resolution: 1920x1080
Name: 海南卫视, URL: http://[2409:8087:2001:20:2800:0:df6e:eb08]/wh7f454c46tw2843123663_1489055229/ott.mobaibox.com/PLTV/3/224/3221228139/index.m3u8?icpid=3&RTS=1669701444&from=40&popid=40&hms_devid=2037&prioritypopid=40&vqe=3, From: subscribe, IPv_Type: ipv6, Location: 中国, ISP: 中国移动, Date: None, Delay: 0.1 ms, Speed: inf M/s, Resolution: 1920x1080
Name: 海南卫视, URL: http://[2409:8087:3428:20:500::100f]:6610/PLTV/88888888/224/3221227216/index.m3u8?servicetype=1&IASHttpSessionId=RR423820220409134714119178, From: subscribe, IPv_Type: ipv6, Location: 中国, ISP: 中国移动, Date: None, Delay: 0.1 ms, Speed: inf M/s, Resolution: 1920x1080
Name: 海南卫视, URL: http://[2409:8087:3428:20:500::1009]:6610/PLTV/88888888/224/3221227216/index.m3u8?servicetype=1&IASHttpSessionId=RR423820220409134714119178, From: subscribe, IPv_Type: ipv6, Location: 中国, ISP: 中国移动, Date: None, Delay: 0.1 ms, Speed: inf M/s, Resolution: 1920x1080
Name: 海南卫视, URL: http://[2409:8087:1e03:21::11]:6610/cms001/ch00000090990000001183/index.m3u8, From: subscribe, IPv_Type: ipv6, Location: 中国, ISP: 中国移动, Date: None, Delay: 0.1 ms, Speed: inf M/s, Resolution: 1920x1080
Name: 海南卫视, URL: http://[2409:8087:2001:20:2800:0:df6e:eb05]:80/wh7f454c46tw1760762625_-423271938/ott.mobaibox.com/PLTV/3/224/3221228101/index.m3u8?icpid=3&RTS=1674386171&from=40&popid=40&hms_devid=2041&prioritypopid=40&vqe=3, From: subscribe, IPv_Type: ipv6, Location: 中国, ISP: 中国移动, Date: None, Delay: 0.1 ms, Speed: inf M/s, Resolution: 1920x1080
Name: 海南卫视, URL: http://[2409:8087:1e03:21::42]:6610/cms001/ch00000090990000001183/index.m3u8, From: subscribe, IPv_Type: ipv6, Location: 中国, ISP: 中国移动, Date: None, Delay: 0.1 ms, Speed: inf M/s, Resolution: 1920x1080
Name: 海南卫视, URL: http://[2409:8087:4c0a:22:1::11]:6410/170000001115/UmaiCHAN4252684BESTVSMGSMG9/index.m3u8?m3u8_level=2, From: subscribe, IPv_Type: ipv6, Location: 中国, ISP: 中国移动, Date: None, Delay: 0.1 ms, Speed: inf M/s, Resolution: 1920x1080
Name: 海南卫视, URL: http://[2409:8087:5e01:34::38]:6610/ZTE_CMS/00000001000000060000000000000262/index.m3u8?, From: subscribe, IPv_Type: ipv6, Location: 中国, ISP: 中国移动, Date: None, Delay: 0.1 ms, Speed: inf M/s, Resolution: 1920x1080
Name: 海南卫视, URL: http://[2409:8087:1a0b:df::4020]/ottrrs.hl.chinamobile.com/PLTV/88888888/224/3221226465/index.m3u8, From: subscribe, IPv_Type: ipv6, Location: 中国, ISP: 中国移动, Date: None, Delay: 0.1 ms, Speed: inf M/s, Resolution: 1920x1080
Name: 海南卫视, URL: http://[2409:8087:5e01:34::20]:6610/ZTE_CMS/00000001000000060000000000000262/index.m3u8?IAS, From: subscribe, IPv_Type: ipv6, Location: 中国, ISP: 中国移动, Date: None, Delay: 0.1 ms, Speed: inf M/s, Resolution: 1920x1080
Name: 海南卫视, URL: http://[2409:8087:5e01:34::21]:6610/ZTE_CMS/00000001000000060000000000000262/index.m3u8?IAS, From: subscribe, IPv_Type: ipv6, Location: 中国, ISP: 中国移动, Date: None, Delay: 0.1 ms, Speed: inf M/s, Resolution: 1920x1080
Name: 海南卫视, URL: http://[2409:8087:5e01:34::22]:6610/ZTE_CMS/00000001000000060000000000000262/index.m3u8?IAS, From: subscribe, IPv_Type: ipv6, Location: 中国, ISP: 中国移动, Date: None, Delay: 0.1 ms, Speed: inf M/s, Resolution: 1920x1080
Name: 海南卫视, URL: http://[2409:8087:5e01:34::23]:6610/ZTE_CMS/00000001000000060000000000000262/index.m3u8?IAS, From: subscribe, IPv_Type: ipv6, Location: 中国, ISP: 中国移动, Date: None, Delay: 0.1 ms, Speed: inf M/s, Resolution: 1920x1080
Name: 海南卫视, URL: https://www.freetv.top/migu/947472502.m3u8?migutoken=61e4fd9bf58ef5793a154534fc3b69a6905900f2133acd6c3fe723e7b4520ad20ebd351ceb44d42a3a09fa5e7e402be1cec3e5c93b1a07ac90681ef873a367d7cb68040b3be9d7873347efa755, From: subscribe, IPv_Type: ipv6, Location: 美国-加利福尼亚州-圣克拉拉, ISP: DigitalOcean, Date: None, Delay: 0.1 ms, Speed: inf M/s, Resolution: 1920x1080
Name: 海南卫视, URL: https://www.freetv.top/migu/947472502.m3u8?migutoken=b49395c0adad3f977a69d9555b7ec0e60a9f6076a9bd17687472774c39f5e60c68b55ab46fdf0d73b68a871b71b438163c9ae6604499693eb260ed04ebe98df3f12124410b199e0741f3429b11, From: subscribe, IPv_Type: ipv6, Location: 美国-加利福尼亚州-圣克拉拉, ISP: DigitalOcean, Date: None, Delay: 0.1 ms, Speed: inf M/s, Resolution: 1920x1080
Name: 海南卫视, URL: http://live.wqwqwq.sbs/itv/5000000004000006211.m3u8?cdn=bestzb, From: subscribe, IPv_Type: ipv6, Location: 美国, ISP: CloudFlare Inc., Date: None, Delay: 0.1 ms, Speed: inf M/s, Resolution: 1920x1080
Name: 海南卫视, URL: http://[2409:8087:74f0:22::7]:6410/270000001128/9900000037/index.m3u8, From: subscribe, IPv_Type: ipv6, Location: 中国, ISP: 中国移动, Date: None, Delay: 0.1 ms, Speed: inf M/s, Resolution: 1920x1080
Name: 海南卫视, URL: http://[2409:8087:1a01:df::7005]/ottrrs.hl.chinamobile.com/PLTV/88888888/224/3221226465/index.m3u8, From: subscribe, IPv_Type: ipv6, Location: 中国, ISP: 中国移动, Date: None, Delay: 0.1 ms, Speed: inf M/s, Resolution: 1920x1080
Name: 海南卫视, URL: http://[2409:8087:3869:8021:1001::e5]:6610/PLTV/88888888/224/3221225722/2/index.m3u8, From: subscribe, IPv_Type: ipv6, Location: 中国, ISP: 中国移动, Date: None, Delay: -1 ms, Speed: 0.00 M/s, Resolution: None
Name: 海南卫视, URL: http://[2409:8087:8:21::18]:6610/otttv.bj.chinamobile.com/PLTV/88888888/224/3221227029/1.m3u8?GuardEncType=2&accountinfo=%7E%7EV2.0%7EEuBMjt2kLMD8fAO7QYER7Q%7EtP4-l0lmSfjwLWEfK_el1vH_mv-s1zo4AQJwdedaVwG9xkuFTDg8J26cwOrNJzn20BErrHdLhuZ9EzLUCD3PMW-OMx4MGteHV2vLeW6BqoY%2CEND, From: subscribe, IPv_Type: ipv6, Location: 中国, ISP: 中国移动, Date: None, Delay: -1 ms, Speed: 0.00 M/s, Resolution: None
Name: 海南卫视, URL: http://rrs01.hw.gmcc.net:8088/PLTV/81/224/3221226679/1.m3u8, From: subscribe, IPv_Type: ipv6, Location: 中国, ISP: 中国移动, Date: None, Delay: -1 ms, Speed: 0.00 M/s, Resolution: None
Name: 海南卫视, URL: http://rrs01.hw.gmcc.net:8088/PLTV/81/224/3221226683/1.m3u8, From: subscribe, IPv_Type: ipv6, Location: 中国, ISP: 中国移动, Date: None, Delay: -1 ms, Speed: 0.00 M/s, Resolution: None
Name: 海南卫视, URL: http://lu.wqwqwq.sbs/itv/5000000004000006211.m3u8?cdn=bestzb, From: subscribe, IPv_Type: ipv6, Location: 美国, ISP: CloudFlare Inc., Date: None, Delay: -1 ms, Speed: 0.00 M/s, Resolution: None
Name: 海南卫视, URL: http://[2409:8087:5e08:25::16]:6610/200000001898/460000089800010083/1.m3u8, From: subscribe, IPv_Type: ipv6, Location: 中国, ISP: 中国移动, Date: None, Delay: -1 ms, Speed: 0.00 M/s, Resolution: None
Name: 海南卫视, URL: https://mursor.ottiptv.cc/mcp/hainan.m3u8, From: subscribe, IPv_Type: ipv6, Location: 美国, ISP: Oracle Corporation, Date: None, Delay: -1 ms, Speed: 0.00 M/s, Resolution: None
Name: 海南卫视, URL: http://gslbmgsplive.miguvideo.com/envivo_x/SD/lvyou/711/index.m3u8?msisdn=20250919080133fff788240a634f059b6251c98cf52cd7&mdspid=&spid=600633&netType=0&sid=5910022165&pid=2028597139&timestamp=20250919080133&Channel_ID=0116_2600000900-99000-201600010010027&ProgramID=947472502&ParentNodeID=-99&assertID=5910022165&client_ip=106.13.250.88&SecurityKey=20250919080133&promotionId=&mvid=5900004359&mcid=500020&playurlVersion=WX-A1-8.9.1-RELEASE&userid=&jmhm=&videocodec=h264&bean=mgspad&tid=android&conFee=0&puData=b9e200bd43702b46484ce57e292ea580&ddCalcu=0b89e5e1a27e00209b2de47357e0c24b8446, From: subscribe, IPv_Type: ipv6, Location: 中国, ISP: 中国移动, Date: None, Delay: -1 ms, Speed: 0.00 M/s, Resolution: None
Name: 海南卫视, URL: https://migu.188766.xyz/?migutoken=a7fb0639ca49b74ff0dab2d634d0478f&id=hinws_hd&type=sz, From: subscribe, IPv_Type: ipv6, Location: 美国, ISP: CloudFlare Inc., Date: None, Delay: -1 ms, Speed: 0.00 M/s, Resolution: None
Name: 海南卫视, URL: https://cc06.tv12.xyz/93.m3u8, From: subscribe, IPv_Type: ipv6, Location: 美国, ISP: CloudFlare Inc., Date: None, Delay: -1 ms, Speed: 0.00 M/s, Resolution: None
Name: 海南卫视, URL: https://jzb.wwkejishe.top/?id=600, From: subscribe, IPv_Type: ipv6, Location: 美国, ISP: CloudFlare Inc., Date: None, Delay: -1 ms, Speed: 0.00 M/s, Resolution: None
Name: 海南卫视, URL: https://migu.188766.xyz/?migutoken=8849c595cd105d453fac19e08f9bf9c0&id=hn_hnws&type=sz, From: subscribe, IPv_Type: ipv6, Location: 美国, ISP: CloudFlare Inc., Date: None, Delay: -1 ms, Speed: 0.00 M/s, Resolution: None
Name: 海南卫视, URL: https://migu.188766.xyz/?migutoken=3a67667f74f2513aa45d4d3412051bec&id=%E6%B5%B7%E5%8D%97%E5%8D%AB%E8%A7%86&type=yy, From: subscribe, IPv_Type: ipv6, Location: 美国, ISP: CloudFlare Inc., Date: None, Delay: -1 ms, Speed: 0.00 M/s, Resolution: None
Name: 河北卫视, URL: https://event.pull.hebtv.com:443/live/live101.m3u8, From: local, IPv_Type: ipv6, Location: 中国, ISP: 中国电信, Date: None, Delay: -1 ms, Speed: 0.00 M/s, Resolution: None
Name: 河北卫视, URL: http://php.jdshipin.com/TVOD/hnyd.php?id=200000001898/460000089800010101, From: subscribe, IPv_Type: ipv6, Location: 美国, ISP: CloudFlare Inc., Date: None, Delay: 0.1 ms, Speed: inf M/s, Resolution: 1920x1080
Name: 河北卫视, URL: http://z.b.bkpcp.top/m.php?id=hbws, From: subscribe, IPv_Type: ipv6, Location: 美国, ISP: CloudFlare Inc., Date: None, Delay: 0.1 ms, Speed: inf M/s, Resolution: 1920x1080
Name: 河北卫视, URL: https://jwplay.hebyun.com.cn/live/hbwstv/1500k/tzwj_video.m3u8, From: subscribe, IPv_Type: ipv6, Location: 中国, ISP: 中国联通, Date: None, Delay: 0.1 ms, Speed: inf M/s, Resolution: 1920x1080
Name: 河北卫视, URL: http://iptv.huuc.edu.cn/hls/hebhd.m3u8, From: subscribe, IPv_Type: ipv6, Location: 中国, ISP: 教育网, Date: None, Delay: 0.1 ms, Speed: inf M/s, Resolution: 1920x1080
Name: 河北卫视, URL: http://[2409:8087:1a01:df::4077]/ottrrs.hl.chinamobile.com/PLTV/88888888/8/3221226406/index.m3u8, From: subscribe, IPv_Type: ipv6, Location: 中国, ISP: 中国移动, Date: None, Delay: 0.1 ms, Speed: inf M/s, Resolution: 1920x1080
Name: 河北卫视, URL: http://tv.pull.hebtv.com/jishi/weishipindao.m3u8?t=2510710360&k=3d44740039027301acf8341d7361ab59, From: subscribe, IPv_Type: ipv6, Location: 中国, ISP: 中国电信, Date: None, Delay: 0.1 ms, Speed: inf M/s, Resolution: 1920x1080
Name: 河北卫视, URL: http://[2409:8087:1a01:df::4035]:80/TVOD/88888888/224/3221225961/main.m3u8, From: subscribe, IPv_Type: ipv6, Location: 中国, ISP: 中国移动, Date: None, Delay: -1 ms, Speed: 0.00 M/s, Resolution: None
Name: 河北卫视, URL: http://dsj.motem.top:8880/bptv/10000100000000050000000003873460.m3u8, From: subscribe, IPv_Type: ipv6, Location: 美国, ISP: CloudFlare Inc., Date: None, Delay: 0.1 ms, Speed: inf M/s, Resolution: 1920x1080
Name: 河北卫视, URL: https://live.lalifeier.eu.org/hebtv/hbws.m3u8?t=1746372302&key=b89007ab1e7b4801eaa22ec0048feb91, From: subscribe, IPv_Type: ipv6, Location: 美国, ISP: CloudFlare Inc., Date: None, Delay: 0.1 ms, Speed: inf M/s, Resolution: 1920x1080
Name: 河北卫视, URL: https://live.lalifeier.eu.org/hebtv/hbws.m3u8?t=1746379256&key=a57b84a2794040fb1e29774491cff353, From: subscribe, IPv_Type: ipv6, Location: 美国, ISP: CloudFlare Inc., Date: None, Delay: 0.1 ms, Speed: inf M/s, Resolution: 1920x1080
Name: 河北卫视, URL: https://live.lalifeier.eu.org/hebtv/hbws.m3u8?t=1746393735&key=a66c9a98bfcaec74a3a1521fe1ceae40, From: subscribe, IPv_Type: ipv6, Location: 美国, ISP: CloudFlare Inc., Date: None, Delay: 0.1 ms, Speed: inf M/s, Resolution: 1920x1080
Name: 河北卫视, URL: https://tv.pull.hebtv.com/jishi/weishipindao.m3u8?t=1746316818&k=7e9b50f9b9b642ffd4ce1363bb6847ab, From: subscribe, IPv_Type: ipv6, Location: 中国, ISP: 中国电信, Date: None, Delay: 0.1 ms, Speed: inf M/s, Resolution: 1920x1080
Name: 河北卫视, URL: https://tv.pull.hebtv.com/jishi/weishipindao.m3u8?t=1746100821&k=858d65a9c3668524cd7cb3e724c8db10, From: subscribe, IPv_Type: ipv6, Location: 中国, ISP: 中国电信, Date: None, Delay: 0.1 ms, Speed: inf M/s, Resolution: 1920x1080
Name: 河北卫视, URL: http://[2409:8087:1a0a:df::404b]/ottrrs.hl.chinamobile.com/TVOD/88888888/224/3221226406/index.m3u8, From: subscribe, IPv_Type: ipv6, Location: 中国, ISP: 中国移动, Date: None, Delay: 0.1 ms, Speed: inf M/s, Resolution: 1920x1080
Name: 河北卫视, URL: http://[2409:8087:1a01:df::4035]/TVOD/88888888/224/3221225961/main.m3u8, From: subscribe, IPv_Type: ipv6, Location: 中国, ISP: 中国移动, Date: None, Delay: 0.1 ms, Speed: inf M/s, Resolution: 1920x1080
Name: 河北卫视, URL: http://nas.suntao.online:35455/itv/5000000006000040016.m3u8?cdn=bestzb, From: subscribe, IPv_Type: ipv6, Location: 中国, ISP: 中国联通, Date: None, Delay: 0.1 ms, Speed: inf M/s, Resolution: 1920x1080
Name: 河北卫视, URL: https://tv.pull.hebtv.com/jishi/weishipindao.m3u8?t=1745946022&k=805cef8ba2d09cd6f897d9687a70c39b, From: subscribe, IPv_Type: ipv6, Location: 中国, ISP: 中国电信, Date: None, Delay: 0.1 ms, Speed: inf M/s, Resolution: 1920x1080
Name: 河北卫视, URL: http://iptv.cdn.ha.chinamobile.com/PLTV/88888888/224/3221227222/index.m3u8, From: subscribe, IPv_Type: ipv6, Location: 中国, ISP: 中国移动, Date: None, Delay: 0.1 ms, Speed: inf M/s, Resolution: 1920x1080
Name: 河北卫视, URL: http://lu.wqwqwq.sbs/itv/5000000006000040016.m3u8?cdn=bestzb, From: subscribe, IPv_Type: ipv6, Location: 美国, ISP: CloudFlare Inc., Date: None, Delay: 0.1 ms, Speed: inf M/s, Resolution: 1920x1080
Name: 河北卫视, URL: http://live.wqwqwq.sbs/itv/5000000006000040016.m3u8?cdn=bestzb, From: subscribe, IPv_Type: ipv6, Location: 美国, ISP: CloudFlare Inc., Date: None, Delay: 0.1 ms, Speed: inf M/s, Resolution: 1920x1080
Name: 河北卫视, URL: https://stream1.freetv.fun/a995bf588414dfdd5597e1458b574468be6201181b6323fd280473e314d4f397.ctv, From: subscribe, IPv_Type: ipv6, Location: 美国, ISP: CloudFlare Inc., Date: None, Delay: 0.1 ms, Speed: inf M/s, Resolution: 1920x1080
Name: 河北卫视, URL: http://hwrr.jx.chinamobile.com:8080/PLTV/88888888/224/3221225610/index.m3u8?fmt=ts2hls, From: subscribe, IPv_Type: ipv6, Location: 中国, ISP: 中国移动, Date: None, Delay: 0.1 ms, Speed: inf M/s, Resolution: 1920x1080
Name: 河北卫视, URL: http://[2409:8087:3428:20:500::100f]:6610/PLTV/88888888/224/3221225837/index.m3u8?servicetype=1&IASHttpSessionId=RR423820220409134714119178, From: subscribe, IPv_Type: ipv6, Location: 中国, ISP: 中国移动, Date: None, Delay: 0.1 ms, Speed: inf M/s, Resolution: 1920x1080
Name: 河北卫视, URL: http://[2409:8087:3428:20:500::1009]:6610/PLTV/88888888/224/3221225837/index.m3u8?servicetype=1&IASHttpSessionId=RR423820220409134714119178, From: subscribe, IPv_Type: ipv6, Location: 中国, ISP: 中国移动, Date: None, Delay: 0.1 ms, Speed: inf M/s, Resolution: 1920x1080
Name: 河北卫视, URL: http://[2409:8087:5e01:34::21]:6610/ZTE_CMS/00000001000000060000000000000487/index.m3u8, From: subscribe, IPv_Type: ipv6, Location: 中国, ISP: 中国移动, Date: None, Delay: 0.1 ms, Speed: inf M/s, Resolution: 1920x1080
Name: 河北卫视, URL: http://[2409:8087:2001:20:2800:0:df6e:eb07]:80/wh7f454c46tw1567506605_718632069/ott.mobaibox.com/PLTV/3/224/3221227545/index.m3u8?icpid=3&RTS=1674385977&from=40&popid=40&hms_devid=2036&prioritypopid=40&vqe=3, From: subscribe, IPv_Type: ipv6, Location: 中国, ISP: 中国移动, Date: None, Delay: 0.1 ms, Speed: inf M/s, Resolution: 1920x1080
Name: 河北卫视, URL: http://[2409:8087:2001:20:2800:0:df6e:eb05]/ott.mobaibox.com/PLTV/3/224/3221228106/index.m3u8, From: subscribe, IPv_Type: ipv6, Location: 中国, ISP: 中国移动, Date: None, Delay: 0.1 ms, Speed: inf M/s, Resolution: 1920x1080
Name: 河北卫视, URL: http://[2409:8087:1e03:21::42]:6610/cms001/ch00000090990000001229/index.m3u8, From: subscribe, IPv_Type: ipv6, Location: 中国, ISP: 中国移动, Date: None, Delay: 0.1 ms, Speed: inf M/s, Resolution: 1920x1080
Name: 河北卫视, URL: http://[2409:8087:1a0b:df::4020]/ottrrs.hl.chinamobile.com/PLTV/88888888/224/3221226406/index.m3u8, From: subscribe, IPv_Type: ipv6, Location: 中国, ISP: 中国移动, Date: None, Delay: 0.1 ms, Speed: inf M/s, Resolution: 1920x1080
Name: 河北卫视, URL: http://[2409:8087:5e01:34::23]:6610/ZTE_CMS/00000001000000060000000000000487/index.m3u8, From: subscribe, IPv_Type: ipv6, Location: 中国, ISP: 中国移动, Date: None, Delay: 0.1 ms, Speed: inf M/s, Resolution: 1920x1080
Name: 河北卫视, URL: http://[2409:8087:5e01:34::38]:6610/ZTE_CMS/00000001000000060000000000000487/index.m3u8, From: subscribe, IPv_Type: ipv6, Location: 中国, ISP: 中国移动, Date: None, Delay: 0.1 ms, Speed: inf M/s, Resolution: 1920x1080
Name: 河北卫视, URL: http://[2409:8087:5e01:34::22]:6610/ZTE_CMS/00000001000000060000000000000487/index.m3u8, From: subscribe, IPv_Type: ipv6, Location: 中国, ISP: 中国移动, Date: None, Delay: 0.1 ms, Speed: inf M/s, Resolution: 1920x1080
Name: 河北卫视, URL: http://[2409:8087:5e00:24::1f]:6060/ZTE_CMS/00000001000000060000000000000487/1.m3u8, From: subscribe, IPv_Type: ipv6, Location: 中国, ISP: 中国移动, Date: None, Delay: 0.1 ms, Speed: inf M/s, Resolution: 1920x1080
Name: 河北卫视, URL: http://[2409:8087:5e01:34::20]:6610/ZTE_CMS/00000001000000060000000000000487/index.m3u8, From: subscribe, IPv_Type: ipv6, Location: 中国, ISP: 中国移动, Date: None, Delay: 0.1 ms, Speed: inf M/s, Resolution: 1920x1080
Name: 河北卫视, URL: http://[2409:8087:4c0a:22:1::11]:6410/170000001115/UmaiCHAN100000002BESTVSMGSMG9/index.m3u8?m3u8_level=2, From: subscribe, IPv_Type: ipv6, Location: 中国, ISP: 中国移动, Date: None, Delay: 0.1 ms, Speed: inf M/s, Resolution: 1920x1080
Name: 河北卫视, URL: http://[2409:8087:2001:20:2800:0:df6e:eb04]:80/ott.mobaibox.com/PLTV/4/224/3221228106/index.m3u8, From: subscribe, IPv_Type: ipv6, Location: 中国, ISP: 中国移动, Date: None, Delay: 0.1 ms, Speed: inf M/s, Resolution: 1920x1080
Name: 河北卫视, URL: http://[2409:8087:1e03:21::2]:6060/cms001/ch00000090990000001229/index.m3u8, From: subscribe, IPv_Type: ipv6, Location: 中国, ISP: 中国移动, Date: None, Delay: 0.1 ms, Speed: inf M/s, Resolution: 1920x1080
Name: 河北卫视, URL: http://[2409:8087:3428:20:500::100f]:6610/PLTV/88888888/224/3221227063/index.m3u8?servicetype=1&IASHttpSessionId=RR423820220409134714119178, From: subscribe, IPv_Type: ipv6, Location: 中国, ISP: 中国移动, Date: None, Delay: 0.1 ms, Speed: inf M/s, Resolution: 1920x1080
Name: 河北卫视, URL: http://[2409:8087:3428:20:500::1009]:6610/PLTV/88888888/224/3221227063/index.m3u8?servicetype=1&IASHttpSessionId=RR423820220409134714119178, From: subscribe, IPv_Type: ipv6, Location: 中国, ISP: 中国移动, Date: None, Delay: 0.1 ms, Speed: inf M/s, Resolution: 1920x1080
Name: 河北卫视, URL: http://[2409:8087:74f0:22::7]:6410/270000001128/9900000057/index.m3u8, From: subscribe, IPv_Type: ipv6, Location: 中国, ISP: 中国移动, Date: None, Delay: 0.1 ms, Speed: inf M/s, Resolution: 1920x1080
Name: 河北卫视, URL: http://[2409:8087:1a01:df::7005]/ottrrs.hl.chinamobile.com/PLTV/88888888/224/3221226406/index.m3u8, From: subscribe, IPv_Type: ipv6, Location: 中国, ISP: 中国移动, Date: None, Delay: 0.1 ms, Speed: inf M/s, Resolution: 1920x1080
Name: 河北卫视, URL: http://[2409:8087:5e00:24::1e]:6060/200000001898/460000089800010101/1.m3u8, From: subscribe, IPv_Type: ipv6, Location: 中国, ISP: 中国移动, Date: None, Delay: 0.1 ms, Speed: inf M/s, Resolution: 1920x1080
Name: 河北卫视, URL: http://[2409:8087:3869:8021:1001::e5]:6610/PLTV/88888888/224/3221225610/2/index.m3u8, From: subscribe, IPv_Type: ipv6, Location: 中国, ISP: 中国移动, Date: None, Delay: -1 ms, Speed: 0.00 M/s, Resolution: None
Name: 河北卫视, URL: http://[2409:8087:3869:8021:1001::e5]:6610/PLTV/88888888/224/3221225732/2/index.m3u8, From: subscribe, IPv_Type: ipv6, Location: 中国, ISP: 中国移动, Date: None, Delay: -1 ms, Speed: 0.00 M/s, Resolution: None
Name: 河北卫视, URL: http://[2409:8087:8:21::18]:6610/otttv.bj.chinamobile.com/PLTV/88888888/224/3221227014/1.m3u8?GuardEncType=2&accountinfo=%7E%7EV2.0%7ErSGjhI3DMaaAASPrbQJYTg%7EtP4-l0lmSfjwLWEfK_el1vH_mv-s1zo4AQJwdedaVwG9xkuFTDg8J26cwOrNJzn20BErrHdLhuZ9EzLUCD3PMW-OMx4MGteHV2vLeW6BqoY%2CEND, From: subscribe, IPv_Type: ipv6, Location: 中国, ISP: 中国移动, Date: None, Delay: -1 ms, Speed: 0.00 M/s, Resolution: None
Name: 河北卫视, URL: http://rrs01.hw.gmcc.net:8088/PLTV/81/224/3221226684/1.m3u8, From: subscribe, IPv_Type: ipv6, Location: 中国, ISP: 中国移动, Date: None, Delay: -1 ms, Speed: 0.00 M/s, Resolution: None
Name: 河北卫视, URL: http://[2409:8087:1a15:10d1::38]/ottrrs.hl.chinamobile.com/PLTV/88888888/224/3221226406/index.m3u8, From: subscribe, IPv_Type: ipv6, Location: 中国, ISP: 中国移动, Date: None, Delay: -1 ms, Speed: 0.00 M/s, Resolution: None
Name: 河北卫视, URL: http://[2409:8087:5e08:25::16]:6610/200000001898/460000089800010101/1.m3u8, From: subscribe, IPv_Type: ipv6, Location: 中国, ISP: 中国移动, Date: None, Delay: -1 ms, Speed: 0.00 M/s, Resolution: None
Name: 河北卫视, URL: https://mursor.ottiptv.cc/mcp/hebei.m3u8, From: subscribe, IPv_Type: ipv6, Location: 美国, ISP: Oracle Corporation, Date: None, Delay: -1 ms, Speed: 0.00 M/s, Resolution: None
Name: 河北卫视, URL: https://migu.188766.xyz/?migutoken=e7fad312b80132973eaf2630093b9c02&id=hbws_hd&type=yy, From: subscribe, IPv_Type: ipv6, Location: 美国, ISP: CloudFlare Inc., Date: None, Delay: -1 ms, Speed: 0.00 M/s, Resolution: None
Name: 河北卫视, URL: https://cc06.tv12.xyz/51.m3u8, From: subscribe, IPv_Type: ipv6, Location: 美国, ISP: CloudFlare Inc., Date: None, Delay: -1 ms, Speed: 0.00 M/s, Resolution: None
Name: 河北卫视, URL: https://jzb.wwkejishe.top/?id=615, From: subscribe, IPv_Type: ipv6, Location: 美国, ISP: CloudFlare Inc., Date: None, Delay: -1 ms, Speed: 0.00 M/s, Resolution: None
Name: 河南卫视, URL: https://iptv.catvod.com/live.php?id=%E6%B2%B3%E5%8D%97%E5%8D%AB%E8%A7%86%E5%8F%B0, From: local, IPv_Type: ipv6, Location: 美国, ISP: CloudFlare Inc., Date: None, Delay: -1 ms, Speed: 0.00 M/s, Resolution: None
Name: 河南卫视, URL: https://iptv.catvod.com/live.php?id=%E6%B2%B3%E5%8D%97, From: local, IPv_Type: ipv6, Location: 美国, ISP: CloudFlare Inc., Date: None, Delay: -1 ms, Speed: 0.00 M/s, Resolution: None
Name: 河南卫视, URL: http://tvpull.dxhmt.cn:9081/tv/11425-1.m3u8, From: subscribe, IPv_Type: ipv6, Location: 中国-江苏-徐州, ISP: 电信, Date: None, Delay: 0.1 ms, Speed: inf M/s, Resolution: 1920x1080
Name: 河南卫视, URL: http://php.jdshipin.com/TVOD/hljyd.php?id=3221226480, From: subscribe, IPv_Type: ipv6, Location: 美国, ISP: CloudFlare Inc., Date: None, Delay: 0.1 ms, Speed: inf M/s, Resolution: 1920x1080
Name: 河南卫视, URL: http://z.b.bkpcp.top/m.php?id=hnws, From: subscribe, IPv_Type: ipv6, Location: 美国, ISP: CloudFlare Inc., Date: None, Delay: 0.1 ms, Speed: inf M/s, Resolution: 1920x1080
Name: 河南卫视, URL: http://j.x.bkpcp.top/jx/HENHD, From: subscribe, IPv_Type: ipv6, Location: 美国, ISP: CloudFlare Inc., Date: None, Delay: 0.1 ms, Speed: inf M/s, Resolution: 1920x1080
Name: 河南卫视, URL: http://goo.bkpcp.top/mg/hnws, From: subscribe, IPv_Type: ipv6, Location: 美国, ISP: CloudFlare Inc., Date: None, Delay: 0.1 ms, Speed: inf M/s, Resolution: 1920x1080
Name: 河南卫视, URL: http://[2409:8087:1a01:df::4077]/ottrrs.hl.chinamobile.com/PLTV/88888888/8/3221226480/index.m3u8, From: subscribe, IPv_Type: ipv6, Location: 中国, ISP: 中国移动, Date: None, Delay: 0.1 ms, Speed: inf M/s, Resolution: 1920x1080
Name: 河南卫视, URL: http://tvcdn.stream3.hndt.com/tv/65c4a6d5017e1000b2b6ea2500000000_transios/playlist.m3u8?wsSecret=7f59b59573ebfe76d91b35446bb207ad&wsTime=1746680128, From: subscribe, IPv_Type: ipv6, Location: 中国-江苏-扬州, ISP: 电信, Date: None, Delay: 0.1 ms, Speed: inf M/s, Resolution: 1920x1080
Name: 河南卫视, URL: http://dsj.motem.top:8880/bptv/10000100000000050000000003887270.m3u8, From: subscribe, IPv_Type: ipv6, Location: 美国, ISP: CloudFlare Inc., Date: None, Delay: 0.1 ms, Speed: inf M/s, Resolution: 1920x1080
Name: 河南卫视, URL: http://tvcdn.stream3.hndt.com/tv/65c4a6d5017e1000b2b6ea2500000000_transios/playlist.m3u8?wsSecret=6f3c30aef2893c05d80306781c41bb94&wsTime=1746615649, From: subscribe, IPv_Type: ipv6, Location: 中国-江苏-扬州, ISP: 电信, Date: None, Delay: 0.1 ms, Speed: inf M/s, Resolution: 1920x1080
Name: 河南卫视, URL: http://tvcdn.stream3.hndt.com/tv/65c4a6d5017e1000b2b6ea2500000000_transios/playlist.m3u8?wsSecret=f8cdd49c9e0d08a985779a8d51d9463c&wsTime=1746507627, From: subscribe, IPv_Type: ipv6, Location: 中国-江苏-扬州, ISP: 电信, Date: None, Delay: 0.1 ms, Speed: inf M/s, Resolution: 1920x1080
Name: 河南卫视, URL: http://tvcdn.stream3.hndt.com/tv/65c4a6d5017e1000b2b6ea2500000000_transios/playlist.m3u8?wsSecret=06c82b775224f9f800246854dd146ebb&wsTime=1746421229, From: subscribe, IPv_Type: ipv6, Location: 中国-江苏-扬州, ISP: 电信, Date: None, Delay: 0.1 ms, Speed: inf M/s, Resolution: 1920x1080
Name: 河南卫视, URL: https://live.lalifeier.eu.org/hntv/hnws.m3u8?t=1746393735&key=728f36a221b96bc109f1ef1914592447, From: subscribe, IPv_Type: ipv6, Location: 美国, ISP: CloudFlare Inc., Date: None, Delay: 0.1 ms, Speed: inf M/s, Resolution: 1920x1080
Name: 河南卫视, URL: https://live.lalifeier.eu.org/hntv/hnws.m3u8?t=1746372302&key=e288851cc629fc253af4aac42011d814, From: subscribe, IPv_Type: ipv6, Location: 美国, ISP: CloudFlare Inc., Date: None, Delay: 0.1 ms, Speed: inf M/s, Resolution: 1920x1080
Name: 河南卫视, URL: http://tvcdn.stream3.hndt.com/tv/65c4a6d5017e1000b2b6ea2500000000_transios/playlist.m3u8?wsSecret=d590aa1d37ab88640f64557af727f748&wsTime=1746400225, From: subscribe, IPv_Type: ipv6, Location: 中国-江苏-扬州, ISP: 电信, Date: None, Delay: 0.1 ms, Speed: inf M/s, Resolution: 1920x1080
Name: 河南卫视, URL: http://tvcdn.stream3.hndt.com/tv/65c4a6d5017e1000b2b6ea2500000000_transios/playlist.m3u8?wsSecret=98b358b66c3829cb638568319625d525&wsTime=1746410421, From: subscribe, IPv_Type: ipv6, Location: 中国-江苏-扬州, ISP: 电信, Date: None, Delay: 0.1 ms, Speed: inf M/s, Resolution: 1920x1080
Name: 河南卫视, URL: https://live.lalifeier.eu.org/hntv/hnws.m3u8?t=1746379256&key=783db106d535c1ad56539961560fdfff, From: subscribe, IPv_Type: ipv6, Location: 美国, ISP: CloudFlare Inc., Date: None, Delay: 0.1 ms, Speed: inf M/s, Resolution: 1920x1080
Name: 河南卫视, URL: http://tvcdn.stream3.hndt.com/tv/65c4a6d5017e1000b2b6ea2500000000_transios/playlist.m3u8?wsSecret=984b3f36fae2de3ccea5444c944fd21a&wsTime=1746334825, From: subscribe, IPv_Type: ipv6, Location: 中国-江苏-扬州, ISP: 电信, Date: None, Delay: 0.1 ms, Speed: inf M/s, Resolution: 1920x1080
Name: 河南卫视, URL: http://tvcdn.stream3.hndt.com/tv/65c4a6d5017e1000b2b6ea2500000000_transios/playlist.m3u8?wsSecret=1de8e7b66dfb17fc450bc5bbe64e4827&wsTime=1746629755, From: subscribe, IPv_Type: ipv6, Location: 中国-江苏-扬州, ISP: 电信, Date: None, Delay: 0.1 ms, Speed: inf M/s, Resolution: 1920x1080
Name: 河南卫视, URL: http://[2409:8087:1a0a:df::404b]/ottrrs.hl.chinamobile.com/TVOD/88888888/224/3221226480/index.m3u8, From: subscribe, IPv_Type: ipv6, Location: 中国, ISP: 中国移动, Date: None, Delay: 0.1 ms, Speed: inf M/s, Resolution: 1920x1080
Name: 河南卫视, URL: http://tvcdn.stream3.hndt.com/tv/65c4a6d5017e1000b2b6ea2500000000_transios/playlist.m3u8?wsSecret=e125bbfc1f8907f3139f24799d3974f5&wsTime=1746248431, From: subscribe, IPv_Type: ipv6, Location: 中国-江苏-扬州, ISP: 电信, Date: None, Delay: 0.1 ms, Speed: inf M/s, Resolution: 1920x1080
Name: 河南卫视, URL: http://tvcdn.stream3.hndt.com/tv/65c4a6d5017e1000b2b6ea2500000000_transios/playlist.m3u8?wsSecret=4e64fa03fd098b19e460c66b6477631f&wsTime=1746205253, From: subscribe, IPv_Type: ipv6, Location: 中国-江苏-扬州, ISP: 电信, Date: None, Delay: 0.1 ms, Speed: inf M/s, Resolution: 1920x1080
Name: 河南卫视, URL: http://tvcdn.stream3.hndt.com/tv/65c4a6d5017e1000b2b6ea2500000000_transios/playlist.m3u8?wsSecret=2731cf033dc3c085f1487f4c249e7cca&wsTime=1746161732, From: subscribe, IPv_Type: ipv6, Location: 中国-江苏-扬州, ISP: 电信, Date: None, Delay: 0.1 ms, Speed: inf M/s, Resolution: 1920x1080
Name: 河南卫视, URL: https://www.freetv.top/migu/790187291.m3u8?migutoken=3fa5112cca2c2ce74028510dfbaacbc2dce25969982adc457060f0def4c56e2d5efdeb3d0e4ef181a2255dd07c1e7723b5bee70da78172e50618743c5eac8808279282803f9488156ec4d7dbac, From: subscribe, IPv_Type: ipv6, Location: 美国-加利福尼亚州-圣克拉拉, ISP: DigitalOcean, Date: None, Delay: 0.1 ms, Speed: inf M/s, Resolution: 1920x1080
Name: 河南卫视, URL: http://tvcdn.stream3.hndt.com/tv/65c4a6d5017e1000b2b6ea2500000000_transios/playlist.m3u8?wsSecret=ef4300801227657e739f15e4a73a1ca4&wsTime=1746032159, From: subscribe, IPv_Type: ipv6, Location: 中国-江苏-扬州, ISP: 电信, Date: None, Delay: 0.1 ms, Speed: inf M/s, Resolution: 1920x1080
Name: 河南卫视, URL: http://nas.suntao.online:35455/itv/5000000011000031119.m3u8?cdn=bestzb, From: subscribe, IPv_Type: ipv6, Location: 中国, ISP: 中国联通, Date: None, Delay: 0.1 ms, Speed: inf M/s, Resolution: 1920x1080
Name: 河南卫视, URL: http://tvcdn.stream3.hndt.com/tv/65c4a6d5017e1000b2b6ea2500000000_transios/playlist.m3u8?wsSecret=94bafdddc6ba45bdaf6d34005bd49c97&wsTime=1745211632, From: subscribe, IPv_Type: ipv6, Location: 中国-江苏-扬州, ISP: 电信, Date: None, Delay: 0.1 ms, Speed: inf M/s, Resolution: 1920x1080
Name: 河南卫视, URL: http://tvcdn.stream3.hndt.com/tv/65c4a6d5017e1000b2b6ea2500000000_transios/playlist.m3u8?wsSecret=38b9e311955a5935117b923e7c4ad3dc&wsTime=1745987438, From: subscribe, IPv_Type: ipv6, Location: 中国-江苏-扬州, ISP: 电信, Date: None, Delay: 0.1 ms, Speed: inf M/s, Resolution: 1920x1080
Name: 河南卫视, URL: http://iptv.cdn.ha.chinamobile.com/PLTV/88888888/224/3221226526/index.m3u8, From: subscribe, IPv_Type: ipv6, Location: 中国, ISP: 中国移动, Date: None, Delay: 0.1 ms, Speed: inf M/s, Resolution: 1920x1080
Name: 河南卫视, URL: http://iptv.cdn.ha.chinamobile.com/PLTV/88888888/224/3221227198/index.m3u8, From: subscribe, IPv_Type: ipv6, Location: 中国, ISP: 中国移动, Date: None, Delay: 0.1 ms, Speed: inf M/s, Resolution: 1920x1080
Name: 河南卫视, URL: http://tvcdn.stream3.hndt.com/tv/65c4a6d5017e1000b2b6ea2500000000_transios/playlist.m3u8?wsSecret=04e32a3bd883f58fb71ed009a6a8b7c6&wsTime=1740891619, From: subscribe, IPv_Type: ipv6, Location: 中国-江苏-扬州, ISP: 电信, Date: None, Delay: 0.1 ms, Speed: inf M/s, Resolution: 1920x1080
Name: 河南卫视, URL: https://stream1.freetv.fun/fb4223368cf11a66a175bd13d3c85ec45923c351e13c75c3a67c5514232729e1.ctv, From: subscribe, IPv_Type: ipv6, Location: 美国, ISP: CloudFlare Inc., Date: None, Delay: 0.1 ms, Speed: inf M/s, Resolution: 1920x1080
Name: 河南卫视, URL: http://hwrr.jx.chinamobile.com:8080/PLTV/88888888/224/3221225611/index.m3u8?fmt=ts2hls, From: subscribe, IPv_Type: ipv6, Location: 中国, ISP: 中国移动, Date: None, Delay: 0.1 ms, Speed: inf M/s, Resolution: 1920x1080
Name: 河南卫视, URL: http://[2409:8087:3428:20:500::100f]:6610/PLTV/88888888/224/3221227095/index.m3u8?servicetype=1&IASHttpSessionId=RR423820220409134714119178, From: subscribe, IPv_Type: ipv6, Location: 中国, ISP: 中国移动, Date: None, Delay: 0.1 ms, Speed: inf M/s, Resolution: 1920x1080
Name: 河南卫视, URL: http://[2409:8087:3428:20:500::1009]:6610/PLTV/88888888/224/3221227095/index.m3u8?servicetype=1&IASHttpSessionId=RR423820220409134714119178, From: subscribe, IPv_Type: ipv6, Location: 中国, ISP: 中国移动, Date: None, Delay: 0.1 ms, Speed: inf M/s, Resolution: 1920x1080
Name: 河南卫视, URL: http://[2409:8087:2001:20:2800:0:df6e:eb07]:80/wh7f454c46tw1760610571_1986142982/ott.mobaibox.com/PLTV/3/224/3221227521/index.m3u8?icpid=3&RTS=1674386171&from=40&popid=40&hms_devid=2036&prioritypopid=40&vqe=3, From: subscribe, IPv_Type: ipv6, Location: 中国, ISP: 中国移动, Date: None, Delay: 0.1 ms, Speed: inf M/s, Resolution: 1920x1080
Name: 河南卫视, URL: http://[2409:8087:2001:20:2800:0:df6e:eb17]/ott.mobaibox.com/PLTV/3/224/3221228221/index.m3u8, From: subscribe, IPv_Type: ipv6, Location: 中国, ISP: 中国移动, Date: None, Delay: 0.1 ms, Speed: inf M/s, Resolution: 1920x1080
Name: 河南卫视, URL: http://[2409:8087:1e03:21::42]:6610/cms001/ch00000090990000001222/index.m3u8, From: subscribe, IPv_Type: ipv6, Location: 中国, ISP: 中国移动, Date: None, Delay: 0.1 ms, Speed: inf M/s, Resolution: 1920x1080
Name: 河南卫视, URL: http://[2409:8087:4c0a:22:1::11]:6410/170000001115/UmaiCHAN5000044BESTVSMGSMG/index.m3u8?m3u8_level=2, From: subscribe, IPv_Type: ipv6, Location: 中国, ISP: 中国移动, Date: None, Delay: 0.1 ms, Speed: inf M/s, Resolution: 1920x1080
Name: 河南卫视, URL: http://[2409:8087:1a0b:df::4020]:80/ottrrs.hl.chinamobile.com/PLTV/88888888/224/3221226480/index.m3u8, From: subscribe, IPv_Type: ipv6, Location: 中国, ISP: 中国移动, Date: None, Delay: 0.1 ms, Speed: inf M/s, Resolution: 1920x1080
Name: 河南卫视, URL: http://[2409:8087:1a01:df::4077]/ottrrs.hl.chinamobile.com/PLTV/88888888/8/3221226320/index.m3u8, From: subscribe, IPv_Type: ipv6, Location: 中国, ISP: 中国移动, Date: None, Delay: 0.1 ms, Speed: inf M/s, Resolution: 1920x1080
Name: 河南卫视, URL: http://tvcdn.stream3.hndt.com/tv/65c4a6d5017e1000b2b6ea2500000000_transios/playlist.m3u8?wsSecret=02a94d9298a19aa2216d98e90a7d26b3&wsTime=1742014827, From: subscribe, IPv_Type: ipv6, Location: 中国-江苏-扬州, ISP: 电信, Date: None, Delay: 0.1 ms, Speed: inf M/s, Resolution: 1920x1080
Name: 河南卫视, URL: https://www.freetv.top/migu/790187291.m3u8?migutoken=8cfda6b4bd8593bb9739434fecdd1cd097ab9b9609ed72d6de4ca14196c33fbc5ea88d4dae5a4c8a359213f9affc7ab2cf675a934561839e4060ba75bd56e43da713a62e3ebabc4ced1c770bca, From: subscribe, IPv_Type: ipv6, Location: 美国-加利福尼亚州-圣克拉拉, ISP: DigitalOcean, Date: None, Delay: 0.1 ms, Speed: inf M/s, Resolution: 1920x1080
Name: 河南卫视, URL: http://[2409:8087:2001:20:2800:0:df6e:eb16]:80/ott.mobaibox.com/PLTV/4/224/3221228221/index.m3u8, From: subscribe, IPv_Type: ipv6, Location: 中国, ISP: 中国移动, Date: None, Delay: 0.1 ms, Speed: inf M/s, Resolution: 1920x1080
Name: 河南卫视, URL: http://[2409:8087:1e03:21::2]:6060/cms001/ch00000090990000001222/index.m3u8, From: subscribe, IPv_Type: ipv6, Location: 中国, ISP: 中国移动, Date: None, Delay: 0.1 ms, Speed: inf M/s, Resolution: 1920x1080
Name: 河南卫视, URL: http://[2409:8087:3428:20:500::100f]:6610/PLTV/88888888/224/3221225842/index.m3u8?servicetype=1&IASHttpSessionId=RR423820220409134714119178, From: subscribe, IPv_Type: ipv6, Location: 中国, ISP: 中国移动, Date: None, Delay: 0.1 ms, Speed: inf M/s, Resolution: 1920x1080
Name: 河南卫视, URL: http://[2409:8087:3428:20:500::1009]:6610/PLTV/88888888/224/3221225842/index.m3u8?servicetype=1&IASHttpSessionId=RR423820220409134714119178, From: subscribe, IPv_Type: ipv6, Location: 中国, ISP: 中国移动, Date: None, Delay: 0.1 ms, Speed: inf M/s, Resolution: 1920x1080
Name: 河南卫视, URL: http://[2409:8087:1e03:21::11]:6610/cms001/ch00000090990000001222/index.m3u8, From: subscribe, IPv_Type: ipv6, Location: 中国, ISP: 中国移动, Date: None, Delay: 0.1 ms, Speed: inf M/s, Resolution: 1920x1080
Name: 河南卫视, URL: http://[2409:8087:74f0:22::7]:6410/270000001128/9900000027/index.m3u8, From: subscribe, IPv_Type: ipv6, Location: 中国, ISP: 中国移动, Date: None, Delay: 0.1 ms, Speed: inf M/s, Resolution: 1920x1080
Name: 河南卫视, URL: http://[2409:8087:1a01:df::7005]/ottrrs.hl.chinamobile.com/PLTV/88888888/224/3221226480/index.m3u8, From: subscribe, IPv_Type: ipv6, Location: 中国, ISP: 中国移动, Date: None, Delay: 0.1 ms, Speed: inf M/s, Resolution: 1920x1080
Name: 河南卫视, URL: http://[2409:8087:3869:8021:1001::e5]:6610/PLTV/88888910/224/3221225611/index.m3u8?fmt=ts2hls, From: subscribe, IPv_Type: ipv6, Location: 中国, ISP: 中国移动, Date: None, Delay: -1 ms, Speed: 0.00 M/s, Resolution: None
Name: 河南卫视, URL: http://tvcdn.stream3.hndt.com/tv/65c4a6d5017e1000b2b6ea2500000000_transios/playlist.m3u8?wsSecret=9f301963bb789716e610e44fd5feff28&wsTime=1746766525, From: subscribe, IPv_Type: ipv6, Location: 加拿大, ISP: , Date: None, Delay: -1 ms, Speed: 0.00 M/s, Resolution: None
Name: 河南卫视, URL: http://rrs01.hw.gmcc.net:8088/PLTV/81/224/3221226687/1.m3u8, From: subscribe, IPv_Type: ipv6, Location: 中国, ISP: 中国移动, Date: None, Delay: -1 ms, Speed: 0.00 M/s, Resolution: None
Name: 河南卫视, URL: http://[2409:8087:1a15:10d1::36]/ottrrs.hl.chinamobile.com/PLTV/88888888/224/3221226480/index.m3u8, From: subscribe, IPv_Type: ipv6, Location: 中国, ISP: 中国移动, Date: None, Delay: -1 ms, Speed: 0.00 M/s, Resolution: None
Name: 河南卫视, URL: http://[2409:8087:5e08:25::16]:6610/200000001898/460000089800010071/1.m3u8, From: subscribe, IPv_Type: ipv6, Location: 中国, ISP: 中国移动, Date: None, Delay: -1 ms, Speed: 0.00 M/s, Resolution: None
Name: 河南卫视, URL: https://mursor.ottiptv.cc/mcp/henan.m3u8, From: subscribe, IPv_Type: ipv6, Location: 美国, ISP: Oracle Corporation, Date: None, Delay: -1 ms, Speed: 0.00 M/s, Resolution: None
Name: 河南卫视, URL: https://migu.188766.xyz/?migutoken=5122975df4a80ce329a8f3154e46c924&id=%E6%B2%B3%E5%8D%97%E5%8D%AB%E8%A7%86&type=yy, From: subscribe, IPv_Type: ipv6, Location: 美国, ISP: CloudFlare Inc., Date: None, Delay: -1 ms, Speed: 0.00 M/s, Resolution: None
Name: 河南卫视, URL: http://gslbmgsplive.miguvideo.com/wd-henanwssd-600/index.m3u8?msisdn=20250919080133ff567d24454746b482100582de7fe785&mdspid=&spid=600633&netType=0&sid=5910021585&pid=2028597139&timestamp=20250919080133&Channel_ID=0116_2600000900-99000-201600010010027&ProgramID=790187291&ParentNodeID=-99&assertID=5910021585&client_ip=106.13.250.88&SecurityKey=20250919080133&promotionId=&mvid=5900005706&mcid=500020&playurlVersion=WX-A1-8.9.1-RELEASE&userid=&jmhm=&videocodec=h264&bean=mgspad&tid=android&conFee=0&puData=57d29aafa3ccaeefa3a7bfc59bb5a80f&ddCalcu=f507e8d1a20590baba9f5ac3fcbc7aae3eaf, From: subscribe, IPv_Type: ipv6, Location: 中国, ISP: 中国移动, Date: None, Delay: -1 ms, Speed: 0.00 M/s, Resolution: None
Name: 河南卫视, URL: https://cc06.tv12.xyz/49.m3u8, From: subscribe, IPv_Type: ipv6, Location: 美国, ISP: CloudFlare Inc., Date: None, Delay: -1 ms, Speed: 0.00 M/s, Resolution: None
Name: 河南卫视, URL: https://migu.188766.xyz/?migutoken=1f48d6344580281e9bce89e7197ab330&id=%E6%B2%B3%E5%8D%97%E5%8D%AB%E8%A7%86%E9%AB%98%E6%B8%85&type=yy, From: subscribe, IPv_Type: ipv6, Location: 美国, ISP: CloudFlare Inc., Date: None, Delay: -1 ms, Speed: 0.00 M/s, Resolution: None
Name: 河南卫视, URL: http://1.94.31.214/php/hntv.php?id=hnws, From: subscribe, IPv_Type: ipv4, Location: 中国-上海-上海, ISP: 华为云, Date: None, Delay: 365 ms, Speed: 1.94 M/s, Resolution: 1920x1080
Name: 吉林卫视, URL: https://iptv.catvod.com/live.php?id=%E5%90%89%E6%9E%97%E5%8D%AB%E8%A7%86%E5%8F%B0, From: local, IPv_Type: ipv6, Location: 美国, ISP: CloudFlare Inc., Date: None, Delay: -1 ms, Speed: 0.00 M/s, Resolution: None
Name: 吉林卫视, URL: https://iptv.catvod.com/live.php?id=%E5%90%89%E6%9E%97, From: local, IPv_Type: ipv6, Location: 美国, ISP: CloudFlare Inc., Date: None, Delay: -1 ms, Speed: 0.00 M/s, Resolution: None
Name: 吉林卫视, URL: http://php.jdshipin.com/TVOD/hnyd.php?id=200000001898/460000089800010075, From: subscribe, IPv_Type: ipv6, Location: 美国, ISP: CloudFlare Inc., Date: None, Delay: 0.1 ms, Speed: inf M/s, Resolution: 1920x1080
Name: 吉林卫视, URL: http://z.b.bkpcp.top/m.php?id=jlws, From: subscribe, IPv_Type: ipv6, Location: 美国, ISP: CloudFlare Inc., Date: None, Delay: 0.1 ms, Speed: inf M/s, Resolution: 1920x1080
Name: 吉林卫视, URL: http://j.x.bkpcp.top/jx/JILHD, From: subscribe, IPv_Type: ipv6, Location: 美国, ISP: CloudFlare Inc., Date: None, Delay: 0.1 ms, Speed: inf M/s, Resolution: 1920x1080
Name: 吉林卫视, URL: http://goo.bkpcp.top/mg/jlws, From: subscribe, IPv_Type: ipv6, Location: 美国, ISP: CloudFlare Inc., Date: None, Delay: 0.1 ms, Speed: inf M/s, Resolution: 1920x1080
Name: 吉林卫视, URL: http://dsj.motem.top:8880/bptv/10000100000000050000000004972569.m3u8, From: subscribe, IPv_Type: ipv6, Location: 美国, ISP: CloudFlare Inc., Date: None, Delay: 0.1 ms, Speed: inf M/s, Resolution: 1920x1080
Name: 吉林卫视, URL: http://[2409:8087:1a0a:df::404b]/ottrrs.hl.chinamobile.com/TVOD/88888888/224/3221226397/index.m3u8, From: subscribe, IPv_Type: ipv6, Location: 中国, ISP: 中国移动, Date: None, Delay: 0.1 ms, Speed: inf M/s, Resolution: 1920x1080
Name: 吉林卫视, URL: http://[2409:8087:1a01:df::4077]/ottrrs.hl.chinamobile.com/PLTV/88888888/8/3221226397/index.m3u8, From: subscribe, IPv_Type: ipv6, Location: 中国, ISP: 中国移动, Date: None, Delay: 0.1 ms, Speed: inf M/s, Resolution: 1920x1080
Name: 吉林卫视, URL: http://[2409:8087:8:21::18]:6610/otttv.bj.chinamobile.com/PLTV/88888888/224/3221226533/1.m3u8, From: subscribe, IPv_Type: ipv6, Location: 中国, ISP: 中国移动, Date: None, Delay: 0.1 ms, Speed: inf M/s, Resolution: 1920x1080
Name: 吉林卫视, URL: http://[2409:8087:8:21::18]:6610/otttv.bj.chinamobile.com/PLTV/88888888/224/3221226886/1.m3u8, From: subscribe, IPv_Type: ipv6, Location: 中国, ISP: 中国移动, Date: None, Delay: 0.1 ms, Speed: inf M/s, Resolution: 1920x1080
Name: 吉林卫视, URL: http://[2409:8087:8:21::18]:6610/otttv.bj.chinamobile.com/PLTV/88888888/224/3221226912/1.m3u8, From: subscribe, IPv_Type: ipv6, Location: 中国, ISP: 中国移动, Date: None, Delay: 0.1 ms, Speed: inf M/s, Resolution: 1920x1080
Name: 吉林卫视, URL: http://[2409:8087:3428:20:500::100f]:6610/PLTV/88888888/224/3221227099/index.m3u8?servicetype=1&IASHttpSessionId=RR423820220409134714119178, From: subscribe, IPv_Type: ipv6, Location: 中国, ISP: 中国移动, Date: None, Delay: 0.1 ms, Speed: inf M/s, Resolution: 1920x1080
Name: 吉林卫视, URL: http://iptv.cdn.ha.chinamobile.com/PLTV/88888888/224/3221227240/index.m3u8, From: subscribe, IPv_Type: ipv6, Location: 中国, ISP: 中国移动, Date: None, Delay: 0.1 ms, Speed: inf M/s, Resolution: 1920x1080
Name: 吉林卫视, URL: http://dbiptv.sn.chinamobile.com/PLTV/88888890/224/3221225792/index.m3u8, From: subscribe, IPv_Type: ipv6, Location: 中国, ISP: 中国移动, Date: None, Delay: 0.1 ms, Speed: inf M/s, Resolution: 1920x1080
Name: 吉林卫视, URL: http://nas.suntao.online:35455/itv/5000000011000031117.m3u8?cdn=bestzb, From: subscribe, IPv_Type: ipv6, Location: 中国, ISP: 中国联通, Date: None, Delay: 0.1 ms, Speed: inf M/s, Resolution: 1920x1080
Name: 吉林卫视, URL: https://stream1.freetv.fun/ac7968c8135cbc7855ccb74587fbf1ec61929dcf02f067f511ceb8f2637be000.m3u8, From: subscribe, IPv_Type: ipv6, Location: 美国, ISP: CloudFlare Inc., Date: None, Delay: 0.1 ms, Speed: inf M/s, Resolution: 1920x1080
Name: 吉林卫视, URL: https://stream1.freetv.fun/0b38bb4f01acb16ac008904877df1eac2eac8bc17ab45e48e9d024a6c4e33ca4.m3u8, From: subscribe, IPv_Type: ipv6, Location: 美国, ISP: CloudFlare Inc., Date: None, Delay: 0.1 ms, Speed: inf M/s, Resolution: 1920x1080
Name: 吉林卫视, URL: https://stream1.freetv.fun/8902659853fc9de8743fb2c72cb6d2ba944394c9c6e90240b121bd98e511e92e.m3u8, From: subscribe, IPv_Type: ipv6, Location: 美国, ISP: CloudFlare Inc., Date: None, Delay: 0.1 ms, Speed: inf M/s, Resolution: 1920x1080
Name: 吉林卫视, URL: https://stream1.freetv.fun/4df223dda9ac0d494f3242da528e5f580814440520540e575131a2df8f4780d7.m3u8, From: subscribe, IPv_Type: ipv6, Location: 美国, ISP: CloudFlare Inc., Date: None, Delay: 0.1 ms, Speed: inf M/s, Resolution: 1920x1080
Name: 吉林卫视, URL: https://stream1.freetv.fun/4294145909267be7e86b955a199ed4f03eeffa51273f469784c9bdf585c51593.m3u8, From: subscribe, IPv_Type: ipv6, Location: 美国, ISP: CloudFlare Inc., Date: None, Delay: 0.1 ms, Speed: inf M/s, Resolution: 1920x1080
Name: 吉林卫视, URL: https://stream1.freetv.fun/9548f79ce5b5396866119a617e8de99fc6f0440a466527055f4489c6c510bdcf.m3u8, From: subscribe, IPv_Type: ipv6, Location: 美国, ISP: CloudFlare Inc., Date: None, Delay: 0.1 ms, Speed: inf M/s, Resolution: 1920x1080
Name: 吉林卫视, URL: https://stream1.freetv.fun/8121c38afe593255012114e6ba08edcb1081bbdf2f8b5fd5a37e77656435c3a0.m3u8, From: subscribe, IPv_Type: ipv6, Location: 美国, ISP: CloudFlare Inc., Date: None, Delay: 0.1 ms, Speed: inf M/s, Resolution: 1920x1080
Name: 吉林卫视, URL: https://stream1.freetv.fun/1a39dcc5eb485ec258651bac95ae4c25c795204743b5432d0244c333696f8cbb.m3u8, From: subscribe, IPv_Type: ipv6, Location: 美国, ISP: CloudFlare Inc., Date: None, Delay: 0.1 ms, Speed: inf M/s, Resolution: 1920x1080
Name: 吉林卫视, URL: https://stream1.freetv.fun/ec115ddb27069ec189cbd1363c4bc06def34d3a19b57c979b96ed9201bda04bb.m3u8, From: subscribe, IPv_Type: ipv6, Location: 美国, ISP: CloudFlare Inc., Date: None, Delay: 0.1 ms, Speed: inf M/s, Resolution: 1920x1080
Name: 吉林卫视, URL: https://stream1.freetv.fun/cab614f8ebae9e3910ad7ae7906cd9744026a241d109d19cb2f3317f5ce84e56.m3u8, From: subscribe, IPv_Type: ipv6, Location: 美国, ISP: CloudFlare Inc., Date: None, Delay: 0.1 ms, Speed: inf M/s, Resolution: 1920x1080
Name: 吉林卫视, URL: https://stream1.freetv.fun/15bad2258aaef5dc3c8ad777f08c118643eed6f51fa4f556a74dd0f2b0267abb.m3u8, From: subscribe, IPv_Type: ipv6, Location: 美国, ISP: CloudFlare Inc., Date: None, Delay: 0.1 ms, Speed: inf M/s, Resolution: 1920x1080
Name: 吉林卫视, URL: https://stream1.freetv.fun/3638ffacb0a80fe415a91a12d71855c28bef9292217f9428a9ad860901524711.m3u8, From: subscribe, IPv_Type: ipv6, Location: 美国, ISP: CloudFlare Inc., Date: None, Delay: 0.1 ms, Speed: inf M/s, Resolution: 1920x1080
Name: 吉林卫视, URL: https://stream1.freetv.fun/a3abba70878bfd2955be6ae864330098da64fd76f370b0d069d3131b20aa5859.m3u8, From: subscribe, IPv_Type: ipv6, Location: 美国, ISP: CloudFlare Inc., Date: None, Delay: 0.1 ms, Speed: inf M/s, Resolution: 1920x1080
Name: 吉林卫视, URL: https://stream1.freetv.fun/8543613a4b69a8de52f4a1fa8052115426d328c8ee5989951dccffaedeace382.m3u8, From: subscribe, IPv_Type: ipv6, Location: 美国, ISP: CloudFlare Inc., Date: None, Delay: 0.1 ms, Speed: inf M/s, Resolution: 1920x1080
Name: 吉林卫视, URL: https://stream1.freetv.fun/444a29ce0334e355b7f3aefa34b4c97cf208294ebeda8a2af39dbd4df2a21031.m3u8, From: subscribe, IPv_Type: ipv6, Location: 美国, ISP: CloudFlare Inc., Date: None, Delay: 0.1 ms, Speed: inf M/s, Resolution: 1920x1080
Name: 吉林卫视, URL: https://stream1.freetv.fun/3f194f12b5d86e319824e4b0524176bfbacc9ac3adefa0ffb074d592821bf043.m3u8, From: subscribe, IPv_Type: ipv6, Location: 美国, ISP: CloudFlare Inc., Date: None, Delay: 0.1 ms, Speed: inf M/s, Resolution: 1920x1080
Name: 吉林卫视, URL: https://stream1.freetv.fun/b0b6373ee2e6ea207170635f86711774aa06812f4cf2aa9d1a5e9117188f98e2.m3u8, From: subscribe, IPv_Type: ipv6, Location: 美国, ISP: CloudFlare Inc., Date: None, Delay: 0.1 ms, Speed: inf M/s, Resolution: 1920x1080
Name: 吉林卫视, URL: https://stream1.freetv.fun/38240e72b022695ae8540afd97ceab0e05e41c051da4785343d3a0fb1e3bbd80.m3u8, From: subscribe, IPv_Type: ipv6, Location: 美国, ISP: CloudFlare Inc., Date: None, Delay: 0.1 ms, Speed: inf M/s, Resolution: 1920x1080
Name: 吉林卫视, URL: http://[2409:8087:2001:20:2800:0:df6e:eb03]:80/ott.mobaibox.com/PLTV/4/224/3221228130/index.m3u8, From: subscribe, IPv_Type: ipv6, Location: 中国, ISP: 中国移动, Date: None, Delay: 0.1 ms, Speed: inf M/s, Resolution: 1920x1080
Name: 吉林卫视, URL: http://[2409:8087:3428:20:500::100f]:6610/PLTV/88888888/224/3221225851/index.m3u8?servicetype=1&IASHttpSessionId=RR423820220409134714119178, From: subscribe, IPv_Type: ipv6, Location: 中国, ISP: 中国移动, Date: None, Delay: 0.1 ms, Speed: inf M/s, Resolution: 1920x1080
Name: 吉林卫视, URL: http://[2409:8087:3428:20:500::1009]:6610/PLTV/88888888/224/3221225851/index.m3u8?servicetype=1&IASHttpSessionId=RR423820220409134714119178, From: subscribe, IPv_Type: ipv6, Location: 中国, ISP: 中国移动, Date: None, Delay: 0.1 ms, Speed: inf M/s, Resolution: 1920x1080
Name: 吉林卫视, URL: http://[2409:8087:2001:20:2800:0:df6e:eb0a]:80/wh7f454c46tw342769965_-1981608007/ott.mobaibox.com/PLTV/3/224/3221228028/index.m3u8?icpid=3&RTS=1674380458&from=40&popid=40&hms_devid=2038&prioritypopid=40&vqe=3, From: subscribe, IPv_Type: ipv6, Location: 中国, ISP: 中国移动, Date: None, Delay: 0.1 ms, Speed: inf M/s, Resolution: 1920x1080
Name: 吉林卫视, URL: http://[2409:8087:4c0a:22:1::11]:6410/170000001115/UmaiCHAN5000046BESTVSMGSMG/index.m3u8?m3u8_level=2, From: subscribe, IPv_Type: ipv6, Location: 中国, ISP: 中国移动, Date: None, Delay: 0.1 ms, Speed: inf M/s, Resolution: 1920x1080
Name: 吉林卫视, URL: http://[2409:8087:5e01:34::38]:6610/ZTE_CMS/00000001000000060000000000000533/index.m3u8, From: subscribe, IPv_Type: ipv6, Location: 中国, ISP: 中国移动, Date: None, Delay: 0.1 ms, Speed: inf M/s, Resolution: 1920x1080
Name: 吉林卫视, URL: http://[2409:8087:5e00:24::1f]:6060/ZTE_CMS/00000001000000060000000000000533/index.m3u8, From: subscribe, IPv_Type: ipv6, Location: 中国, ISP: 中国移动, Date: None, Delay: 0.1 ms, Speed: inf M/s, Resolution: 1920x1080
Name: 吉林卫视, URL: http://[2409:8087:5e01:34::21]:6610/ZTE_CMS/00000001000000060000000000000533/index.m3u8?IAS, From: subscribe, IPv_Type: ipv6, Location: 中国, ISP: 中国移动, Date: None, Delay: 0.1 ms, Speed: inf M/s, Resolution: 1920x1080
Name: 吉林卫视, URL: http://[2409:8087:5e01:34::20]:6610/ZTE_CMS/00000001000000060000000000000533/index.m3u8?IAS, From: subscribe, IPv_Type: ipv6, Location: 中国, ISP: 中国移动, Date: None, Delay: 0.1 ms, Speed: inf M/s, Resolution: 1920x1080
Name: 吉林卫视, URL: http://[2409:8087:5e01:34::22]:6610/ZTE_CMS/00000001000000060000000000000533/index.m3u8?IAS, From: subscribe, IPv_Type: ipv6, Location: 中国, ISP: 中国移动, Date: None, Delay: 0.1 ms, Speed: inf M/s, Resolution: 1920x1080
Name: 吉林卫视, URL: http://[2409:8087:1a0b:df::4020]:80/ottrrs.hl.chinamobile.com/PLTV/88888888/224/3221226397/index.m3u8, From: subscribe, IPv_Type: ipv6, Location: 中国, ISP: 中国移动, Date: None, Delay: 0.1 ms, Speed: inf M/s, Resolution: 1920x1080
Name: 吉林卫视, URL: http://[2409:8087:5e01:34::23]:6610/ZTE_CMS/00000001000000060000000000000533/index.m3u8?IAS, From: subscribe, IPv_Type: ipv6, Location: 中国, ISP: 中国移动, Date: None, Delay: 0.1 ms, Speed: inf M/s, Resolution: 1920x1080
Name: 吉林卫视, URL: https://www.freetv.top/migu/947472500.m3u8?migutoken=18d6d17bc9f6d0621b56e251449da66bb58876d41330b568d80f5262c9496615d17187c2eb3404fcf6c7110bd098cb97ef096ba5ee0db8bc36853d5e90104624843156a3bbce9cd841e94e3b54, From: subscribe, IPv_Type: ipv6, Location: 美国-加利福尼亚州-圣克拉拉, ISP: DigitalOcean, Date: None, Delay: 0.1 ms, Speed: inf M/s, Resolution: 1920x1080
Name: 吉林卫视, URL: https://www.freetv.top/migu/947472500.m3u8?migutoken=a292c218f577586de197c309c2802e2876a0c4d88876e3c12af01684483503dd1c1a3e2137ff3bfffa8d3dc6b0d8e5b95ad98934693c2ffcc05ef7f5b37e8237aa9691b4fcb6ce0268d42fde1d, From: subscribe, IPv_Type: ipv6, Location: 美国-加利福尼亚州-圣克拉拉, ISP: DigitalOcean, Date: None, Delay: 0.1 ms, Speed: inf M/s, Resolution: 1920x1080
Name: 吉林卫视, URL: https://www.freetv.top/migu/947472500.m3u8?migutoken=250e0383e8b670fa08b2f4aa78646ab4e9e4735bed1322cea2c819836d2dadd00594d11d905be0e507f1b6ad9c856bff9f88ecb37c73574cc468f3487c6f0a09e3d08567a7abfc02dad5cf14b7, From: subscribe, IPv_Type: ipv6, Location: 美国-加利福尼亚州-圣克拉拉, ISP: DigitalOcean, Date: None, Delay: 0.1 ms, Speed: inf M/s, Resolution: 1920x1080
Name: 吉林卫视, URL: https://stream1.freetv.fun/c8a8b8a24ab802c58f26f0520dc40cf341fbd5811ce1ae9327f2c63e26e8fc28.m3u8, From: subscribe, IPv_Type: ipv6, Location: 美国, ISP: CloudFlare Inc., Date: None, Delay: 0.1 ms, Speed: inf M/s, Resolution: 1920x1080
Name: 吉林卫视, URL: https://www.freetv.top/migu/947472500.m3u8?migutoken=3ea6f853b75f0ffefb45361abd4f4afde99a41c67eb1d480a3e4e1d7fb1a0dd6f93e6011475330b929d27f5b3fed5ab892298676a54c05a9741d9a11dc442899f4101d60bec353f2a25c1c2c78, From: subscribe, IPv_Type: ipv6, Location: 美国-加利福尼亚州-圣克拉拉, ISP: DigitalOcean, Date: None, Delay: 0.1 ms, Speed: inf M/s, Resolution: 1920x1080
Name: 吉林卫视, URL: http://[2409:8087:3428:20:500::1009]:6610/PLTV/88888888/224/3221227099/index.m3u8?servicetype=1&IASHttpSessionId=RR423820220409134714119178, From: subscribe, IPv_Type: ipv6, Location: 中国, ISP: 中国移动, Date: None, Delay: 0.1 ms, Speed: inf M/s, Resolution: 1920x1080
Name: 吉林卫视, URL: http://[2409:8087:2001:20:2800:0:df6e:eb02]:80/wh7f454c46tw844466330_-452871666/ott.mobaibox.com/PLTV/3/224/3221228130/index.m3u8?icpid=3&RTS=1674380959&from=40&popid=40&hms_devid=2039&prioritypopid=40&vqe=3, From: subscribe, IPv_Type: ipv6, Location: 中国, ISP: 中国移动, Date: None, Delay: 0.1 ms, Speed: inf M/s, Resolution: 1920x1080
Name: 吉林卫视, URL: http://[2409:8087:1e03:21::42]:6610/cms001/ch00000090990000001225/index.m3u8, From: subscribe, IPv_Type: ipv6, Location: 中国, ISP: 中国移动, Date: None, Delay: 0.1 ms, Speed: inf M/s, Resolution: 1920x1080
Name: 吉林卫视, URL: http://[2409:8087:74f0:22::5]:6410/270000001128/9900000030/index.m3u8, From: subscribe, IPv_Type: ipv6, Location: 中国, ISP: 中国移动, Date: None, Delay: 0.1 ms, Speed: inf M/s, Resolution: 1920x1080
Name: 吉林卫视, URL: http://[2409:8087:1a01:df::7005]/ottrrs.hl.chinamobile.com/PLTV/88888888/224/3221226397/index.m3u8, From: subscribe, IPv_Type: ipv6, Location: 中国, ISP: 中国移动, Date: None, Delay: 0.1 ms, Speed: inf M/s, Resolution: 1920x1080
Name: 吉林卫视, URL: http://[2409:8087:3869:8021:1001::e5]:6610/PLTV/88888888/224/3221225680/2/index.m3u8, From: subscribe, IPv_Type: ipv6, Location: 中国, ISP: 中国移动, Date: None, Delay: -1 ms, Speed: 0.00 M/s, Resolution: None
Name: 吉林卫视, URL: http://[2409:8087:8:21::18]:6610/otttv.bj.chinamobile.com/PLTV/88888888/224/3221227015/1.m3u8?GuardEncType=2&accountinfo=%7E%7EV2.0%7EW5-3AVdwD5KlUpuA4mz7Cg%7EtP4-l0lmSfjwLWEfK_el1vH_mv-s1zo4AQJwdedaVwG9xkuFTDg8J26cwOrNJzn20BErrHdLhuZ9EzLUCD3PMW-OMx4MGteHV2vLeW6BqoY%2CEND, From: subscribe, IPv_Type: ipv6, Location: 中国, ISP: 中国移动, Date: None, Delay: -1 ms, Speed: 0.00 M/s, Resolution: None
Name: 吉林卫视, URL: http://rrs01.hw.gmcc.net:8088/PLTV/81/224/3221226671/1.m3u8, From: subscribe, IPv_Type: ipv6, Location: 中国, ISP: 中国移动, Date: None, Delay: -1 ms, Speed: 0.00 M/s, Resolution: None
Name: 吉林卫视, URL: http://[2409:8087:1a15:10d1::36]/ottrrs.hl.chinamobile.com/PLTV/88888888/224/3221226397/index.m3u8, From: subscribe, IPv_Type: ipv6, Location: 中国, ISP: 中国移动, Date: None, Delay: -1 ms, Speed: 0.00 M/s, Resolution: None
Name: 吉林卫视, URL: http://[2409:8087:5e08:25::16]:6610/200000001898/460000089800010075/1.m3u8, From: subscribe, IPv_Type: ipv6, Location: 中国, ISP: 中国移动, Date: None, Delay: -1 ms, Speed: 0.00 M/s, Resolution: None
Name: 吉林卫视, URL: https://mursor.ottiptv.cc/mcp/jiling.m3u8, From: subscribe, IPv_Type: ipv6, Location: 美国, ISP: Oracle Corporation, Date: None, Delay: -1 ms, Speed: 0.00 M/s, Resolution: None
Name: 吉林卫视, URL: https://migu.188766.xyz/?migutoken=16de5ec5f5f2da7e8cef5d7d19e5de77&id=jlws&type=sz, From: subscribe, IPv_Type: ipv6, Location: 美国, ISP: CloudFlare Inc., Date: None, Delay: -1 ms, Speed: 0.00 M/s, Resolution: None
Name: 吉林卫视, URL: http://cc02.tv12.xyz/5.m3u8, From: subscribe, IPv_Type: ipv6, Location: 美国, ISP: CloudFlare Inc., Date: None, Delay: -1 ms, Speed: 0.00 M/s, Resolution: None
Name: 吉林卫视, URL: http://gslbmgsplive.miguvideo.com/envivo_v/2018/SD/jilin/1000/index.m3u8?msisdn=20250919080133f06d24d1ddb64f3d87be2fe184946c1b&mdspid=&spid=600633&netType=0&sid=5910022164&pid=2028597139&timestamp=20250919080133&Channel_ID=0116_2600000900-99000-201600010010027&ProgramID=947472500&ParentNodeID=-99&assertID=5910022164&client_ip=106.13.250.88&SecurityKey=20250919080133&promotionId=&mvid=5900004357&mcid=500020&playurlVersion=WX-A1-8.9.1-RELEASE&userid=&jmhm=&videocodec=h264&bean=mgspad&tid=android&conFee=0&puData=83babaa8bebe878b159bfcc24521520c&ddCalcu=c803e2b15a71b02a5a482bcecbfeb897581b, From: subscribe, IPv_Type: ipv6, Location: 中国, ISP: 中国移动, Date: None, Delay: -1 ms, Speed: 0.00 M/s, Resolution: None
Name: 吉林卫视, URL: https://cc06.tv12.xyz/60.m3u8, From: subscribe, IPv_Type: ipv6, Location: 美国, ISP: CloudFlare Inc., Date: None, Delay: -1 ms, Speed: 0.00 M/s, Resolution: None
Name: 吉林卫视, URL: https://migu.188766.xyz/?migutoken=882d9365a91b6ecc2fe206fa05e65b49&id=%E5%90%89%E6%9E%97%E5%8D%AB%E8%A7%86&type=yy, From: subscribe, IPv_Type: ipv6, Location: 美国, ISP: CloudFlare Inc., Date: None, Delay: -1 ms, Speed: 0.00 M/s, Resolution: None
Name: 江苏卫视, URL: https://iptv.catvod.com/live.php?id=%E6%B1%9F%E8%8B%8F%E5%8D%AB%E8%A7%86%E5%8F%B0, From: local, IPv_Type: ipv6, Location: 美国, ISP: CloudFlare Inc., Date: None, Delay: -1 ms, Speed: 0.00 M/s, Resolution: None
Name: 江苏卫视, URL: https://iptv.catvod.com/live.php?id=%E6%B1%9F%E8%8B%8F, From: local, IPv_Type: ipv6, Location: 美国, ISP: CloudFlare Inc., Date: None, Delay: -1 ms, Speed: 0.00 M/s, Resolution: None
Name: 江苏卫视, URL: http://php.jdshipin.com/TVOD/hnyd.php?id=200000001898/460000089800010059, From: subscribe, IPv_Type: ipv6, Location: 美国, ISP: CloudFlare Inc., Date: None, Delay: 0.1 ms, Speed: inf M/s, Resolution: 1920x1080
Name: 江苏卫视, URL: http://z.b.bkpcp.top/m.php?id=jsws, From: subscribe, IPv_Type: ipv6, Location: 美国, ISP: CloudFlare Inc., Date: None, Delay: 0.1 ms, Speed: inf M/s, Resolution: 1920x1080
Name: 江苏卫视, URL: http://goo.bkpcp.top/mg/jsws, From: subscribe, IPv_Type: ipv6, Location: 美国, ISP: CloudFlare Inc., Date: None, Delay: 0.1 ms, Speed: inf M/s, Resolution: 1920x1080
Name: 江苏卫视, URL: http://iptv.huuc.edu.cn/hls/jshd.m3u8, From: subscribe, IPv_Type: ipv6, Location: 中国, ISP: 教育网, Date: None, Delay: 0.1 ms, Speed: inf M/s, Resolution: 1920x1080
Name: 江苏卫视, URL: http://dsj.motem.top:8880/bptv/10000100000000050000000003873461.m3u8, From: subscribe, IPv_Type: ipv6, Location: 美国, ISP: CloudFlare Inc., Date: None, Delay: 0.1 ms, Speed: inf M/s, Resolution: 1920x1080
Name: 江苏卫视, URL: http://[2409:8087:1a0a:df::404b]/ottrrs.hl.chinamobile.com/TVOD/88888888/224/3221226310/index.m3u8, From: subscribe, IPv_Type: ipv6, Location: 中国, ISP: 中国移动, Date: None, Delay: 0.1 ms, Speed: inf M/s, Resolution: 1920x1080
Name: 江苏卫视, URL: http://[2409:8087:1a01:df::4077]/ottrrs.hl.chinamobile.com/PLTV/88888888/8/3221226310/index.m3u8, From: subscribe, IPv_Type: ipv6, Location: 中国, ISP: 中国移动, Date: None, Delay: 0.1 ms, Speed: inf M/s, Resolution: 1920x1080
Name: 江苏卫视, URL: http://[2409:8087:8:21::18]:6610/otttv.bj.chinamobile.com/PLTV/88888888/224/3221226242/1.m3u8, From: subscribe, IPv_Type: ipv6, Location: 中国, ISP: 中国移动, Date: None, Delay: 0.1 ms, Speed: inf M/s, Resolution: 1920x1080
Name: 江苏卫视, URL: http://[2409:8087:8:21::18]:6610/otttv.bj.chinamobile.com/PLTV/88888888/224/3221226366/1.m3u8, From: subscribe, IPv_Type: ipv6, Location: 中国, ISP: 中国移动, Date: None, Delay: 0.1 ms, Speed: inf M/s, Resolution: 1920x1080
Name: 江苏卫视, URL: http://[2409:8087:8:21::18]:6610/otttv.bj.chinamobile.com/PLTV/88888888/224/3221226491/1.m3u8, From: subscribe, IPv_Type: ipv6, Location: 中国, ISP: 中国移动, Date: None, Delay: 0.1 ms, Speed: inf M/s, Resolution: 1920x1080
Name: 江苏卫视, URL: http://iptv.cdn.ha.chinamobile.com/PLTV/88888888/224/3221227228/index.m3u8, From: subscribe, IPv_Type: ipv6, Location: 中国, ISP: 中国移动, Date: None, Delay: 0.1 ms, Speed: inf M/s, Resolution: 1920x1080
Name: 江苏卫视, URL: http://[2409:8087:2001:20:2800:0:df6e:eb17]:80/ott.mobaibox.com/PLTV/4/224/3221227552/index.m3u8, From: subscribe, IPv_Type: ipv6, Location: 中国, ISP: 中国移动, Date: None, Delay: 0.1 ms, Speed: inf M/s, Resolution: 1920x1080
Name: 江苏卫视, URL: https://www.freetv.top/migu/623899368.m3u8?migutoken=89adf8885d4f1f9dee34a4e8d60f187e5b071ac9b79001260a0b66da9027070e0b861510da93cb5190da002ca87645e63e57bada2c65f959e8ef81f693c239f194d683ba2083252bbb0caeab96, From: subscribe, IPv_Type: ipv6, Location: 美国-加利福尼亚州-圣克拉拉, ISP: DigitalOcean, Date: None, Delay: 0.1 ms, Speed: inf M/s, Resolution: 1920x1080
Name: 江苏卫视, URL: https://www.freetv.top/migu/623899368.m3u8?migutoken=eeab3d17b63b4c7e121ca8b24be0708254418f2e6cf6a24e94e18f79f97719fcea9930b4df2add6349f47b4bbb429f376c6d63c64916f5c43cdc2c87c201be1688d9db3211827c78605443a1f0, From: subscribe, IPv_Type: ipv6, Location: 美国-加利福尼亚州-圣克拉拉, ISP: DigitalOcean, Date: None, Delay: 0.1 ms, Speed: inf M/s, Resolution: 1920x1080
Name: 江苏卫视, URL: https://www.freetv.top/migu/623899368.m3u8?migutoken=a05a40d6e6ed59e05b38b4ebfaa76f08e8b1477802d7e984802aa4997af44caac8ccf440496662d885f70a6d35fa54f4aa876e2a834e7f5026b626fb250dcc5d14ae02fa6247c3e070d256ea39, From: subscribe, IPv_Type: ipv6, Location: 美国-加利福尼亚州-圣克拉拉, ISP: DigitalOcean, Date: None, Delay: 0.1 ms, Speed: inf M/s, Resolution: 1920x1080
Name: 江苏卫视, URL: https://www.freetv.top/migu/623899368.m3u8?migutoken=3ec7add32f2108ed670e526f58207033f492fc81ffe6044df4e04bf88bca3cfbe3f1af7bd4fa10e5a6663f276475985da275dfa9a568feed08fbc90f40838156a2167089cb6b35aaaf231e8ae8, From: subscribe, IPv_Type: ipv6, Location: 美国-加利福尼亚州-圣克拉拉, ISP: DigitalOcean, Date: None, Delay: 0.1 ms, Speed: inf M/s, Resolution: 1920x1080
Name: 江苏卫视, URL: https://www.freetv.top/migu/623899368.m3u8?migutoken=97c7334488eebe10f8c7b70518971ba643de7407f32f3bb9fa0a6ece2bce6efb9942dee16dfb87de86df53f96ada93dc655f3c7535b19ffce4a9f67172ff587bbab11924238b04bf91959f0cc5, From: subscribe, IPv_Type: ipv6, Location: 美国-加利福尼亚州-圣克拉拉, ISP: DigitalOcean, Date: None, Delay: 0.1 ms, Speed: inf M/s, Resolution: 1920x1080
Name: 江苏卫视, URL: https://www.freetv.top/migu/623899368.m3u8?migutoken=ca66e6b352790e26cafbf18eb7d18109977a8f44afcc9fafcfd79a7a68f6edd137bb91043c772fd9a42724999781eff4c9ccb62eb6457e260348f7b8f07926845ccf51ebc2fc10b4fecea8272d, From: subscribe, IPv_Type: ipv6, Location: 美国-加利福尼亚州-圣克拉拉, ISP: DigitalOcean, Date: None, Delay: 0.1 ms, Speed: inf M/s, Resolution: 1920x1080
Name: 江苏卫视, URL: https://www.freetv.top/migu/623899368.m3u8?migutoken=f1cd269b0915b27f2f0df129140c45e31211c441e8ec295cf566305c2c1d9f490e8e306f275eb4c59d97f3f033a2c75d35acaee85d3c81095ef1399e7c55e0351c61f40a24aaa0a52ccffa9041, From: subscribe, IPv_Type: ipv6, Location: 美国-加利福尼亚州-圣克拉拉, ISP: DigitalOcean, Date: None, Delay: 0.1 ms, Speed: inf M/s, Resolution: 1920x1080
Name: 江苏卫视, URL: http://yc.myds.me:35455/itv/6000000001000014861.m3u8?cdn=wasusyt, From: subscribe, IPv_Type: ipv6, Location: 中国, ISP: 中国电信, Date: None, Delay: 0.1 ms, Speed: inf M/s, Resolution: 1920x1080
Name: 江苏卫视, URL: http://nas.suntao.online:35455/itv/1000000001000001828.m3u8?cdn=ystenlive, From: subscribe, IPv_Type: ipv6, Location: 中国, ISP: 中国联通, Date: None, Delay: 0.1 ms, Speed: inf M/s, Resolution: 1920x1080
Name: 江苏卫视, URL: https://stream1.freetv.fun/0649ab465998e527a93053f995b4a2ccd9ecb2a7b1eb05653f4d3a6033383fe2.m3u8, From: subscribe, IPv_Type: ipv6, Location: 美国, ISP: CloudFlare Inc., Date: None, Delay: 0.1 ms, Speed: inf M/s, Resolution: 1920x1080
Name: 江苏卫视, URL: http://lu.wqwqwq.sbs/itv/1000000005000265030.m3u8?cdn=ystenlive, From: subscribe, IPv_Type: ipv6, Location: 美国, ISP: CloudFlare Inc., Date: None, Delay: 0.1 ms, Speed: inf M/s, Resolution: 1920x1080
Name: 江苏卫视, URL: http://dbiptv.sn.chinamobile.com/PLTV/88888888/224/3221225800/1.m3u8, From: subscribe, IPv_Type: ipv6, Location: 中国, ISP: 中国移动, Date: None, Delay: 0.1 ms, Speed: inf M/s, Resolution: 1920x1080
Name: 江苏卫视, URL: https://stream1.freetv.fun/96ef33ca59d7fbb2c1b97b9be5411b111b57ea5c9886c4daedb3f5a420db56d7.m3u8, From: subscribe, IPv_Type: ipv6, Location: 美国, ISP: CloudFlare Inc., Date: None, Delay: 0.1 ms, Speed: inf M/s, Resolution: 1920x1080
Name: 江苏卫视, URL: https://stream1.freetv.fun/942bdc6135b9030e7a554f57e2487fe9f1051af73a481733707a560a874a58c3.m3u8, From: subscribe, IPv_Type: ipv6, Location: 美国, ISP: CloudFlare Inc., Date: None, Delay: 0.1 ms, Speed: inf M/s, Resolution: 1920x1080
Name: 江苏卫视, URL: https://stream1.freetv.fun/ca590be1149a8febc23f7dc0a4bd7bafd37beb6a92c2fc7f219171926d2af032.m3u8, From: subscribe, IPv_Type: ipv6, Location: 美国, ISP: CloudFlare Inc., Date: None, Delay: 0.1 ms, Speed: inf M/s, Resolution: 1920x1080
Name: 江苏卫视, URL: https://stream1.freetv.fun/ab96b0ba87db2285506cd908301589912d6162c0fbae266f556585184a115dcb.m3u8, From: subscribe, IPv_Type: ipv6, Location: 美国, ISP: CloudFlare Inc., Date: None, Delay: 0.1 ms, Speed: inf M/s, Resolution: 1920x1080
Name: 江苏卫视, URL: https://stream1.freetv.fun/8ed0870d4280b3b28954d9ae067b37ff8885ea15549512273090c7833634d40d.m3u8, From: subscribe, IPv_Type: ipv6, Location: 美国, ISP: CloudFlare Inc., Date: None, Delay: 0.1 ms, Speed: inf M/s, Resolution: 1920x1080
Name: 江苏卫视, URL: https://stream1.freetv.fun/012d2a4cce4636c5171f9aeec96387bd726996f5faf60ae257f4548150a96d4f.m3u8, From: subscribe, IPv_Type: ipv6, Location: 美国, ISP: CloudFlare Inc., Date: None, Delay: 0.1 ms, Speed: inf M/s, Resolution: 1920x1080
Name: 江苏卫视, URL: https://stream1.freetv.fun/5fb9a60d2e60d114fb3e0b187184ce46690e02ebfb16ee6efc0cb423aa95a591.m3u8, From: subscribe, IPv_Type: ipv6, Location: 美国, ISP: CloudFlare Inc., Date: None, Delay: 0.1 ms, Speed: inf M/s, Resolution: 1920x1080
Name: 江苏卫视, URL: https://stream1.freetv.fun/74e3817e2d49ca9f7ef3085c23657432144d05adb401c6b4d4957594c06ee1b5.m3u8, From: subscribe, IPv_Type: ipv6, Location: 美国, ISP: CloudFlare Inc., Date: None, Delay: 0.1 ms, Speed: inf M/s, Resolution: 1920x1080
Name: 江苏卫视, URL: https://stream1.freetv.fun/8354132b8e31bd5a6b540978f17386c71e93f50df4454b0019475e887152850d.m3u8, From: subscribe, IPv_Type: ipv6, Location: 美国, ISP: CloudFlare Inc., Date: None, Delay: 0.1 ms, Speed: inf M/s, Resolution: 1920x1080
Name: 江苏卫视, URL: https://stream1.freetv.fun/6c1f2a421ea8b3856f220b5180423e34bdcf41207baafb5b75f88536bb0c0f04.m3u8, From: subscribe, IPv_Type: ipv6, Location: 美国, ISP: CloudFlare Inc., Date: None, Delay: 0.1 ms, Speed: inf M/s, Resolution: 1920x1080
Name: 江苏卫视, URL: https://stream1.freetv.fun/0f935b36e555da8d24b280eec4698b02c1c113abc8ffd506021131a29c843969.m3u8, From: subscribe, IPv_Type: ipv6, Location: 美国, ISP: CloudFlare Inc., Date: None, Delay: 0.1 ms, Speed: inf M/s, Resolution: 1920x1080
Name: 江苏卫视, URL: https://stream1.freetv.fun/b538dca1e93a7c33d25227141958f757f7cc11cf2126fab1deca9cd36ee2ba97.m3u8, From: subscribe, IPv_Type: ipv6, Location: 美国, ISP: CloudFlare Inc., Date: None, Delay: 0.1 ms, Speed: inf M/s, Resolution: 1920x1080
Name: 江苏卫视, URL: https://stream1.freetv.fun/3e0ed5e0d1ff6197877752ca6c0def4aa65fd6c68bb539384e64836400697d77.m3u8, From: subscribe, IPv_Type: ipv6, Location: 美国, ISP: CloudFlare Inc., Date: None, Delay: 0.1 ms, Speed: inf M/s, Resolution: 1920x1080
Name: 江苏卫视, URL: https://stream1.freetv.fun/5f53633b7ea4bc98a9984d9f199f4e45a74a7217a3f939aee14a4846a03dc69c.m3u8, From: subscribe, IPv_Type: ipv6, Location: 美国, ISP: CloudFlare Inc., Date: None, Delay: 0.1 ms, Speed: inf M/s, Resolution: 1920x1080
Name: 江苏卫视, URL: http://hwrr.jx.chinamobile.com:8080/PLTV/88888888/224/3221225488/index.m3u8?fmt=ts2hls, From: subscribe, IPv_Type: ipv6, Location: 中国, ISP: 中国移动, Date: None, Delay: 0.1 ms, Speed: inf M/s, Resolution: 1920x1080
Name: 江苏卫视, URL: http://[2409:8087:3428:20:500::100f]:6610/PLTV/88888888/224/3221225847/index.m3u8?servicetype=1&IASHttpSessionId=RR423820220409134714119178, From: subscribe, IPv_Type: ipv6, Location: 中国, ISP: 中国移动, Date: None, Delay: 0.1 ms, Speed: inf M/s, Resolution: 1920x1080
Name: 江苏卫视, URL: http://[2409:8087:3428:20:500::1009]:6610/PLTV/88888888/224/3221225847/index.m3u8?servicetype=1&IASHttpSessionId=RR423820220409134714119178, From: subscribe, IPv_Type: ipv6, Location: 中国, ISP: 中国移动, Date: None, Delay: 0.1 ms, Speed: inf M/s, Resolution: 1920x1080
Name: 江苏卫视, URL: http://[2409:8087:2001:20:2800:0:df6e:eb10]:80/wh7f454c46tw1546620848_1199323777/ott.mobaibox.com/PLTV/3/224/3221227561/index.m3u8?icpid=3&RTS=1674385957&from=40&popid=40&hms_devid=2110&prioritypopid=40&vqe=3, From: subscribe, IPv_Type: ipv6, Location: 中国, ISP: 中国移动, Date: None, Delay: 0.1 ms, Speed: inf M/s, Resolution: 1920x1080
Name: 江苏卫视, URL: http://[2409:8087:2001:20:2800:0:df6e:eb06]:80/wh7f454c46tw202473475_-1896827182/ott.mobaibox.com/PLTV/3/224/3221227255/index.m3u8?icpid=3&RTS=1674380317&from=40&popid=40&hms_devid=2036&prioritypopid=40&vqe=3, From: subscribe, IPv_Type: ipv6, Location: 中国, ISP: 中国移动, Date: None, Delay: 0.1 ms, Speed: inf M/s, Resolution: 1920x1080
Name: 江苏卫视, URL: http://[2409:8087:2001:20:2800:0:df6e:eb13]:80/wh7f454c46tw359112764_778502970/ott.mobaibox.com/PLTV/3/224/3221227705/index.m3u8?icpid=3&RTS=1674380474&from=40&popid=40&hms_devid=2112&prioritypopid=40&vqe=3, From: subscribe, IPv_Type: ipv6, Location: 中国, ISP: 中国移动, Date: None, Delay: 0.1 ms, Speed: inf M/s, Resolution: 1920x1080
Name: 江苏卫视, URL: http://[2409:8087:2001:20:2800:0:df6e:eb0d]:80/wh7f454c46tw203226883_1737984932/ott.mobaibox.com/PLTV/3/224/3221227668/index.m3u8?icpid=3&RTS=1674380318&from=40&popid=40&hms_devid=2040&prioritypopid=40&vqe=3, From: subscribe, IPv_Type: ipv6, Location: 中国, ISP: 中国移动, Date: None, Delay: 0.1 ms, Speed: inf M/s, Resolution: 1920x1080
Name: 江苏卫视, URL: http://[2409:8087:1e03:21::42]:6610/cms001/ch00000090990000001033/index.m3u8, From: subscribe, IPv_Type: ipv6, Location: 中国, ISP: 中国移动, Date: None, Delay: 0.1 ms, Speed: inf M/s, Resolution: 1920x1080
Name: 江苏卫视, URL: http://[2409:8087:2001:20:2800:0:df6e:eb26]:80/wh7f454c46tw1548387171_1294672253/ott.mobaibox.com/PLTV/3/224/3221228306/index.m3u8?icpid=3&RTS=1674385958&from=40&popid=40&hms_devid=2293&prioritypopid=40&vqe=3, From: subscribe, IPv_Type: ipv6, Location: 中国, ISP: 中国移动, Date: None, Delay: 0.1 ms, Speed: inf M/s, Resolution: 1920x1080
Name: 江苏卫视, URL: http://[2409:8087:5e01:34::38]:6610/ZTE_CMS/00000001000000060000000000000177/index.m3u8, From: subscribe, IPv_Type: ipv6, Location: 中国, ISP: 中国移动, Date: None, Delay: 0.1 ms, Speed: inf M/s, Resolution: 1920x1080
Name: 江苏卫视, URL: http://[2409:8087:4c0a:22:1::11]:6410/170000001115/UmaiCHAN111129BESTVSMGSMG/index.m3u8?m3u8_level=2, From: subscribe, IPv_Type: ipv6, Location: 中国, ISP: 中国移动, Date: None, Delay: 0.1 ms, Speed: inf M/s, Resolution: 1920x1080
Name: 江苏卫视, URL: http://[2409:8087:5e00:24::1f]:6060/ZTE_CMS/00000001000000060000000000000177/index.m3u8, From: subscribe, IPv_Type: ipv6, Location: 中国, ISP: 中国移动, Date: None, Delay: 0.1 ms, Speed: inf M/s, Resolution: 1920x1080
Name: 江苏卫视, URL: http://[2409:8087:5e01:34::23]:6610/ZTE_CMS/00000001000000060000000000000177/index.m3u8?IAS, From: subscribe, IPv_Type: ipv6, Location: 中国, ISP: 中国移动, Date: None, Delay: 0.1 ms, Speed: inf M/s, Resolution: 1920x1080
Name: 江苏卫视, URL: http://[2409:8087:5e01:34::20]:6610/ZTE_CMS/00000001000000060000000000000177/index.m3u8?IAS, From: subscribe, IPv_Type: ipv6, Location: 中国, ISP: 中国移动, Date: None, Delay: 0.1 ms, Speed: inf M/s, Resolution: 1920x1080
Name: 江苏卫视, URL: http://[2409:8087:5e01:34::22]:6610/ZTE_CMS/00000001000000060000000000000177/index.m3u8?IAS, From: subscribe, IPv_Type: ipv6, Location: 中国, ISP: 中国移动, Date: None, Delay: 0.1 ms, Speed: inf M/s, Resolution: 1920x1080
Name: 江苏卫视, URL: http://[2409:8087:5e01:34::21]:6610/ZTE_CMS/00000001000000060000000000000177/index.m3u8?IAS, From: subscribe, IPv_Type: ipv6, Location: 中国, ISP: 中国移动, Date: None, Delay: 0.1 ms, Speed: inf M/s, Resolution: 1920x1080
Name: 江苏卫视, URL: https://www.freetv.top/migu/623899368.m3u8?migutoken=49a45b3ba8201aca65a6b8be298982e4b5c80abded17ae9a45d43f576e0fabc24f849a21fff1e9653aace2fa93b5a1b13bb115f1ea22af88d87707910500a29b49881a6a8a76610a5c7c479903, From: subscribe, IPv_Type: ipv6, Location: 美国-加利福尼亚州-圣克拉拉, ISP: DigitalOcean, Date: None, Delay: 0.1 ms, Speed: inf M/s, Resolution: 1920x1080
Name: 江苏卫视, URL: http://[2409:8087:2001:20:2800:0:df6e:eb12]/wh7f454c46tw2983110475_-1591539074/ott.mobaibox.com/PLTV/3/224/3221228097/index.m3u8?icpid=3&RTS=1668597777&from=40&popid=40&hms_devid=2112&prioritypopid=40&vqe=3, From: subscribe, IPv_Type: ipv6, Location: 中国, ISP: 中国移动, Date: None, Delay: 0.1 ms, Speed: inf M/s, Resolution: 1920x1080
Name: 江苏卫视, URL: http://[2409:8087:1e03:21::2]:6060/cms001/ch00000090990000001033/index.m3u8, From: subscribe, IPv_Type: ipv6, Location: 中国, ISP: 中国移动, Date: None, Delay: 0.1 ms, Speed: inf M/s, Resolution: 1920x1080
Name: 江苏卫视, URL: http://[2409:8087:3428:20:500::100f]:6610/PLTV/88888888/224/3221227160/index.m3u8?servicetype=1&IASHttpSessionId=RR423820220409134714119178, From: subscribe, IPv_Type: ipv6, Location: 中国, ISP: 中国移动, Date: None, Delay: 0.1 ms, Speed: inf M/s, Resolution: 1920x1080
Name: 江苏卫视, URL: http://[2409:8087:3428:20:500::1009]:6610/PLTV/88888888/224/3221227160/index.m3u8?servicetype=1&IASHttpSessionId=RR423820220409134714119178, From: subscribe, IPv_Type: ipv6, Location: 中国, ISP: 中国移动, Date: None, Delay: 0.1 ms, Speed: inf M/s, Resolution: 1920x1080
Name: 江苏卫视, URL: http://[2409:8087:2001:20:2800:0:df6e:eb03]:80/wh7f454c46tw1547508542_-1029566303/ott.mobaibox.com/PLTV/3/224/3221227689/index.m3u8?icpid=3&RTS=1674385957&from=40&popid=40&hms_devid=2039&prioritypopid=40&vqe=3, From: subscribe, IPv_Type: ipv6, Location: 中国, ISP: 中国移动, Date: None, Delay: 0.1 ms, Speed: inf M/s, Resolution: 1920x1080
Name: 江苏卫视, URL: http://[2409:8087:74f0:22::6]:6410/270000001128/9900000524/index.m3u8, From: subscribe, IPv_Type: ipv6, Location: 中国, ISP: 中国移动, Date: None, Delay: 0.1 ms, Speed: inf M/s, Resolution: 1920x1080
Name: 江苏卫视, URL: http://[2409:8087:1a01:df::7005]/ottrrs.hl.chinamobile.com/PLTV/88888888/224/3221226310/index.m3u8, From: subscribe, IPv_Type: ipv6, Location: 中国, ISP: 中国移动, Date: None, Delay: 0.1 ms, Speed: inf M/s, Resolution: 1920x1080
Name: 江苏卫视, URL: http://[2409:8087:5e00:24::1e]:6060/200000001898/460000089800010059/1.m3u8, From: subscribe, IPv_Type: ipv6, Location: 中国, ISP: 中国移动, Date: None, Delay: 0.1 ms, Speed: inf M/s, Resolution: 1920x1080
Name: 江苏卫视, URL: http://[2409:8087:8:21::18]:6610/otttv.bj.chinamobile.com/PLTV/88888888/224/3221226897/1.m3u8?GuardEncType=2&accountinfo=%7E%7EV2.0%7E0BmO6uHF7WFoTed__Xr3NQ%7EtP4-l0lmSfjwLWEfK_el1vH_mv-s1zo4AQJwdedaVwG9xkuFTDg8J26cwOrNJzn20BErrHdLhuZ9EzLUCD3PMW-OMx4MGteHV2vLeW6BqoY%2CEND, From: subscribe, IPv_Type: ipv6, Location: 中国, ISP: 中国移动, Date: None, Delay: -1 ms, Speed: 0.00 M/s, Resolution: None
Name: 江苏卫视, URL: http://[2409:8087:3869:8021:1001::e5]:6610/PLTV/88888910/224/3221225702/index.m3u8, From: subscribe, IPv_Type: ipv6, Location: 中国, ISP: 中国移动, Date: None, Delay: -1 ms, Speed: 0.00 M/s, Resolution: None
Name: 江苏卫视, URL: http://rrs01.hw.gmcc.net:8088/PLTV/81/224/3221226692/1.m3u8, From: subscribe, IPv_Type: ipv6, Location: 中国, ISP: 中国移动, Date: None, Delay: -1 ms, Speed: 0.00 M/s, Resolution: None
Name: 江苏卫视, URL: http://[2409:8087:1a15:10d1::33]/ottrrs.hl.chinamobile.com/PLTV/88888888/224/3221226310/index.m3u8, From: subscribe, IPv_Type: ipv6, Location: 中国, ISP: 中国移动, Date: None, Delay: -1 ms, Speed: 0.00 M/s, Resolution: None
Name: 江苏卫视, URL: http://[2409:8087:5e08:25::16]:6610/200000001898/460000089800010059/1.m3u8, From: subscribe, IPv_Type: ipv6, Location: 中国, ISP: 中国移动, Date: None, Delay: -1 ms, Speed: 0.00 M/s, Resolution: None
Name: 江苏卫视, URL: https://mursor.ottiptv.cc/mcp/jiangsu.m3u8, From: subscribe, IPv_Type: ipv6, Location: 美国, ISP: Oracle Corporation, Date: None, Delay: -1 ms, Speed: 0.00 M/s, Resolution: None
Name: 江苏卫视, URL: https://migu.188766.xyz/?migutoken=3e2b54ccfd928043a606cbc02ff2fa28&id=%E6%B1%9F%E8%8B%8F%E5%8D%AB%E8%A7%86&type=yy, From: subscribe, IPv_Type: ipv6, Location: 美国, ISP: CloudFlare Inc., Date: None, Delay: -1 ms, Speed: 0.00 M/s, Resolution: None
Name: 江苏卫视, URL: http://gslbmgsplive.miguvideo.com/wd_r2/cctv/jiangsuhd/1200/index.m3u8?msisdn=20250919080133574c3ec348bb43089e726720c282f1c5&mdspid=&spid=699067&netType=0&sid=5500199408&pid=2028597139&timestamp=20250919080133&Channel_ID=0116_2600000900-99000-201600010010027&ProgramID=623899368&ParentNodeID=-99&assertID=5500199408&client_ip=106.13.250.88&SecurityKey=20250919080133&promotionId=&mvid=5100156802&mcid=500020&playurlVersion=WX-A1-8.9.1-RELEASE&userid=&jmhm=&videocodec=h264&bean=mgspad&tid=android&conFee=0&puData=fec2beacf6c18f3a349f6269a9cd03c8&ddCalcu=8fcee3c1023db0ce9aac9f662c61f89f433a, From: subscribe, IPv_Type: ipv6, Location: 中国, ISP: 中国移动, Date: None, Delay: -1 ms, Speed: 0.00 M/s, Resolution: None
Name: 江苏卫视, URL: https://cc06.tv12.xyz/61.m3u8, From: subscribe, IPv_Type: ipv6, Location: 美国, ISP: CloudFlare Inc., Date: None, Delay: -1 ms, Speed: 0.00 M/s, Resolution: None
Name: 江苏卫视, URL: https://migu.188766.xyz/?migutoken=fe35e7379fb2f7f1c6f615c55b7e98fb&id=%E6%B1%9F%E8%8B%8F%E5%8D%AB%E8%A7%86&type=yy, From: subscribe, IPv_Type: ipv6, Location: 美国, ISP: CloudFlare Inc., Date: None, Delay: -1 ms, Speed: 0.00 M/s, Resolution: None
Name: 江西卫视, URL: https://iptv.catvod.com/live.php?id=%E6%B1%9F%E8%A5%BF%E5%8D%AB%E8%A7%86%E5%8F%B0, From: local, IPv_Type: ipv6, Location: 美国, ISP: CloudFlare Inc., Date: None, Delay: -1 ms, Speed: 0.00 M/s, Resolution: None
Name: 江西卫视, URL: https://iptv.catvod.com/live.php?id=%E6%B1%9F%E8%A5%BF, From: local, IPv_Type: ipv6, Location: 美国, ISP: CloudFlare Inc., Date: None, Delay: -1 ms, Speed: 0.00 M/s, Resolution: None
Name: 江西卫视, URL: http://php.jdshipin.com/TVOD/hnyd.php?id=200000001898/460000089800010060, From: subscribe, IPv_Type: ipv6, Location: 美国, ISP: CloudFlare Inc., Date: None, Delay: 0.1 ms, Speed: inf M/s, Resolution: 1920x1080
Name: 江西卫视, URL: http://z.b.bkpcp.top/m.php?id=jxws, From: subscribe, IPv_Type: ipv6, Location: 美国, ISP: CloudFlare Inc., Date: None, Delay: 0.1 ms, Speed: inf M/s, Resolution: 1920x1080
Name: 江西卫视, URL: http://goo.bkpcp.top/mg/jxws, From: subscribe, IPv_Type: ipv6, Location: 美国, ISP: CloudFlare Inc., Date: None, Delay: 0.1 ms, Speed: inf M/s, Resolution: 1920x1080
Name: 江西卫视, URL: http://iptv.huuc.edu.cn/hls/jxhd.m3u8, From: subscribe, IPv_Type: ipv6, Location: 中国, ISP: 教育网, Date: None, Delay: 0.1 ms, Speed: inf M/s, Resolution: 1920x1080
Name: 江西卫视, URL: https://www.freetv.top/migu/783847495.m3u8?migutoken=fddcc05dc0245329d3208607a5b1f5a1980bc31a7ced510e345af6cc68f5b86d2d9178b45706a0b6a0ceddc82ce06e53375cfedbc96fd0b00c12195c7d77b6f23811a67970bcfeb47629aa5aa6, From: subscribe, IPv_Type: ipv6, Location: 美国-加利福尼亚州-圣克拉拉, ISP: DigitalOcean, Date: None, Delay: 0.1 ms, Speed: inf M/s, Resolution: 1920x1080
Name: 江西卫视, URL: http://[2409:8087:1a01:df::4027]:80/TVOD/88888888/224/3221225935/main.m3u8, From: subscribe, IPv_Type: ipv6, Location: 中国, ISP: 中国移动, Date: None, Delay: 0.1 ms, Speed: inf M/s, Resolution: 1920x1080
Name: 江西卫视, URL: http://dsj.motem.top:8880/bptv/10000100000000050000000004796511.m3u8, From: subscribe, IPv_Type: ipv6, Location: 美国, ISP: CloudFlare Inc., Date: None, Delay: 0.1 ms, Speed: inf M/s, Resolution: 1920x1080
Name: 江西卫视, URL: http://[2409:8087:1a0a:df::404b]/ottrrs.hl.chinamobile.com/TVOD/88888888/224/3221226344/index.m3u8, From: subscribe, IPv_Type: ipv6, Location: 中国, ISP: 中国移动, Date: None, Delay: 0.1 ms, Speed: inf M/s, Resolution: 1920x1080
Name: 江西卫视, URL: http://[2409:8087:1a01:df::4077]/ottrrs.hl.chinamobile.com/PLTV/88888888/8/3221226504/index.m3u8, From: subscribe, IPv_Type: ipv6, Location: 中国, ISP: 中国移动, Date: None, Delay: 0.1 ms, Speed: inf M/s, Resolution: 1920x1080
Name: 江西卫视, URL: http://[2409:8087:1a01:df::4077]/ottrrs.hl.chinamobile.com/PLTV/88888888/8/3221226344/index.m3u8, From: subscribe, IPv_Type: ipv6, Location: 中国, ISP: 中国移动, Date: None, Delay: 0.1 ms, Speed: inf M/s, Resolution: 1920x1080
Name: 江西卫视, URL: http://iptv.cdn.ha.chinamobile.com/PLTV/88888888/224/3221227226/index.m3u8, From: subscribe, IPv_Type: ipv6, Location: 中国, ISP: 中国移动, Date: None, Delay: 0.1 ms, Speed: inf M/s, Resolution: 1920x1080
Name: 江西卫视, URL: https://www.freetv.top/migu/783847495.m3u8?migutoken=9eed7f0bec5b296058f4a9a7f44f9d5eedc6bffe7c64bc47808571ddfa75d617964a3f0bda631c7909d74535a8eaf0c94af1c4bd1b23411584a243b787c98a912c20f1bc402f28a2dc0643ff42, From: subscribe, IPv_Type: ipv6, Location: 美国-加利福尼亚州-圣克拉拉, ISP: DigitalOcean, Date: None, Delay: 0.1 ms, Speed: inf M/s, Resolution: 1920x1080
Name: 江西卫视, URL: https://www.freetv.top/migu/783847495.m3u8?migutoken=b9ba9e2f06ddd219a9e3fb45641a0ba5c0b22ab5904c1b10ab603b4fe2eb30b2e40fdeba589cef7e7c40db7c4a0e66c90c48110a078a361a0975dd6ca0fd0a5de4c13b2c7699d4b0013a868ab6, From: subscribe, IPv_Type: ipv6, Location: 美国-加利福尼亚州-圣克拉拉, ISP: DigitalOcean, Date: None, Delay: 0.1 ms, Speed: inf M/s, Resolution: 1920x1080
Name: 江西卫视, URL: https://www.freetv.top/migu/783847495.m3u8?migutoken=38b42decc187cc22bb6309841b51df21f3267227cda2e6b190e60e89845ff5fc5218e399e58130d340f3843cc52bc7332faab30e83454d30c4bcd929a0f847f12972351c12fcdccb0b5bc6bd54, From: subscribe, IPv_Type: ipv6, Location: 美国-加利福尼亚州-圣克拉拉, ISP: DigitalOcean, Date: None, Delay: 0.1 ms, Speed: inf M/s, Resolution: 1920x1080
Name: 江西卫视, URL: https://www.freetv.top/migu/783847495.m3u8?migutoken=3744a9c270a0b16bfdbf60ff4b047f6f1a0c1bbaabca5b2a5c4d2e07cd1775ea609a33d44e2e957bd52e4f42fc5000b0207a705e26b45251cc247c2c1b18d9e8b7980b7b2dc160cbfb0953f211, From: subscribe, IPv_Type: ipv6, Location: 美国-加利福尼亚州-圣克拉拉, ISP: DigitalOcean, Date: None, Delay: 0.1 ms, Speed: inf M/s, Resolution: 1920x1080
Name: 江西卫视, URL: https://www.freetv.top/migu/783847495.m3u8?migutoken=19c37a09e888f77999095afe8ca20e57a19a0440f688dadb58c1983f9c69d28a775232128771b0ac3aa7705f3da38a91ae7aadab4019cdbf668c75eb1e31c40d081b960b979564dab3c421d3f7, From: subscribe, IPv_Type: ipv6, Location: 美国-加利福尼亚州-圣克拉拉, ISP: DigitalOcean, Date: None, Delay: 0.1 ms, Speed: inf M/s, Resolution: 1920x1080
Name: 江西卫视, URL: https://www.freetv.top/migu/783847495.m3u8?migutoken=a3e8d180650039495772db9c034f0598699bcd1a8f5dc386eaa2c7d88903420abcbfaf48d69a26351e436e9c23fb61b8acd6b9690d2aa41f2283d57f444c9c3f1be3e8af5c2aa87d7060804394, From: subscribe, IPv_Type: ipv6, Location: 美国-加利福尼亚州-圣克拉拉, ISP: DigitalOcean, Date: None, Delay: 0.1 ms, Speed: inf M/s, Resolution: 1920x1080
Name: 江西卫视, URL: https://www.freetv.top/migu/783847495.m3u8?migutoken=1396615ba32d01d6e6392c1f7673e2f7fa104cab1eb91ddb1891f3e3f0f0278d0391e4de3696a19b8c865d4e2187f070eb215e9aa50bd155530fa7af15a33ede7b50d2021e40f91a75835e73c6, From: subscribe, IPv_Type: ipv6, Location: 美国-加利福尼亚州-圣克拉拉, ISP: DigitalOcean, Date: None, Delay: 0.1 ms, Speed: inf M/s, Resolution: 1920x1080
Name: 江西卫视, URL: https://www.freetv.top/migu/783847495.m3u8?migutoken=e68adbe9de75b7e99dc3afe5aa965084775127e61b76140d0760b54c646a00fb202501f7efbf1cacd66da45725dac5db44885e0bc19831a43d79de05ef08a25bb2a4dc2d09810eb44a95952d05, From: subscribe, IPv_Type: ipv6, Location: 美国-加利福尼亚州-圣克拉拉, ISP: DigitalOcean, Date: None, Delay: 0.1 ms, Speed: inf M/s, Resolution: 1920x1080
Name: 江西卫视, URL: http://yc.myds.me:35455/itv/1000000005000265032.m3u8?cdn=ystenlive, From: subscribe, IPv_Type: ipv6, Location: 中国, ISP: 中国电信, Date: None, Delay: 0.1 ms, Speed: inf M/s, Resolution: 1920x1080
Name: 江西卫视, URL: http://nas.suntao.online:35455/itv/1000000006000268001.m3u8?cdn=ystenlive, From: subscribe, IPv_Type: ipv6, Location: 中国, ISP: 中国联通, Date: None, Delay: 0.1 ms, Speed: inf M/s, Resolution: 1920x1080
Name: 江西卫视, URL: http://lu.wqwqwq.sbs/itv/1000000005000265032.m3u8?cdn=ystenlive, From: subscribe, IPv_Type: ipv6, Location: 美国, ISP: CloudFlare Inc., Date: None, Delay: 0.1 ms, Speed: inf M/s, Resolution: 1920x1080
Name: 江西卫视, URL: https://stream1.freetv.fun/89d9d9375ed2dec0f5361c36f90f9a8ef71d8eb3275a6e67969e6bc509562242.m3u8, From: subscribe, IPv_Type: ipv6, Location: 美国, ISP: CloudFlare Inc., Date: None, Delay: 0.1 ms, Speed: inf M/s, Resolution: 1920x1080
Name: 江西卫视, URL: https://stream1.freetv.fun/2a00fceb286407f91d029a6a5af1d6cc5786da4736f7e084ac3bf39657bbf547.m3u8, From: subscribe, IPv_Type: ipv6, Location: 美国, ISP: CloudFlare Inc., Date: None, Delay: 0.1 ms, Speed: inf M/s, Resolution: 1920x1080
Name: 江西卫视, URL: https://stream1.freetv.fun/5e3471067963ac3b1418ddf89fb2af1398cb3d62cb9e632133454e4a51925328.m3u8, From: subscribe, IPv_Type: ipv6, Location: 美国, ISP: CloudFlare Inc., Date: None, Delay: 0.1 ms, Speed: inf M/s, Resolution: 1920x1080
Name: 江西卫视, URL: https://stream1.freetv.fun/2df8b395a33033ef4dbd79007e2ec8dabbdc64e75e0e2c8bd46c49eec115d891.m3u8, From: subscribe, IPv_Type: ipv6, Location: 美国, ISP: CloudFlare Inc., Date: None, Delay: 0.1 ms, Speed: inf M/s, Resolution: 1920x1080
Name: 江西卫视, URL: https://stream1.freetv.fun/e321eebbac46cd0e6ca42cee9eacb00816d8f937354cdf2a1bc089280f2fac0a.m3u8, From: subscribe, IPv_Type: ipv6, Location: 美国, ISP: CloudFlare Inc., Date: None, Delay: 0.1 ms, Speed: inf M/s, Resolution: 1920x1080
Name: 江西卫视, URL: https://stream1.freetv.fun/884205e754d467296fc5ead33fdf28f9b21d713b0c44c162f291fcc2df83ac2a.m3u8, From: subscribe, IPv_Type: ipv6, Location: 美国, ISP: CloudFlare Inc., Date: None, Delay: 0.1 ms, Speed: inf M/s, Resolution: 1920x1080
Name: 江西卫视, URL: https://stream1.freetv.fun/09759f413f6f4e15691846b0f9312dd85a7f829fb606af09a91035e1679a0e8e.m3u8, From: subscribe, IPv_Type: ipv6, Location: 美国, ISP: CloudFlare Inc., Date: None, Delay: 0.1 ms, Speed: inf M/s, Resolution: 1920x1080
Name: 江西卫视, URL: https://stream1.freetv.fun/c5b111188406543af7e57b190d868e9e911cae646dee6d37d2af0075aeccd66d.m3u8, From: subscribe, IPv_Type: ipv6, Location: 美国, ISP: CloudFlare Inc., Date: None, Delay: 0.1 ms, Speed: inf M/s, Resolution: 1920x1080
Name: 江西卫视, URL: https://stream1.freetv.fun/dfb80819b92394b8d001b2a135d0a18949b1f60bd4eb5b3f308022236f7eefbe.m3u8, From: subscribe, IPv_Type: ipv6, Location: 美国, ISP: CloudFlare Inc., Date: None, Delay: 0.1 ms, Speed: inf M/s, Resolution: 1920x1080
Name: 江西卫视, URL: https://stream1.freetv.fun/dc1588c05fae45e0e60cf2dccd2870db218b8dc9203e57c8c6c8c1ffc3325960.m3u8, From: subscribe, IPv_Type: ipv6, Location: 美国, ISP: CloudFlare Inc., Date: None, Delay: 0.1 ms, Speed: inf M/s, Resolution: 1920x1080
Name: 江西卫视, URL: https://stream1.freetv.fun/dc9d28cc43040277c9ab2a890ab8b91b88386c3ac1340be857cd31735548e025.m3u8, From: subscribe, IPv_Type: ipv6, Location: 美国, ISP: CloudFlare Inc., Date: None, Delay: 0.1 ms, Speed: inf M/s, Resolution: 1920x1080
Name: 江西卫视, URL: https://stream1.freetv.fun/24e42d02d75be84af73aac0b4616ee974f8327b811e3a0a4b45a1bb5629f2cd7.m3u8, From: subscribe, IPv_Type: ipv6, Location: 美国, ISP: CloudFlare Inc., Date: None, Delay: 0.1 ms, Speed: inf M/s, Resolution: 1920x1080
Name: 江西卫视, URL: https://stream1.freetv.fun/bb58259930386bbf8990b8c874a2003bddc472d71f3d5f8858e1de684c7048f2.m3u8, From: subscribe, IPv_Type: ipv6, Location: 美国, ISP: CloudFlare Inc., Date: None, Delay: 0.1 ms, Speed: inf M/s, Resolution: 1920x1080
Name: 江西卫视, URL: https://stream1.freetv.fun/28ac3700cc6eb8df530c0e75b436f8b3027b11708df4b05381b7279ea282028a.m3u8, From: subscribe, IPv_Type: ipv6, Location: 美国, ISP: CloudFlare Inc., Date: None, Delay: 0.1 ms, Speed: inf M/s, Resolution: 1920x1080
Name: 江西卫视, URL: https://stream1.freetv.fun/80bca95b03df18436dd135e8407012a9564496bd5c807844f6d9f5826bd3d57a.m3u8, From: subscribe, IPv_Type: ipv6, Location: 美国, ISP: CloudFlare Inc., Date: None, Delay: 0.1 ms, Speed: inf M/s, Resolution: 1920x1080
Name: 江西卫视, URL: https://stream1.freetv.fun/89466e8806ac91fe9e047d3482b2e4a8b424dccceea5cfe01aa6bca0c7177502.m3u8, From: subscribe, IPv_Type: ipv6, Location: 美国, ISP: CloudFlare Inc., Date: None, Delay: 0.1 ms, Speed: inf M/s, Resolution: 1920x1080
Name: 江西卫视, URL: https://stream1.freetv.fun/24184689ddf6b7f046d252d597760a2599270d68f85800d28f942d81f6945943.m3u8, From: subscribe, IPv_Type: ipv6, Location: 美国, ISP: CloudFlare Inc., Date: None, Delay: 0.1 ms, Speed: inf M/s, Resolution: 1920x1080
Name: 江西卫视, URL: https://stream1.freetv.fun/3268c9bdf17d530b54c0e4a59bc66561a4fffec970ca13cb6c0f49156947c63e.m3u8, From: subscribe, IPv_Type: ipv6, Location: 美国, ISP: CloudFlare Inc., Date: None, Delay: 0.1 ms, Speed: inf M/s, Resolution: 1920x1080
Name: 江西卫视, URL: https://stream1.freetv.fun/b99cfef14e64a12c8ff2231565ad2189ac9d218dd8082417314419c630f6e238.m3u8, From: subscribe, IPv_Type: ipv6, Location: 美国, ISP: CloudFlare Inc., Date: None, Delay: 0.1 ms, Speed: inf M/s, Resolution: 1920x1080
Name: 江西卫视, URL: https://stream1.freetv.fun/03e92c342eaf1f24d2cea4109b50f4a7835263aab2f5ca2fb5d9ed4b96652b5b.m3u8, From: subscribe, IPv_Type: ipv6, Location: 美国, ISP: CloudFlare Inc., Date: None, Delay: 0.1 ms, Speed: inf M/s, Resolution: 1920x1080
Name: 江西卫视, URL: https://stream1.freetv.fun/febb2a64cc534882472d10a492fdfb288f577809566473c7b147755f959f63ea.m3u8, From: subscribe, IPv_Type: ipv6, Location: 美国, ISP: CloudFlare Inc., Date: None, Delay: 0.1 ms, Speed: inf M/s, Resolution: 1920x1080
Name: 江西卫视, URL: https://stream1.freetv.fun/2ed85dd9aeacf49efc6c00644457e810fb8fa62de4b164739e262d96dc5aa519.m3u8, From: subscribe, IPv_Type: ipv6, Location: 美国, ISP: CloudFlare Inc., Date: None, Delay: 0.1 ms, Speed: inf M/s, Resolution: 1920x1080
Name: 江西卫视, URL: http://hwrr.jx.chinamobile.com:8080/PLTV/88888888/224/3221225492/index.m3u8?fmt=ts2hls, From: subscribe, IPv_Type: ipv6, Location: 中国, ISP: 中国移动, Date: None, Delay: 0.1 ms, Speed: inf M/s, Resolution: 1920x1080
Name: 江西卫视, URL: http://[2409:8087:2001:20:2800:0:df6e:eb17]:80/ott.mobaibox.com/PLTV/4/224/3221228109/index.m3u8, From: subscribe, IPv_Type: ipv6, Location: 中国, ISP: 中国移动, Date: None, Delay: 0.1 ms, Speed: inf M/s, Resolution: 1920x1080
Name: 江西卫视, URL: http://[2409:8087:3428:20:500::100f]:6610/PLTV/88888888/224/3221227209/index.m3u8?servicetype=1&IASHttpSessionId=RR423820220409134714119178, From: subscribe, IPv_Type: ipv6, Location: 中国, ISP: 中国移动, Date: None, Delay: 0.1 ms, Speed: inf M/s, Resolution: 1920x1080
Name: 江西卫视, URL: http://[2409:8087:3428:20:500::1009]:6610/PLTV/88888888/224/3221227209/index.m3u8?servicetype=1&IASHttpSessionId=RR423820220409134714119178, From: subscribe, IPv_Type: ipv6, Location: 中国, ISP: 中国移动, Date: None, Delay: 0.1 ms, Speed: inf M/s, Resolution: 1920x1080
Name: 江西卫视, URL: http://[2409:8087:2001:20:2800:0:df6e:eb04]:80/wh7f454c46tw2054416167_-1997643209/ott.mobaibox.com/PLTV/3/224/3221225536/index.m3u8?icpid=3&RTS=1674386464&from=40&popid=40&hms_devid=2041&prioritypopid=40&vqe=3, From: subscribe, IPv_Type: ipv6, Location: 中国, ISP: 中国移动, Date: None, Delay: 0.1 ms, Speed: inf M/s, Resolution: 1920x1080
Name: 江西卫视, URL: http://[2409:8087:2001:20:2800:0:df6e:eb0c]:80/wh7f454c46tw1751397903_-1568649182/ott.mobaibox.com/PLTV/3/224/3221227738/index.m3u8?icpid=3&RTS=1674386161&from=40&popid=40&hms_devid=2040&prioritypopid=40&vqe=3, From: subscribe, IPv_Type: ipv6, Location: 中国, ISP: 中国移动, Date: None, Delay: 0.1 ms, Speed: inf M/s, Resolution: 1920x1080
Name: 江西卫视, URL: http://[2409:8087:4c0a:22:1::11]:6410/170000001115/UmaiCHAN3468921BESTVSMGSMG/index.m3u8?m3u8_level=2, From: subscribe, IPv_Type: ipv6, Location: 中国, ISP: 中国移动, Date: None, Delay: 0.1 ms, Speed: inf M/s, Resolution: 1920x1080
Name: 江西卫视, URL: http://[2409:8087:5e01:34::38]:6610/ZTE_CMS/00000001000000060000000000000522/index.m3u8, From: subscribe, IPv_Type: ipv6, Location: 中国, ISP: 中国移动, Date: None, Delay: 0.1 ms, Speed: inf M/s, Resolution: 1920x1080
Name: 江西卫视, URL: http://[2409:8087:5e01:34::20]:6610/ZTE_CMS/00000001000000060000000000000522/index.m3u8?IAS, From: subscribe, IPv_Type: ipv6, Location: 中国, ISP: 中国移动, Date: None, Delay: 0.1 ms, Speed: inf M/s, Resolution: 1920x1080
Name: 江西卫视, URL: http://[2409:8087:5e01:34::22]:6610/ZTE_CMS/00000001000000060000000000000522/index.m3u8?IAS, From: subscribe, IPv_Type: ipv6, Location: 中国, ISP: 中国移动, Date: None, Delay: 0.1 ms, Speed: inf M/s, Resolution: 1920x1080
Name: 江西卫视, URL: http://[2409:8087:5e01:34::21]:6610/ZTE_CMS/00000001000000060000000000000522/index.m3u8?IAS, From: subscribe, IPv_Type: ipv6, Location: 中国, ISP: 中国移动, Date: None, Delay: 0.1 ms, Speed: inf M/s, Resolution: 1920x1080
Name: 江西卫视, URL: http://[2409:8087:1a0b:df::4020]:80/ottrrs.hl.chinamobile.com/PLTV/88888888/224/3221226344/index.m3u8, From: subscribe, IPv_Type: ipv6, Location: 中国, ISP: 中国移动, Date: None, Delay: 0.1 ms, Speed: inf M/s, Resolution: 1920x1080
Name: 江西卫视, URL: http://[2409:8087:5e01:34::23]:6610/ZTE_CMS/00000001000000060000000000000522/index.m3u8?IAS, From: subscribe, IPv_Type: ipv6, Location: 中国, ISP: 中国移动, Date: None, Delay: 0.1 ms, Speed: inf M/s, Resolution: 1920x1080
Name: 江西卫视, URL: http://[2409:8087:1e03:21::2]:6060/cms001/ch00000090990000001034/index.m3u8, From: subscribe, IPv_Type: ipv6, Location: 中国, ISP: 中国移动, Date: None, Delay: 0.1 ms, Speed: inf M/s, Resolution: 1920x1080
Name: 江西卫视, URL: http://[2409:8087:3428:20:500::100f]:6610/PLTV/88888888/224/3221225834/index.m3u8?servicetype=1&IASHttpSessionId=RR423820220409134714119178, From: subscribe, IPv_Type: ipv6, Location: 中国, ISP: 中国移动, Date: None, Delay: 0.1 ms, Speed: inf M/s, Resolution: 1920x1080
Name: 江西卫视, URL: http://[2409:8087:3428:20:500::1009]:6610/PLTV/88888888/224/3221225834/index.m3u8?servicetype=1&IASHttpSessionId=RR423820220409134714119178, From: subscribe, IPv_Type: ipv6, Location: 中国, ISP: 中国移动, Date: None, Delay: 0.1 ms, Speed: inf M/s, Resolution: 1920x1080
Name: 江西卫视, URL: http://[2409:8087:1e03:21::42]:6610/cms001/ch00000090990000001034/index.m3u8, From: subscribe, IPv_Type: ipv6, Location: 中国, ISP: 中国移动, Date: None, Delay: 0.1 ms, Speed: inf M/s, Resolution: 1920x1080
Name: 江西卫视, URL: http://[2409:8087:74f0:22::4]:6610/270000001128/9900000525/index.m3u8, From: subscribe, IPv_Type: ipv6, Location: 中国, ISP: 中国移动, Date: None, Delay: 0.1 ms, Speed: inf M/s, Resolution: 1920x1080
Name: 江西卫视, URL: http://[2409:8087:1a01:df::7005]/ottrrs.hl.chinamobile.com/PLTV/88888888/224/3221226344/index.m3u8, From: subscribe, IPv_Type: ipv6, Location: 中国, ISP: 中国移动, Date: None, Delay: 0.1 ms, Speed: inf M/s, Resolution: 1920x1080
Name: 江西卫视, URL: http://[2409:8087:5e00:24::1e]:6060/200000001898/460000089800010060/1.m3u8, From: subscribe, IPv_Type: ipv6, Location: 中国, ISP: 中国移动, Date: None, Delay: 0.1 ms, Speed: inf M/s, Resolution: 1920x1080
Name: 江西卫视, URL: http://[2409:8087:3869:8021:1001::e5]:6610/PLTV/88888888/224/3221225705/2/index.m3u8, From: subscribe, IPv_Type: ipv6, Location: 中国, ISP: 中国移动, Date: None, Delay: -1 ms, Speed: 0.00 M/s, Resolution: None
Name: 江西卫视, URL: http://[2409:8087:3869:8021:1001::e5]:6610/PLTV/88888888/224/3221225492/2/index.m3u8, From: subscribe, IPv_Type: ipv6, Location: 中国, ISP: 中国移动, Date: None, Delay: -1 ms, Speed: 0.00 M/s, Resolution: None
Name: 江西卫视, URL: http://[2409:8087:3869:8021:1001::e5]:6610/PLTV/88888888/224/3221225746/2/index.m3u8, From: subscribe, IPv_Type: ipv6, Location: 中国, ISP: 中国移动, Date: None, Delay: -1 ms, Speed: 0.00 M/s, Resolution: None
Name: 江西卫视, URL: http://[2409:8087:8:21::18]:6610/otttv.bj.chinamobile.com/PLTV/88888888/224/3221226956/1.m3u8?GuardEncType=2&accountinfo=%7E%7EV2.0%7Ei6ZIpVizXlewg-YfGvH8dA%7EtP4-l0lmSfjwLWEfK_el1vH_mv-s1zo4AQJwdedaVwG9xkuFTDg8J26cwOrNJzn20BErrHdLhuZ9EzLUCD3PMW-OMx4MGteHV2vLeW6BqoY%2CEND, From: subscribe, IPv_Type: ipv6, Location: 中国, ISP: 中国移动, Date: None, Delay: -1 ms, Speed: 0.00 M/s, Resolution: None
Name: 江西卫视, URL: http://rrs01.hw.gmcc.net:8088/PLTV/81/224/3221226726/1.m3u8, From: subscribe, IPv_Type: ipv6, Location: 中国, ISP: 中国移动, Date: None, Delay: -1 ms, Speed: 0.00 M/s, Resolution: None
Name: 江西卫视, URL: https://migu.188766.xyz/?migutoken=ec5db662362dfc44c29d19ebabd3b6f7&id=%E6%B1%9F%E8%A5%BF%E5%8D%AB%E8%A7%86&pp=1, From: subscribe, IPv_Type: ipv6, Location: 美国, ISP: CloudFlare Inc., Date: None, Delay: -1 ms, Speed: 0.00 M/s, Resolution: None
Name: 江西卫视, URL: http://[2409:8087:1a15:10d1::34]/ottrrs.hl.chinamobile.com/PLTV/88888888/224/3221226344/index.m3u8, From: subscribe, IPv_Type: ipv6, Location: 中国, ISP: 中国移动, Date: None, Delay: -1 ms, Speed: 0.00 M/s, Resolution: None
Name: 江西卫视, URL: http://[2409:8087:5e08:25::16]:6610/200000001898/460000089800010060/1.m3u8, From: subscribe, IPv_Type: ipv6, Location: 中国, ISP: 中国移动, Date: None, Delay: -1 ms, Speed: 0.00 M/s, Resolution: None
Name: 江西卫视, URL: https://mursor.ottiptv.cc/mcp/jiangxi.m3u8, From: subscribe, IPv_Type: ipv6, Location: 美国, ISP: Oracle Corporation, Date: None, Delay: -1 ms, Speed: 0.00 M/s, Resolution: None
Name: 江西卫视, URL: http://gslbmgsplive.miguvideo.com/migu/kailu/jxwshd/51/20190820/index.m3u8?msisdn=2025091908013343328d07e29d4a75876f4f5b7a541404&mdspid=&spid=600633&netType=0&sid=5910021492&pid=2028597139&timestamp=20250919080133&Channel_ID=0116_2600000900-99000-201600010010027&ProgramID=783847495&ParentNodeID=-99&assertID=5910021492&client_ip=106.13.250.88&SecurityKey=20250919080133&promotionId=&mvid=5900004351&mcid=500020&playurlVersion=WX-A1-8.9.1-RELEASE&userid=&jmhm=&videocodec=h264&bean=mgspad&tid=android&conFee=0&puData=1600f51529bc5f3759574f879d97403b&ddCalcu=b136e0014037f095d1957289fb4c755f9357, From: subscribe, IPv_Type: ipv6, Location: 中国, ISP: 中国移动, Date: None, Delay: -1 ms, Speed: 0.00 M/s, Resolution: None
Name: 江西卫视, URL: https://cc06.tv12.xyz/62.m3u8, From: subscribe, IPv_Type: ipv6, Location: 美国, ISP: CloudFlare Inc., Date: None, Delay: -1 ms, Speed: 0.00 M/s, Resolution: None
Name: 江西卫视, URL: https://migu.188766.xyz/?migutoken=cb0cd26734a27714dcf2316b680e104c&id=%E6%B1%9F%E8%A5%BF%E5%8D%AB%E8%A7%86&type=yy, From: subscribe, IPv_Type: ipv6, Location: 美国, ISP: CloudFlare Inc., Date: None, Delay: -1 ms, Speed: 0.00 M/s, Resolution: None
Name: 江西卫视, URL: https://migu.188766.xyz/?migutoken=0671d836d2afe44ce2250816bba35322&id=%E6%B1%9F%E8%A5%BF%E5%8D%AB%E8%A7%86&type=yy, From: subscribe, IPv_Type: ipv6, Location: 美国, ISP: CloudFlare Inc., Date: None, Delay: -1 ms, Speed: 0.00 M/s, Resolution: None
Name: 辽宁卫视, URL: https://iptv.catvod.com/live.php?id=%E8%BE%BD%E5%AE%81%E5%8D%AB%E8%A7%86%E5%8F%B0, From: local, IPv_Type: ipv6, Location: 美国, ISP: CloudFlare Inc., Date: None, Delay: -1 ms, Speed: 0.00 M/s, Resolution: None
Name: 辽宁卫视, URL: https://iptv.catvod.com/live.php?id=%E8%BE%BD%E5%AE%81, From: local, IPv_Type: ipv6, Location: 美国, ISP: CloudFlare Inc., Date: None, Delay: -1 ms, Speed: 0.00 M/s, Resolution: None
Name: 辽宁卫视, URL: http://php.jdshipin.com/TVOD/hljyd.php?id=3221226546, From: subscribe, IPv_Type: ipv6, Location: 美国, ISP: CloudFlare Inc., Date: None, Delay: 0.1 ms, Speed: inf M/s, Resolution: 1920x1080
Name: 辽宁卫视, URL: http://z.b.bkpcp.top/m.php?id=lnws, From: subscribe, IPv_Type: ipv6, Location: 美国, ISP: CloudFlare Inc., Date: None, Delay: 0.1 ms, Speed: inf M/s, Resolution: 1920x1080
Name: 辽宁卫视, URL: http://j.x.bkpcp.top/jx/LIAONHD, From: subscribe, IPv_Type: ipv6, Location: 美国, ISP: CloudFlare Inc., Date: None, Delay: 0.1 ms, Speed: inf M/s, Resolution: 1920x1080
Name: 辽宁卫视, URL: http://iptv.huuc.edu.cn/hls/lnhd.m3u8, From: subscribe, IPv_Type: ipv6, Location: 中国, ISP: 教育网, Date: None, Delay: 0.1 ms, Speed: inf M/s, Resolution: 1920x1080
Name: 辽宁卫视, URL: http://dsj.motem.top:8880/bptv/10000100000000050000000003873468.m3u8, From: subscribe, IPv_Type: ipv6, Location: 美国, ISP: CloudFlare Inc., Date: None, Delay: 0.1 ms, Speed: inf M/s, Resolution: 1920x1080
Name: 辽宁卫视, URL: http://[2409:8087:1a0a:df::404b]/ottrrs.hl.chinamobile.com/TVOD/88888888/224/3221226546/index.m3u8, From: subscribe, IPv_Type: ipv6, Location: 中国, ISP: 中国移动, Date: None, Delay: 0.1 ms, Speed: inf M/s, Resolution: 1920x1080
Name: 辽宁卫视, URL: http://[2409:8087:1a01:df::4077]/ottrrs.hl.chinamobile.com/PLTV/88888888/8/3221226254/index.m3u8, From: subscribe, IPv_Type: ipv6, Location: 中国, ISP: 中国移动, Date: None, Delay: 0.1 ms, Speed: inf M/s, Resolution: 1920x1080
Name: 辽宁卫视, URL: http://[2409:8087:8:21::18]:6610/otttv.bj.chinamobile.com/PLTV/88888888/224/3221226327/1.m3u8, From: subscribe, IPv_Type: ipv6, Location: 中国, ISP: 中国移动, Date: None, Delay: 0.1 ms, Speed: inf M/s, Resolution: 1920x1080
Name: 辽宁卫视, URL: http://[2409:8087:8:21::18]:6610/otttv.bj.chinamobile.com/PLTV/88888888/224/3221226336/1.m3u8, From: subscribe, IPv_Type: ipv6, Location: 中国, ISP: 中国移动, Date: None, Delay: 0.1 ms, Speed: inf M/s, Resolution: 1920x1080
Name: 辽宁卫视, URL: http://[2409:8087:8:21::18]:6610/otttv.bj.chinamobile.com/PLTV/88888888/224/3221226488/1.m3u8, From: subscribe, IPv_Type: ipv6, Location: 中国, ISP: 中国移动, Date: None, Delay: 0.1 ms, Speed: inf M/s, Resolution: 1920x1080
Name: 辽宁卫视, URL: http://[2409:8087:8:21::18]:6610/otttv.bj.chinamobile.com/PLTV/88888888/224/3221226500/1.m3u8, From: subscribe, IPv_Type: ipv6, Location: 中国, ISP: 中国移动, Date: None, Delay: 0.1 ms, Speed: inf M/s, Resolution: 1920x1080
Name: 辽宁卫视, URL: http://[2409:8087:3428:20:500::100f]:6610/PLTV/88888888/224/3221227141/index.m3u8?servicetype=1&IASHttpSessionId=RR423820220409134714119178, From: subscribe, IPv_Type: ipv6, Location: 中国, ISP: 中国移动, Date: None, Delay: 0.1 ms, Speed: inf M/s, Resolution: 1920x1080
Name: 辽宁卫视, URL: http://[2409:8087:3428:20:500::1009]:6610/PLTV/88888888/224/3221227141/index.m3u8?servicetype=1&IASHttpSessionId=RR423820220409134714119178, From: subscribe, IPv_Type: ipv6, Location: 中国, ISP: 中国移动, Date: None, Delay: 0.1 ms, Speed: inf M/s, Resolution: 1920x1080
Name: 辽宁卫视, URL: http://[2409:8087:2001:20:2800:0:df6e:eb17]:80/ott.mobaibox.com/PLTV/4/224/3221227485/index.m3u8, From: subscribe, IPv_Type: ipv6, Location: 中国, ISP: 中国移动, Date: None, Delay: 0.1 ms, Speed: inf M/s, Resolution: 1920x1080
Name: 辽宁卫视, URL: http://goo.bkpcp.top/mg/lnws, From: subscribe, IPv_Type: ipv6, Location: 美国, ISP: CloudFlare Inc., Date: None, Delay: 0.1 ms, Speed: inf M/s, Resolution: 1920x1080
Name: 辽宁卫视, URL: http://yc.myds.me:35455/itv/5000000004000011671.m3u8?cdn=bestzb, From: subscribe, IPv_Type: ipv6, Location: 中国, ISP: 中国电信, Date: None, Delay: 0.1 ms, Speed: inf M/s, Resolution: 1920x1080
Name: 辽宁卫视, URL: http://nas.suntao.online:35455/itv/5000000004000011671.m3u8?cdn=bestzb, From: subscribe, IPv_Type: ipv6, Location: 中国, ISP: 中国联通, Date: None, Delay: 0.1 ms, Speed: inf M/s, Resolution: 1920x1080
Name: 辽宁卫视, URL: http://iptv.cdn.ha.chinamobile.com/PLTV/88888888/224/3221227236/index.m3u8, From: subscribe, IPv_Type: ipv6, Location: 中国, ISP: 中国移动, Date: None, Delay: 0.1 ms, Speed: inf M/s, Resolution: 1920x1080
Name: 辽宁卫视, URL: http://lu.wqwqwq.sbs/itv/1000000005000265022.m3u8?cdn=ystenlive, From: subscribe, IPv_Type: ipv6, Location: 美国, ISP: CloudFlare Inc., Date: None, Delay: 0.1 ms, Speed: inf M/s, Resolution: 1920x1080
Name: 辽宁卫视, URL: http://dbiptv.sn.chinamobile.com/PLTV/88888888/224/3221226201/1.m3u8, From: subscribe, IPv_Type: ipv6, Location: 中国, ISP: 中国移动, Date: None, Delay: 0.1 ms, Speed: inf M/s, Resolution: 1920x1080
Name: 辽宁卫视, URL: http://hwrr.jx.chinamobile.com:8080/PLTV/88888888/224/3221225601/index.m3u8?fmt=ts2hls, From: subscribe, IPv_Type: ipv6, Location: 中国, ISP: 中国移动, Date: None, Delay: 0.1 ms, Speed: inf M/s, Resolution: 1920x1080
Name: 辽宁卫视, URL: http://[2409:8087:3428:20:500::100f]:6610/PLTV/88888888/224/3221225832/index.m3u8?servicetype=1&IASHttpSessionId=RR423820220409134714119178, From: subscribe, IPv_Type: ipv6, Location: 中国, ISP: 中国移动, Date: None, Delay: 0.1 ms, Speed: inf M/s, Resolution: 1920x1080
Name: 辽宁卫视, URL: http://[2409:8087:3428:20:500::1009]:6610/PLTV/88888888/224/3221225832/index.m3u8?servicetype=1&IASHttpSessionId=RR423820220409134714119178, From: subscribe, IPv_Type: ipv6, Location: 中国, ISP: 中国移动, Date: None, Delay: 0.1 ms, Speed: inf M/s, Resolution: 1920x1080
Name: 辽宁卫视, URL: http://[2409:8087:2001:20:2800:0:df6e:eb0c]:80/wh7f454c46tw1932285680_928895632/ott.mobaibox.com/PLTV/3/224/3221227676/index.m3u8?icpid=3&RTS=1674386342&from=40&popid=40&hms_devid=2040&prioritypopid=40&vqe=3, From: subscribe, IPv_Type: ipv6, Location: 中国, ISP: 中国移动, Date: None, Delay: 0.1 ms, Speed: inf M/s, Resolution: 1920x1080
Name: 辽宁卫视, URL: http://[2409:8087:2001:20:2800:0:df6e:eb02]:80/wh7f454c46tw1932493433_-7314784/ott.mobaibox.com/PLTV/3/224/3221227700/index.m3u8?icpid=3&RTS=1674386342&from=40&popid=40&hms_devid=2039&prioritypopid=40&vqe=3, From: subscribe, IPv_Type: ipv6, Location: 中国, ISP: 中国移动, Date: None, Delay: 0.1 ms, Speed: inf M/s, Resolution: 1920x1080
Name: 辽宁卫视, URL: http://[2409:8087:2001:20:2800:0:df6e:eb10]:80/wh7f454c46tw514415942_-407592699/ott.mobaibox.com/PLTV/3/224/3221228162/index.m3u8?icpid=3&RTS=1674380629&from=40&popid=40&hms_devid=2110&prioritypopid=40&vqe=3, From: subscribe, IPv_Type: ipv6, Location: 中国, ISP: 中国移动, Date: None, Delay: 0.1 ms, Speed: inf M/s, Resolution: 1920x1080
Name: 辽宁卫视, URL: http://[2409:8087:1e03:21::42]:6610/cms001/ch00000090990000001035/index.m3u8, From: subscribe, IPv_Type: ipv6, Location: 中国, ISP: 中国移动, Date: None, Delay: 0.1 ms, Speed: inf M/s, Resolution: 1920x1080
Name: 辽宁卫视, URL: http://[2409:8087:4c0a:22:1::11]:6410/170000001115/UmaiCHAN3450001BESTVSMGSMG/index.m3u8?m3u8_level=2, From: subscribe, IPv_Type: ipv6, Location: 中国, ISP: 中国移动, Date: None, Delay: 0.1 ms, Speed: inf M/s, Resolution: 1920x1080
Name: 辽宁卫视, URL: http://[2409:8087:5e01:34::38]:6610/ZTE_CMS/00000001000000060000000000000367/index.m3u8, From: subscribe, IPv_Type: ipv6, Location: 中国, ISP: 中国移动, Date: None, Delay: 0.1 ms, Speed: inf M/s, Resolution: 1920x1080
Name: 辽宁卫视, URL: http://[2409:8087:5e00:24::1e]:6060/200000001898/460000089800010061/1.m3u8, From: subscribe, IPv_Type: ipv6, Location: 中国, ISP: 中国移动, Date: None, Delay: 0.1 ms, Speed: inf M/s, Resolution: 1920x1080
Name: 辽宁卫视, URL: http://[2409:8087:5e01:34::22]:6610/ZTE_CMS/00000001000000060000000000000367/index.m3u8?IAS, From: subscribe, IPv_Type: ipv6, Location: 中国, ISP: 中国移动, Date: None, Delay: 0.1 ms, Speed: inf M/s, Resolution: 1920x1080
Name: 辽宁卫视, URL: http://[2409:8087:5e01:34::21]:6610/ZTE_CMS/00000001000000060000000000000367/index.m3u8?IAS, From: subscribe, IPv_Type: ipv6, Location: 中国, ISP: 中国移动, Date: None, Delay: 0.1 ms, Speed: inf M/s, Resolution: 1920x1080
Name: 辽宁卫视, URL: http://[2409:8087:5e01:34::20]:6610/ZTE_CMS/00000001000000060000000000000367/index.m3u8?IAS, From: subscribe, IPv_Type: ipv6, Location: 中国, ISP: 中国移动, Date: None, Delay: 0.1 ms, Speed: inf M/s, Resolution: 1920x1080
Name: 辽宁卫视, URL: http://[2409:8087:5e01:34::23]:6610/ZTE_CMS/00000001000000060000000000000367/index.m3u8?IAS, From: subscribe, IPv_Type: ipv6, Location: 中国, ISP: 中国移动, Date: None, Delay: 0.1 ms, Speed: inf M/s, Resolution: 1920x1080
Name: 辽宁卫视, URL: https://stream1.freetv.fun/liao-zhu-wei-shi-44.m3u8, From: subscribe, IPv_Type: ipv6, Location: 美国, ISP: CloudFlare Inc., Date: None, Delay: 0.1 ms, Speed: inf M/s, Resolution: 1920x1080
Name: 辽宁卫视, URL: http://[2409:8087:2001:20:2800:0:df6e:eb16]/wh7f454c46tw3102310989_-1844874138/ott.mobaibox.com/PLTV/3/224/3221227485/index.m3u8?icpid=3&RTS=1668597896&from=40&popid=40&hms_devid=2114&prioritypopid=40&vqe=3, From: subscribe, IPv_Type: ipv6, Location: 中国, ISP: 中国移动, Date: None, Delay: 0.1 ms, Speed: inf M/s, Resolution: 1920x1080
Name: 辽宁卫视, URL: https://live.v1.mk/api/bestv.php?id=lnwshd8m/8000000, From: subscribe, IPv_Type: ipv6, Location: 美国, ISP: CloudFlare Inc., Date: None, Delay: 0.1 ms, Speed: inf M/s, Resolution: 1920x1080
Name: 辽宁卫视, URL: http://[2409:8087:74f0:22::7]:6410/270000001128/9900000526/index.m3u8, From: subscribe, IPv_Type: ipv6, Location: 中国, ISP: 中国移动, Date: None, Delay: 0.1 ms, Speed: inf M/s, Resolution: 1920x1080
Name: 辽宁卫视, URL: http://[2409:8087:1a01:df::7005]/ottrrs.hl.chinamobile.com/PLTV/88888888/224/3221226546/index.m3u8, From: subscribe, IPv_Type: ipv6, Location: 中国, ISP: 中国移动, Date: None, Delay: 0.1 ms, Speed: inf M/s, Resolution: 1920x1080
Name: 辽宁卫视, URL: http://[2409:8087:3869:8021:1001::e5]:6610/PLTV/88888888/224/3221225726/2/index.m3u8, From: subscribe, IPv_Type: ipv6, Location: 中国, ISP: 中国移动, Date: None, Delay: -1 ms, Speed: 0.00 M/s, Resolution: None
Name: 辽宁卫视, URL: http://[2409:8087:3869:8021:1001::e5]:6610/PLTV/88888888/224/3221225696/2/index.m3u8, From: subscribe, IPv_Type: ipv6, Location: 中国, ISP: 中国移动, Date: None, Delay: -1 ms, Speed: 0.00 M/s, Resolution: None
Name: 辽宁卫视, URL: http://[2409:8087:3869:8021:1001::e5]:6610/PLTV/88888888/224/3221225735/2/index.m3u8, From: subscribe, IPv_Type: ipv6, Location: 中国, ISP: 中国移动, Date: None, Delay: -1 ms, Speed: 0.00 M/s, Resolution: None
Name: 辽宁卫视, URL: http://[2409:8087:8:21::18]:6610/otttv.bj.chinamobile.com/PLTV/88888888/224/3221226966/1.m3u8?GuardEncType=2&accountinfo=%7E%7EV2.0%7E6qJH8Fd-zgCGx3P-Ce86cA%7EtP4-l0lmSfjwLWEfK_el1vH_mv-s1zo4AQJwdedaVwG9xkuFTDg8J26cwOrNJzn20BErrHdLhuZ9EzLUCD3PMW-OMx4MGteHV2vLeW6BqoY%2CEND, From: subscribe, IPv_Type: ipv6, Location: 中国, ISP: 中国移动, Date: None, Delay: -1 ms, Speed: 0.00 M/s, Resolution: None
Name: 辽宁卫视, URL: http://[2409:8087:3869:8021:1001::e5]:6610/PLTV/88888888/224/3221225601/2/index.m3u8, From: subscribe, IPv_Type: ipv6, Location: 中国, ISP: 中国移动, Date: None, Delay: -1 ms, Speed: 0.00 M/s, Resolution: None
Name: 辽宁卫视, URL: http://rrs01.hw.gmcc.net:8088/PLTV/81/224/3221226689/1.m3u8, From: subscribe, IPv_Type: ipv6, Location: 中国, ISP: 中国移动, Date: None, Delay: -1 ms, Speed: 0.00 M/s, Resolution: None
Name: 辽宁卫视, URL: http://[2409:8087:1a15:10d1::37]/ottrrs.hl.chinamobile.com/PLTV/88888888/224/3221226546/index.m3u8, From: subscribe, IPv_Type: ipv6, Location: 中国, ISP: 中国移动, Date: None, Delay: -1 ms, Speed: 0.00 M/s, Resolution: None
Name: 辽宁卫视, URL: http://[2409:8087:5e08:25::16]:6610/200000001898/460000089800010061/1.m3u8, From: subscribe, IPv_Type: ipv6, Location: 中国, ISP: 中国移动, Date: None, Delay: -1 ms, Speed: 0.00 M/s, Resolution: None
Name: 辽宁卫视, URL: https://mursor.ottiptv.cc/mcp/liaoning.m3u8, From: subscribe, IPv_Type: ipv6, Location: 美国, ISP: Oracle Corporation, Date: None, Delay: -1 ms, Speed: 0.00 M/s, Resolution: None
Name: 辽宁卫视, URL: https://migu.188766.xyz/?migutoken=6319f09852272c2349c552350caae979&id=lnws&type=sz, From: subscribe, IPv_Type: ipv6, Location: 美国, ISP: CloudFlare Inc., Date: None, Delay: -1 ms, Speed: 0.00 M/s, Resolution: None
Name: 辽宁卫视, URL: http://gslbmgsplive.miguvideo.com/wd_r2/2018/ocn/liaoningwshd/2000/index.m3u8?msisdn=2025092308012024c4f58493f2464c83f44404e9d67415&mdspid=&spid=600572&netType=0&sid=5910022198&pid=2028597139&timestamp=20250923080120&Channel_ID=0116_2600000900-99000-201600010010027&ProgramID=630291707&ParentNodeID=-99&assertID=5910022198&client_ip=106.13.250.83&SecurityKey=20250923080120&promotionId=&mvid=5101043014&mcid=500020&playurlVersion=WX-A1-8.9.1-RELEASE&userid=&jmhm=&videocodec=h264&bean=mgspad&tid=android&conFee=0&puData=c858accec222a1f7e25735f3ea164172&ddCalcu=2c78e1524806a01cacee3cf252327a512fe7, From: subscribe, IPv_Type: ipv6, Location: 中国, ISP: 中国移动, Date: None, Delay: -1 ms, Speed: 0.00 M/s, Resolution: None
Name: 辽宁卫视, URL: https://cc06.tv12.xyz/70.m3u8, From: subscribe, IPv_Type: ipv6, Location: 美国, ISP: CloudFlare Inc., Date: None, Delay: -1 ms, Speed: 0.00 M/s, Resolution: None
Name: 辽宁卫视, URL: https://migu.188766.xyz/?migutoken=10de0ee62886e18171dbecb02ec62580&id=%E8%BE%BD%E5%AE%81%E5%8D%AB%E8%A7%86&type=yy, From: subscribe, IPv_Type: ipv6, Location: 美国, ISP: CloudFlare Inc., Date: None, Delay: -1 ms, Speed: 0.00 M/s, Resolution: None
Name: 内蒙古卫视, URL: https://iptv.catvod.com/live.php?id=%E5%86%85%E8%92%99%E5%8F%A4%E5%8D%AB%E8%A7%86%E5%8F%B0, From: local, IPv_Type: ipv6, Location: 美国, ISP: CloudFlare Inc., Date: None, Delay: -1 ms, Speed: 0.00 M/s, Resolution: None
Name: 内蒙古卫视, URL: https://iptv.catvod.com/live.php?id=%E5%86%85%E8%92%99%E5%8F%A4, From: local, IPv_Type: ipv6, Location: 美国, ISP: CloudFlare Inc., Date: None, Delay: -1 ms, Speed: 0.00 M/s, Resolution: None
Name: 内蒙古卫视, URL: http://php.jdshipin.com/TVOD/hljyd.php?id=3221225634, From: subscribe, IPv_Type: ipv6, Location: 美国, ISP: CloudFlare Inc., Date: None, Delay: 0.1 ms, Speed: inf M/s, Resolution: 1920x1080
Name: 内蒙古卫视, URL: http://z.b.bkpcp.top/m.php?id=nmws, From: subscribe, IPv_Type: ipv6, Location: 美国, ISP: CloudFlare Inc., Date: None, Delay: 0.1 ms, Speed: inf M/s, Resolution: 1920x1080
Name: 内蒙古卫视, URL: http://j.x.bkpcp.top/jx/NMGWS, From: subscribe, IPv_Type: ipv6, Location: 美国, ISP: CloudFlare Inc., Date: None, Delay: 0.1 ms, Speed: inf M/s, Resolution: 1920x1080
Name: 内蒙古卫视, URL: https://ali-m-l.cztv.com/channels/lantian/channel007/1080p.m3u8, From: subscribe, IPv_Type: ipv6, Location: 中国-广西-防城港, ISP: 电信, Date: None, Delay: 0.1 ms, Speed: inf M/s, Resolution: 1920x1080
Name: 内蒙古卫视, URL: http://goo.bkpcp.top/mg/nmws, From: subscribe, IPv_Type: ipv6, Location: 美国, ISP: CloudFlare Inc., Date: None, Delay: 0.1 ms, Speed: inf M/s, Resolution: 1920x1080
Name: 内蒙古卫视, URL: http://ottrrs.hl.chinamobile.com/PLTV/88888888/224/3221225634/index.m3u8, From: subscribe, IPv_Type: ipv6, Location: 中国, ISP: 中国移动, Date: None, Delay: 0.1 ms, Speed: inf M/s, Resolution: 1920x1080
Name: 内蒙古卫视, URL: http://dsj.motem.top:8880/bptv/10000100000000050000000003887427.m3u8, From: subscribe, IPv_Type: ipv6, Location: 美国, ISP: CloudFlare Inc., Date: None, Delay: 0.1 ms, Speed: inf M/s, Resolution: 1920x1080
Name: 内蒙古卫视, URL: http://[2409:8087:1a01:df::401a]:80/wh7f454c46tw3029083262_-802204014/ottrrs.hl.chinamobile.com/PLTV/88888888/224/3221225634/index.m3u8?icpid=88888888&RTS=1713969858&from=4&hms_devid=128&prioritypopid=4&online=1713969858&vqe=3, From: subscribe, IPv_Type: ipv6, Location: 中国, ISP: 中国移动, Date: None, Delay: 0.1 ms, Speed: inf M/s, Resolution: 1920x1080
Name: 内蒙古卫视, URL: http://[2409:8087:1a01:df::7005]:80/ottrrs.hl.chinamobile.com/PLTV/88888888/224/3221225634/index.m3u8, From: subscribe, IPv_Type: ipv6, Location: 中国, ISP: 中国移动, Date: None, Delay: 0.1 ms, Speed: inf M/s, Resolution: 1920x1080
Name: 内蒙古卫视, URL: http://[2409:8087:1a01:df::4077]/ottrrs.hl.chinamobile.com/PLTV/88888888/8/3221226389/index.m3u8, From: subscribe, IPv_Type: ipv6, Location: 中国, ISP: 中国移动, Date: None, Delay: 0.1 ms, Speed: inf M/s, Resolution: 1920x1080
Name: 内蒙古卫视, URL: http://[2409:8087:8:21::18]:6610/otttv.bj.chinamobile.com/PLTV/88888888/224/3221226530/1.m3u8, From: subscribe, IPv_Type: ipv6, Location: 中国, ISP: 中国移动, Date: None, Delay: 0.1 ms, Speed: inf M/s, Resolution: 1920x1080
Name: 内蒙古卫视, URL: http://[2409:8087:8:21::18]:6610/otttv.bj.chinamobile.com/PLTV/88888888/224/3221226919/1.m3u8, From: subscribe, IPv_Type: ipv6, Location: 中国, ISP: 中国移动, Date: None, Delay: 0.1 ms, Speed: inf M/s, Resolution: 1920x1080
Name: 内蒙古卫视, URL: http://[2409:8087:1e03:21::2]:6060/cms001/ch00000090990000001068/index.m3u8, From: subscribe, IPv_Type: ipv6, Location: 中国, ISP: 中国移动, Date: None, Delay: 0.1 ms, Speed: inf M/s, Resolution: 1920x1080
Name: 内蒙古卫视, URL: http://[2409:8087:3428:20:500::100f]:6610/PLTV/88888888/224/3221227244/index.m3u8?servicetype=1&IASHttpSessionId=RR423820220409134714119178, From: subscribe, IPv_Type: ipv6, Location: 中国, ISP: 中国移动, Date: None, Delay: 0.1 ms, Speed: inf M/s, Resolution: 1920x1080
Name: 内蒙古卫视, URL: http://[2409:8087:3428:20:500::1009]:6610/PLTV/88888888/224/3221227244/index.m3u8?servicetype=1&IASHttpSessionId=RR423820220409134714119178, From: subscribe, IPv_Type: ipv6, Location: 中国, ISP: 中国移动, Date: None, Delay: 0.1 ms, Speed: inf M/s, Resolution: 1920x1080
Name: 内蒙古卫视, URL: http://[2409:8087:2001:20:2800:0:df6e:eb19]:80/wh7f454c46tw2228825807_1324573507/ott.mobaibox.com/PLTV/3/224/3221227557/index.m3u8, From: subscribe, IPv_Type: ipv6, Location: 中国, ISP: 中国移动, Date: None, Delay: 0.1 ms, Speed: inf M/s, Resolution: 1920x1080
Name: 内蒙古卫视, URL: http://[2409:8087:3428:20:500::100f]:6610/PLTV/88888888/224/3221225846/index.m3u8?servicetype=1&IASHttpSessionId=RR423820220409134714119178, From: subscribe, IPv_Type: ipv6, Location: 中国, ISP: 中国移动, Date: None, Delay: 0.1 ms, Speed: inf M/s, Resolution: 1920x1080
Name: 内蒙古卫视, URL: https://stream1.freetv.fun/3b0b850483e1ae63e74c17427d2269d7e47b36a1293d8236d90150c5a14ac1fb.ctv, From: subscribe, IPv_Type: ipv6, Location: 美国, ISP: CloudFlare Inc., Date: None, Delay: 0.1 ms, Speed: inf M/s, Resolution: 1920x1080
Name: 内蒙古卫视, URL: https://stream1.freetv.fun/2d0a9a41eb193459a68f884fa23e6f7eae8dca1eb7099d92baaa3d3dea420fd3.ctv, From: subscribe, IPv_Type: ipv6, Location: 美国, ISP: CloudFlare Inc., Date: None, Delay: 0.1 ms, Speed: inf M/s, Resolution: 1920x1080
Name: 内蒙古卫视, URL: https://stream1.freetv.fun/263e5a5eb28d709848af0b6e283422b92c4de866d01f1ccaebd57b2358f24c18.ctv, From: subscribe, IPv_Type: ipv6, Location: 美国, ISP: CloudFlare Inc., Date: None, Delay: 0.1 ms, Speed: inf M/s, Resolution: 1920x1080
Name: 内蒙古卫视, URL: http://[2409:8087:3428:20:500::1009]:6610/PLTV/88888888/224/3221225846/index.m3u8?servicetype=1&IASHttpSessionId=RR423820220409134714119178, From: subscribe, IPv_Type: ipv6, Location: 中国, ISP: 中国移动, Date: None, Delay: 0.1 ms, Speed: inf M/s, Resolution: 1920x1080
Name: 内蒙古卫视, URL: http://[2409:8087:3869:8021:1001::e5]:6610/PLTV/88888888/224/3221225601/2/index.m3u8, From: subscribe, IPv_Type: ipv6, Location: 中国, ISP: 中国移动, Date: None, Delay: -1 ms, Speed: 0.00 M/s, Resolution: None
Name: 内蒙古卫视, URL: http://[2409:8087:8:21::18]:6610/otttv.bj.chinamobile.com/PLTV/88888888/224/3221227018/1.m3u8?GuardEncType=2&accountinfo=%7E%7EV2.0%7ErN_hoRDwApMKnJqiNHvn9w%7EtP4-l0lmSfjwLWEfK_el1vH_mv-s1zo4AQJwdedaVwG9xkuFTDg8J26cwOrNJzn20BErrHdLhuZ9EzLUCD3PMW-OMx4MGteHV2vLeW6BqoY%2CEND, From: subscribe, IPv_Type: ipv6, Location: 中国, ISP: 中国移动, Date: None, Delay: -1 ms, Speed: 0.00 M/s, Resolution: None
Name: 内蒙古卫视, URL: http://rrs01.hw.gmcc.net:8088/PLTV/81/224/3221226685/1.m3u8, From: subscribe, IPv_Type: ipv6, Location: 中国, ISP: 中国移动, Date: None, Delay: -1 ms, Speed: 0.00 M/s, Resolution: None
Name: 内蒙古卫视, URL: http://[2409:8087:1a15:10d1::35]/ottrrs.hl.chinamobile.com/PLTV/88888888/224/3221226389/index.m3u8, From: subscribe, IPv_Type: ipv6, Location: 中国, ISP: 中国移动, Date: None, Delay: -1 ms, Speed: 0.00 M/s, Resolution: None
Name: 内蒙古卫视, URL: http://[2409:8087:5e08:25::16]:6610/200000001898/460000089800010109/1.m3u8, From: subscribe, IPv_Type: ipv6, Location: 中国, ISP: 中国移动, Date: None, Delay: -1 ms, Speed: 0.00 M/s, Resolution: None
Name: 内蒙古卫视, URL: https://mursor.ottiptv.cc/mcp/neimenggu.m3u8, From: subscribe, IPv_Type: ipv6, Location: 美国, ISP: Oracle Corporation, Date: None, Delay: -1 ms, Speed: 0.00 M/s, Resolution: None
Name: 内蒙古卫视, URL: https://migu.188766.xyz/?migutoken=657d4dd9d33a18358a91bc071128a7da&id=nmws_hd&type=yy, From: subscribe, IPv_Type: ipv6, Location: 美国, ISP: CloudFlare Inc., Date: None, Delay: -1 ms, Speed: 0.00 M/s, Resolution: None
Name: 内蒙古卫视, URL: https://cc06.tv12.xyz/94.m3u8, From: subscribe, IPv_Type: ipv6, Location: 美国, ISP: CloudFlare Inc., Date: None, Delay: -1 ms, Speed: 0.00 M/s, Resolution: None
Name: 内蒙古卫视, URL: https://migu.188766.xyz/?migutoken=364ae73d70c556cb8cbd28dce98b0eaa&id=%E5%86%85%E8%92%99%E5%8F%A4%E5%8D%AB%E8%A7%86&pp=1, From: subscribe, IPv_Type: ipv6, Location: 美国, ISP: CloudFlare Inc., Date: None, Delay: -1 ms, Speed: 0.00 M/s, Resolution: None
Name: 内蒙古卫视, URL: https://migu.188766.xyz/?migutoken=804b352c287b5ae36a9836c9c47ee01d&id=%E5%86%85%E8%92%99%E5%8F%A4%E5%8D%AB%E8%A7%86&pp=1, From: subscribe, IPv_Type: ipv6, Location: 美国, ISP: CloudFlare Inc., Date: None, Delay: -1 ms, Speed: 0.00 M/s, Resolution: None
Name: 宁夏卫视, URL: http://php.jdshipin.com/TVOD/hnyd.php?id=200000001898/460000089800010110, From: subscribe, IPv_Type: ipv6, Location: 美国, ISP: CloudFlare Inc., Date: None, Delay: 0.1 ms, Speed: inf M/s, Resolution: 1920x1080
Name: 宁夏卫视, URL: http://z.b.bkpcp.top/m.php?id=nxws, From: subscribe, IPv_Type: ipv6, Location: 美国, ISP: CloudFlare Inc., Date: None, Delay: 0.1 ms, Speed: inf M/s, Resolution: 1920x1080
Name: 宁夏卫视, URL: http://j.x.bkpcp.top/jx/NXWS, From: subscribe, IPv_Type: ipv6, Location: 美国, ISP: CloudFlare Inc., Date: None, Delay: 0.1 ms, Speed: inf M/s, Resolution: 1920x1080
Name: 宁夏卫视, URL: http://goo.bkpcp.top/mg/nxws, From: subscribe, IPv_Type: ipv6, Location: 美国, ISP: CloudFlare Inc., Date: None, Delay: 0.1 ms, Speed: inf M/s, Resolution: 1920x1080
Name: 宁夏卫视, URL: http://[2409:8087:1a01:df::4077]:80/ottrrs.hl.chinamobile.com/TVOD/88888888/8/3221226454/index.m3u8, From: subscribe, IPv_Type: ipv6, Location: 中国, ISP: 中国移动, Date: None, Delay: 0.1 ms, Speed: inf M/s, Resolution: 1920x1080
Name: 宁夏卫视, URL: http://dsj.motem.top:8880/bptv/10000100000000050000000003887433.m3u8, From: subscribe, IPv_Type: ipv6, Location: 美国, ISP: CloudFlare Inc., Date: None, Delay: 0.1 ms, Speed: inf M/s, Resolution: 1920x1080
Name: 宁夏卫视, URL: http://[2409:8087:1a0a:df::404b]/ottrrs.hl.chinamobile.com/TVOD/88888888/8/3221226454/index.m3u8, From: subscribe, IPv_Type: ipv6, Location: 中国, ISP: 中国移动, Date: None, Delay: 0.1 ms, Speed: inf M/s, Resolution: 1920x1080
Name: 宁夏卫视, URL: http://[2409:8087:1e03:21::2]:6060/cms001/ch00000090990000001074/index.m3u8, From: subscribe, IPv_Type: ipv6, Location: 中国, ISP: 中国移动, Date: None, Delay: 0.1 ms, Speed: inf M/s, Resolution: 1920x1080
Name: 宁夏卫视, URL: http://[2409:8087:3428:20:500::100f]:6610/PLTV/88888888/224/3221227254/index.m3u8?servicetype=1&IASHttpSessionId=RR423820220409134714119178, From: subscribe, IPv_Type: ipv6, Location: 中国, ISP: 中国移动, Date: None, Delay: 0.1 ms, Speed: inf M/s, Resolution: 1920x1080
Name: 宁夏卫视, URL: http://[2409:8087:1a01:df::4077]:80/ottrrs.hl.chinamobile.com/PLTV/88888888/8/3221226454/index.m3u8, From: subscribe, IPv_Type: ipv6, Location: 中国, ISP: 中国移动, Date: None, Delay: 0.1 ms, Speed: inf M/s, Resolution: 1920x1080
Name: 宁夏卫视, URL: http://[2409:8087:8:21::18]:6610/otttv.bj.chinamobile.com/PLTV/88888888/224/3221226528/1.m3u8, From: subscribe, IPv_Type: ipv6, Location: 中国, ISP: 中国移动, Date: None, Delay: 0.1 ms, Speed: inf M/s, Resolution: 1920x1080
Name: 宁夏卫视, URL: http://[2409:8087:8:21::18]:6610/otttv.bj.chinamobile.com/PLTV/88888888/224/3221226921/1.m3u8, From: subscribe, IPv_Type: ipv6, Location: 中国, ISP: 中国移动, Date: None, Delay: 0.1 ms, Speed: inf M/s, Resolution: 1920x1080
Name: 宁夏卫视, URL: http://[2409:8087:1:20:20::26]/otttv.bj.chinamobile.com/PLTV/88888888/224/3221227020/1.m3u8?GuardEncType=2&accountinfo=%7E%7EV2.0%7Err-CLugPnTcUinEM8JeySg%7EtP4-l0lmSfjwLWEfK_el1vH_mv-s1zo4AQJwdedaVwG9xkuFTDg8J26cwOrNJzn20BErrHdLhuZ9EzLUCD3PMW-OMx4MGteHV2vLeW6BqoY%2CEND, From: subscribe, IPv_Type: ipv6, Location: 中国, ISP: 中国移动, Date: None, Delay: 0.1 ms, Speed: inf M/s, Resolution: 1920x1080
Name: 宁夏卫视, URL: http://[2409:8087:3428:20:500::1009]:6610/PLTV/88888888/224/3221227254/index.m3u8?servicetype=1&IASHttpSessionId=RR423820220409134714119178, From: subscribe, IPv_Type: ipv6, Location: 中国, ISP: 中国移动, Date: None, Delay: 0.1 ms, Speed: inf M/s, Resolution: 1920x1080
Name: 宁夏卫视, URL: http://tvh.990066.xyz/stream/channelid/663195650?profile=pass, From: subscribe, IPv_Type: ipv6, Location: 美国, ISP: CloudFlare Inc., Date: None, Delay: 0.1 ms, Speed: inf M/s, Resolution: 1920x1080
Name: 宁夏卫视, URL: http://[2409:8087:3428:20:500::100f]:6610/PLTV/88888888/224/3221225849/index.m3u8?servicetype=1&IASHttpSessionId=RR423820220409134714119178, From: subscribe, IPv_Type: ipv6, Location: 中国, ISP: 中国移动, Date: None, Delay: 0.1 ms, Speed: inf M/s, Resolution: 1920x1080
Name: 宁夏卫视, URL: http://[2409:8087:3428:20:500::1009]:6610/PLTV/88888888/224/3221225849/index.m3u8?servicetype=1&IASHttpSessionId=RR423820220409134714119178, From: subscribe, IPv_Type: ipv6, Location: 中国, ISP: 中国移动, Date: None, Delay: 0.1 ms, Speed: inf M/s, Resolution: 1920x1080
Name: 宁夏卫视, URL: http://[2409:8087:5e01:34::22]:6610/ZTE_CMS/00000001000000060000000000000309/index.m3u8, From: subscribe, IPv_Type: ipv6, Location: 中国, ISP: 中国移动, Date: None, Delay: 0.1 ms, Speed: inf M/s, Resolution: 1920x1080
Name: 宁夏卫视, URL: https://stream1.freetv.fun/zhu-xia-wei-shi-75.m3u8, From: subscribe, IPv_Type: ipv6, Location: 美国, ISP: CloudFlare Inc., Date: None, Delay: 0.1 ms, Speed: inf M/s, Resolution: 1920x1080
Name: 宁夏卫视, URL: http://[2409:8087:1a01:df::7005]:80/ottrrs.hl.chinamobile.com/PLTV/88888888/224/3221225632/index.m3u8, From: subscribe, IPv_Type: ipv6, Location: 中国, ISP: 中国移动, Date: None, Delay: 0.1 ms, Speed: inf M/s, Resolution: 1920x1080
Name: 宁夏卫视, URL: http://[2409:8087:8:21::18]:6610/otttv.bj.chinamobile.com/PLTV/88888888/224/3221227003/1.m3u8?GuardEncType=2&accountinfo=%7E%7EV2.0%7ESco1zinvdUYzleEkXYhIvA%7EtP4-l0lmSfjwLWEfK_el1vH_mv-s1zo4AQJwdedaVwG9xkuFTDg8J26cwOrNJzn20BErrHdLhuZ9EzLUCD3PMW-OMx4MGteHV2vLeW6BqoY%2CEND, From: subscribe, IPv_Type: ipv6, Location: 中国, ISP: 中国移动, Date: None, Delay: -1 ms, Speed: 0.00 M/s, Resolution: None
Name: 宁夏卫视, URL: http://[2409:8087:3869:8021:1001::e5]:6610/PLTV/88888888/224/3221225726/2/index.m3u8, From: subscribe, IPv_Type: ipv6, Location: 中国, ISP: 中国移动, Date: None, Delay: -1 ms, Speed: 0.00 M/s, Resolution: None
Name: 宁夏卫视, URL: http://rrs01.hw.gmcc.net:8088/PLTV/81/224/3221226691/1.m3u8, From: subscribe, IPv_Type: ipv6, Location: 中国, ISP: 中国移动, Date: None, Delay: -1 ms, Speed: 0.00 M/s, Resolution: None
Name: 宁夏卫视, URL: http://[2409:8087:5e08:25::16]:6610/200000001898/460000089800010110/1.m3u8, From: subscribe, IPv_Type: ipv6, Location: 中国, ISP: 中国移动, Date: None, Delay: -1 ms, Speed: 0.00 M/s, Resolution: None
Name: 宁夏卫视, URL: https://mursor.ottiptv.cc/mcp/ningxia.m3u8, From: subscribe, IPv_Type: ipv6, Location: 美国, ISP: Oracle Corporation, Date: None, Delay: -1 ms, Speed: 0.00 M/s, Resolution: None
Name: 宁夏卫视, URL: https://migu.188766.xyz/?migutoken=c4dc8d5ba86b582a67f4146af2aaf463&id=nxws_hd&type=sz, From: subscribe, IPv_Type: ipv6, Location: 美国, ISP: CloudFlare Inc., Date: None, Delay: -1 ms, Speed: 0.00 M/s, Resolution: None
Name: 宁夏卫视, URL: https://cc06.tv12.xyz/96.m3u8, From: subscribe, IPv_Type: ipv6, Location: 美国, ISP: CloudFlare Inc., Date: None, Delay: -1 ms, Speed: 0.00 M/s, Resolution: None
Name: 青海卫视, URL: https://iptv.catvod.com/live.php?id=%E9%9D%92%E6%B5%B7%E5%8D%AB%E8%A7%86%E5%8F%B0, From: local, IPv_Type: ipv6, Location: 美国, ISP: CloudFlare Inc., Date: None, Delay: -1 ms, Speed: 0.00 M/s, Resolution: None
Name: 青海卫视, URL: https://iptv.catvod.com/live.php?id=%E9%9D%92%E6%B5%B7, From: local, IPv_Type: ipv6, Location: 美国, ISP: CloudFlare Inc., Date: None, Delay: -1 ms, Speed: 0.00 M/s, Resolution: None
Name: 青海卫视, URL: http://php.jdshipin.com/TVOD/hnyd.php?id=200000001898/460000089800010111, From: subscribe, IPv_Type: ipv6, Location: 美国, ISP: CloudFlare Inc., Date: None, Delay: 0.1 ms, Speed: inf M/s, Resolution: 1920x1080
Name: 青海卫视, URL: http://z.b.bkpcp.top/m.php?id=qhws, From: subscribe, IPv_Type: ipv6, Location: 美国, ISP: CloudFlare Inc., Date: None, Delay: 0.1 ms, Speed: inf M/s, Resolution: 1920x1080
Name: 青海卫视, URL: http://j.x.bkpcp.top/jx/QHWS, From: subscribe, IPv_Type: ipv6, Location: 美国, ISP: CloudFlare Inc., Date: None, Delay: 0.1 ms, Speed: inf M/s, Resolution: 1920x1080
Name: 青海卫视, URL: http://goo.bkpcp.top/mg/qhws, From: subscribe, IPv_Type: ipv6, Location: 美国, ISP: CloudFlare Inc., Date: None, Delay: 0.1 ms, Speed: inf M/s, Resolution: 1920x1080
Name: 青海卫视, URL: http://dsj.motem.top:8880/bptv/10000100000000050000000003887430.m3u8, From: subscribe, IPv_Type: ipv6, Location: 美国, ISP: CloudFlare Inc., Date: None, Delay: 0.1 ms, Speed: inf M/s, Resolution: 1920x1080
Name: 青海卫视, URL: http://[2409:8087:1a0a:df::404b]/ottrrs.hl.chinamobile.com/TVOD/88888888/224/3221225628/index.m3u8, From: subscribe, IPv_Type: ipv6, Location: 中国, ISP: 中国移动, Date: None, Delay: 0.1 ms, Speed: inf M/s, Resolution: 1920x1080
Name: 青海卫视, URL: http://[2409:8087:8:21::18]:6610/otttv.bj.chinamobile.com/PLTV/88888888/224/3221226529/1.m3u8, From: subscribe, IPv_Type: ipv6, Location: 中国, ISP: 中国移动, Date: None, Delay: 0.1 ms, Speed: inf M/s, Resolution: 1920x1080
Name: 青海卫视, URL: http://[2409:8087:8:21::18]:6610/otttv.bj.chinamobile.com/PLTV/88888888/224/3221226916/1.m3u8, From: subscribe, IPv_Type: ipv6, Location: 中国, ISP: 中国移动, Date: None, Delay: 0.1 ms, Speed: inf M/s, Resolution: 1920x1080
Name: 青海卫视, URL: http://[2409:8087:1e03:21::2]:6060/cms001/ch00000090990000001082/index.m3u8, From: subscribe, IPv_Type: ipv6, Location: 中国, ISP: 中国移动, Date: None, Delay: 0.1 ms, Speed: inf M/s, Resolution: 1920x1080
Name: 青海卫视, URL: http://[2409:8087:3428:20:500::100f]:6610/PLTV/88888888/224/3221227119/index.m3u8?servicetype=1&IASHttpSessionId=RR423820220409134714119178, From: subscribe, IPv_Type: ipv6, Location: 中国, ISP: 中国移动, Date: None, Delay: 0.1 ms, Speed: inf M/s, Resolution: 1920x1080
Name: 青海卫视, URL: http://[2409:8087:3428:20:500::1009]:6610/PLTV/88888888/224/3221227119/index.m3u8?servicetype=1&IASHttpSessionId=RR423820220409134714119178, From: subscribe, IPv_Type: ipv6, Location: 中国, ISP: 中国移动, Date: None, Delay: 0.1 ms, Speed: inf M/s, Resolution: 1920x1080
Name: 青海卫视, URL: http://[2409:8087:3428:20:500::100f]:6610/PLTV/88888888/224/3221225841/index.m3u8?servicetype=1&IASHttpSessionId=RR423820220409134714119178, From: subscribe, IPv_Type: ipv6, Location: 中国, ISP: 中国移动, Date: None, Delay: 0.1 ms, Speed: inf M/s, Resolution: 1920x1080
Name: 青海卫视, URL: http://[2409:8087:3428:20:500::1009]:6610/PLTV/88888888/224/3221225841/index.m3u8?servicetype=1&IASHttpSessionId=RR423820220409134714119178, From: subscribe, IPv_Type: ipv6, Location: 中国, ISP: 中国移动, Date: None, Delay: 0.1 ms, Speed: inf M/s, Resolution: 1920x1080
Name: 青海卫视, URL: http://[2409:8087:2001:20:2800:0:df6e:eb1b]/ott.mobaibox.com/PLTV/3/224/3221227554/index.m3u8, From: subscribe, IPv_Type: ipv6, Location: 中国, ISP: 中国移动, Date: None, Delay: 0.1 ms, Speed: inf M/s, Resolution: 1920x1080
Name: 青海卫视, URL: http://[2409:8087:5e01:34::23]:6610/ZTE_CMS/00000001000000060000000000000320/index.m3u8, From: subscribe, IPv_Type: ipv6, Location: 中国, ISP: 中国移动, Date: None, Delay: 0.1 ms, Speed: inf M/s, Resolution: 1920x1080
Name: 青海卫视, URL: http://nas.suntao.online:35455/itv/1000000002000013359.m3u8?cdn=ystenlive, From: subscribe, IPv_Type: ipv6, Location: 中国, ISP: 中国联通, Date: None, Delay: 0.1 ms, Speed: inf M/s, Resolution: 1920x1080
Name: 青海卫视, URL: http://iptv.cdn.ha.chinamobile.com/PLTV/88888888/224/3221227189/index.m3u8, From: subscribe, IPv_Type: ipv6, Location: 中国, ISP: 中国移动, Date: None, Delay: 0.1 ms, Speed: inf M/s, Resolution: 1920x1080
Name: 青海卫视, URL: http://lu.wqwqwq.sbs/itv/1000000002000013359.m3u8?cdn=ystenlive, From: subscribe, IPv_Type: ipv6, Location: 美国, ISP: CloudFlare Inc., Date: None, Delay: 0.1 ms, Speed: inf M/s, Resolution: 1920x1080
Name: 青海卫视, URL: http://[2409:8087:2001:20:2800:0:df6e:eb1a]:80/wh7f454c46tw348498084_-2063977587/ott.mobaibox.com/PLTV/3/224/3221227554/index.m3u8?icpid=3&RTS=1674380463&from=40&popid=40&hms_devid=2116&prioritypopid=40&vqe=3, From: subscribe, IPv_Type: ipv6, Location: 中国, ISP: 中国移动, Date: None, Delay: 0.1 ms, Speed: inf M/s, Resolution: 1920x1080
Name: 青海卫视, URL: https://stream1.freetv.fun/d80dbd44304e92ebbad7fd55f71bf9a308c53fcc29593eae8aefbed892ab2a6b.m3u8, From: subscribe, IPv_Type: ipv6, Location: 美国, ISP: CloudFlare Inc., Date: None, Delay: -1 ms, Speed: 0.00 M/s, Resolution: None
Name: 青海卫视, URL: https://www.freetv.top/migu/947472506.m3u8?migutoken=c740fc58e518a315b254873398c630ca506a9de327397b5e27a668d9c1e170b6512a1834dab3229ddc39b5a61c2ea42fae6d196a11c6d0e5e212522e6edf197f65ad9addf0b540aa6c9d4fcd3e, From: subscribe, IPv_Type: ipv6, Location: 美国-加利福尼亚州-圣克拉拉, ISP: DigitalOcean, Date: None, Delay: 0.1 ms, Speed: inf M/s, Resolution: 1920x1080
Name: 青海卫视, URL: https://stream1.freetv.fun/qing-hai-wei-shi-3.m3u8, From: subscribe, IPv_Type: ipv6, Location: 美国, ISP: CloudFlare Inc., Date: None, Delay: 0.1 ms, Speed: inf M/s, Resolution: 1920x1080
Name: 青海卫视, URL: https://www.freetv.top/migu/947472506.m3u8?migutoken=7bfff5cd40297ac2c258f598f97f36a47e8d0d19763d61ff6f62aff98021e7fcafa9b64df934c1ca76302e804fb60ce17856d30a33b7965613665d25cce09f43302170684a7e39c85290af3bd3, From: subscribe, IPv_Type: ipv6, Location: 美国-加利福尼亚州-圣克拉拉, ISP: DigitalOcean, Date: None, Delay: 0.1 ms, Speed: inf M/s, Resolution: 1920x1080
Name: 青海卫视, URL: https://www.freetv.top/migu/947472506.m3u8?migutoken=1f19e5986a0a2ef4e7a8d09edf9a6b8faf270d5320ef4f13eaa876ea8a3ecc2263d1cd2dacb91ceadd6c38af23137707d164462be4cee5d1357c3a8289e0f87ebbce11f5d97c0daa3ac94ae7a1, From: subscribe, IPv_Type: ipv6, Location: 美国-加利福尼亚州-圣克拉拉, ISP: DigitalOcean, Date: None, Delay: 0.1 ms, Speed: inf M/s, Resolution: 1920x1080
Name: 青海卫视, URL: http://[2409:8087:74f0:22::5]:6410/270000001128/9900000042/index.m3u8, From: subscribe, IPv_Type: ipv6, Location: 中国, ISP: 中国移动, Date: None, Delay: 0.1 ms, Speed: inf M/s, Resolution: 1920x1080
Name: 青海卫视, URL: http://[2409:8087:1a01:df::7005]:80/ottrrs.hl.chinamobile.com/PLTV/88888888/224/3221225628/index.m3u8, From: subscribe, IPv_Type: ipv6, Location: 中国, ISP: 中国移动, Date: None, Delay: 0.1 ms, Speed: inf M/s, Resolution: 1920x1080
Name: 青海卫视, URL: http://[2409:8087:5e00:24::1e]:6060/200000001898/460000089800010111/1.m3u8, From: subscribe, IPv_Type: ipv6, Location: 中国, ISP: 中国移动, Date: None, Delay: 0.1 ms, Speed: inf M/s, Resolution: 1920x1080
Name: 青海卫视, URL: http://[2409:8087:3869:8021:1001::e5]:6610/PLTV/88888888/224/3221225727/2/index.m3u8, From: subscribe, IPv_Type: ipv6, Location: 中国, ISP: 中国移动, Date: None, Delay: -1 ms, Speed: 0.00 M/s, Resolution: None
Name: 青海卫视, URL: http://[2409:8087:8:21::18]:6610/otttv.bj.chinamobile.com/PLTV/88888888/224/3221227017/1.m3u8?GuardEncType=2&accountinfo=%7E%7EV2.0%7EacviHy_ucMT27Ymf2iLtZA%7EtP4-l0lmSfjwLWEfK_el1vH_mv-s1zo4AQJwdedaVwG9xkuFTDg8J26cwOrNJzn20BErrHdLhuZ9EzLUCD3PMW-OMx4MGteHV2vLeW6BqoY%2CEND, From: subscribe, IPv_Type: ipv6, Location: 中国, ISP: 中国移动, Date: None, Delay: -1 ms, Speed: 0.00 M/s, Resolution: None
Name: 青海卫视, URL: http://rrs01.hw.gmcc.net:8088/PLTV/81/224/3221226696/1.m3u8, From: subscribe, IPv_Type: ipv6, Location: 中国, ISP: 中国移动, Date: None, Delay: -1 ms, Speed: 0.00 M/s, Resolution: None
Name: 青海卫视, URL: http://[2409:8087:1a15:10d1::39]/ottrrs.hl.chinamobile.com/PLTV/88888888/224/3221226323/index.m3u8, From: subscribe, IPv_Type: ipv6, Location: 中国, ISP: 中国移动, Date: None, Delay: -1 ms, Speed: 0.00 M/s, Resolution: None
Name: 青海卫视, URL: http://[2409:8087:5e08:25::16]:6610/200000001898/460000089800010111/1.m3u8, From: subscribe, IPv_Type: ipv6, Location: 中国, ISP: 中国移动, Date: None, Delay: -1 ms, Speed: 0.00 M/s, Resolution: None
Name: 青海卫视, URL: https://migu.188766.xyz/?migutoken=94c00390176a93148fa689acb9bbbd6f&id=qhws&type=sz, From: subscribe, IPv_Type: ipv6, Location: 美国, ISP: CloudFlare Inc., Date: None, Delay: -1 ms, Speed: 0.00 M/s, Resolution: None
Name: 青海卫视, URL: http://gslbmgsplive.miguvideo.com/envivo_w/2018/SD/qinghai/1000/index.m3u8?msisdn=20250919080133a5d34a9951b0478ba52c663a24c57b17&mdspid=&spid=600633&netType=0&sid=5910022166&pid=2028597139&timestamp=20250919080133&Channel_ID=0116_2600000900-99000-201600010010027&ProgramID=947472506&ParentNodeID=-99&assertID=5910022166&client_ip=106.13.250.88&SecurityKey=20250919080133&promotionId=&mvid=5900004353&mcid=500020&playurlVersion=WX-A1-8.9.1-RELEASE&userid=&jmhm=&videocodec=h264&bean=mgspad&tid=android&conFee=0&puData=51f60bf303feee5bb5c42d1bcf7345a9&ddCalcu=95a1e5f14673007bffc3b013df2e4ece55bb, From: subscribe, IPv_Type: ipv6, Location: 中国, ISP: 中国移动, Date: None, Delay: -1 ms, Speed: 0.00 M/s, Resolution: None
Name: 青海卫视, URL: https://cc06.tv12.xyz/97.m3u8, From: subscribe, IPv_Type: ipv6, Location: 美国, ISP: CloudFlare Inc., Date: None, Delay: -1 ms, Speed: 0.00 M/s, Resolution: None
Name: 青海卫视, URL: https://jzb.wwkejishe.top/?id=605, From: subscribe, IPv_Type: ipv6, Location: 美国, ISP: CloudFlare Inc., Date: None, Delay: -1 ms, Speed: 0.00 M/s, Resolution: None
Name: 青海卫视, URL: https://migu.188766.xyz/?migutoken=de3d86d1e325cf16c2e014a24de60106&id=%E9%9D%92%E6%B5%B7%E5%8D%AB%E8%A7%86&type=yy, From: subscribe, IPv_Type: ipv6, Location: 美国, ISP: CloudFlare Inc., Date: None, Delay: -1 ms, Speed: 0.00 M/s, Resolution: None
Name: 山东卫视, URL: https://iptv.catvod.com/live.php?id=%E5%B1%B1%E4%B8%9C%E5%8D%AB%E8%A7%86%E5%8F%B0, From: local, IPv_Type: ipv6, Location: 美国, ISP: CloudFlare Inc., Date: None, Delay: -1 ms, Speed: 0.00 M/s, Resolution: None
Name: 山东卫视, URL: https://iptv.catvod.com/live.php?id=%E5%B1%B1%E4%B8%9C, From: local, IPv_Type: ipv6, Location: 美国, ISP: CloudFlare Inc., Date: None, Delay: -1 ms, Speed: 0.00 M/s, Resolution: None
Name: 山东卫视, URL: http://php.jdshipin.com/TVOD/hnyd.php?id=200000001898/460000089800010066, From: subscribe, IPv_Type: ipv6, Location: 美国, ISP: CloudFlare Inc., Date: None, Delay: 0.1 ms, Speed: inf M/s, Resolution: 1920x1080
Name: 山东卫视, URL: http://z.b.bkpcp.top/m.php?id=sdws, From: subscribe, IPv_Type: ipv6, Location: 美国, ISP: CloudFlare Inc., Date: None, Delay: 0.1 ms, Speed: inf M/s, Resolution: 1920x1080
Name: 山东卫视, URL: http://j.x.bkpcp.top/jx/SHANDHD, From: subscribe, IPv_Type: ipv6, Location: 美国, ISP: CloudFlare Inc., Date: None, Delay: 0.1 ms, Speed: inf M/s, Resolution: 1920x1080
Name: 山东卫视, URL: http://l.cztvcloud.com/channels/lantian/SXshengzhou1/720p.m3u8, From: subscribe, IPv_Type: ipv6, Location: 中国-江苏-常州, ISP: 电信, Date: None, Delay: 0.1 ms, Speed: inf M/s, Resolution: 1920x1080
Name: 山东卫视, URL: http://iptv.huuc.edu.cn/hls/sdhd.m3u8, From: subscribe, IPv_Type: ipv6, Location: 中国, ISP: 教育网, Date: None, Delay: 0.1 ms, Speed: inf M/s, Resolution: 1920x1080
Name: 山东卫视, URL: http://dsj.motem.top:8880/bptv/10000100000000050000000003873467.m3u8, From: subscribe, IPv_Type: ipv6, Location: 美国, ISP: CloudFlare Inc., Date: None, Delay: 0.1 ms, Speed: inf M/s, Resolution: 1920x1080
Name: 山东卫视, URL: http://[2409:8087:1a0a:df::404b]/ottrrs.hl.chinamobile.com/TVOD/88888888/224/3221226456/index.m3u8, From: subscribe, IPv_Type: ipv6, Location: 中国, ISP: 中国移动, Date: None, Delay: 0.1 ms, Speed: inf M/s, Resolution: 1920x1080
Name: 山东卫视, URL: http://[2409:8087:1a01:df::4077]/ottrrs.hl.chinamobile.com/PLTV/88888888/8/3221226456/index.m3u8, From: subscribe, IPv_Type: ipv6, Location: 中国, ISP: 中国移动, Date: None, Delay: 0.1 ms, Speed: inf M/s, Resolution: 1920x1080
Name: 山东卫视, URL: http://[2409:8087:8:21::18]:6610/otttv.bj.chinamobile.com/PLTV/88888888/224/3221226244/1.m3u8, From: subscribe, IPv_Type: ipv6, Location: 中国, ISP: 中国移动, Date: None, Delay: 0.1 ms, Speed: inf M/s, Resolution: 1920x1080
Name: 山东卫视, URL: http://[2409:8087:8:21::18]:6610/otttv.bj.chinamobile.com/PLTV/88888888/224/3221226487/1.m3u8, From: subscribe, IPv_Type: ipv6, Location: 中国, ISP: 中国移动, Date: None, Delay: 0.1 ms, Speed: inf M/s, Resolution: 1920x1080
Name: 山东卫视, URL: http://[2409:8087:8:21::18]:6610/otttv.bj.chinamobile.com/PLTV/88888888/224/3221226501/1.m3u8, From: subscribe, IPv_Type: ipv6, Location: 中国, ISP: 中国移动, Date: None, Delay: 0.1 ms, Speed: inf M/s, Resolution: 1920x1080
Name: 山东卫视, URL: http://iptv.cdn.ha.chinamobile.com/PLTV/88888888/224/3221227234/index.m3u8, From: subscribe, IPv_Type: ipv6, Location: 中国, ISP: 中国移动, Date: None, Delay: 0.1 ms, Speed: inf M/s, Resolution: 1920x1080
Name: 山东卫视, URL: http://[2409:8087:2001:20:2800:0:df6e:eb11]:80/ott.mobaibox.com/PLTV/4/224/3221227517/index.m3u8, From: subscribe, IPv_Type: ipv6, Location: 中国, ISP: 中国移动, Date: None, Delay: 0.1 ms, Speed: inf M/s, Resolution: 1920x1080
Name: 山东卫视, URL: http://[2409:8087:3428:20:500::100f]:6610/PLTV/88888888/224/3221225843/index.m3u8?servicetype=1&IASHttpSessionId=RR423820220409134714119178, From: subscribe, IPv_Type: ipv6, Location: 中国, ISP: 中国移动, Date: None, Delay: 0.1 ms, Speed: inf M/s, Resolution: 1920x1080
Name: 山东卫视, URL: http://goo.bkpcp.top/mg/sdws, From: subscribe, IPv_Type: ipv6, Location: 美国, ISP: CloudFlare Inc., Date: None, Delay: 0.1 ms, Speed: inf M/s, Resolution: 1920x1080
Name: 山东卫视, URL: http://yc.myds.me:35455/itv/6000000001000004134.m3u8?cdn=wasusyt, From: subscribe, IPv_Type: ipv6, Location: 中国, ISP: 中国电信, Date: None, Delay: 0.1 ms, Speed: inf M/s, Resolution: 1920x1080
Name: 山东卫视, URL: http://nas.suntao.online:35455/itv/1000000001000016568.m3u8?cdn=ystenlive, From: subscribe, IPv_Type: ipv6, Location: 中国, ISP: 中国联通, Date: None, Delay: 0.1 ms, Speed: inf M/s, Resolution: 1920x1080
Name: 山东卫视, URL: http://lu.wqwqwq.sbs/itv/1000000005000265019.m3u8?cdn=ystenlive, From: subscribe, IPv_Type: ipv6, Location: 美国, ISP: CloudFlare Inc., Date: None, Delay: 0.1 ms, Speed: inf M/s, Resolution: 1920x1080
Name: 山东卫视, URL: http://dbiptv.sn.chinamobile.com/PLTV/88888888/224/3221226209/1.m3u8, From: subscribe, IPv_Type: ipv6, Location: 中国, ISP: 中国移动, Date: None, Delay: 0.1 ms, Speed: inf M/s, Resolution: 1920x1080
Name: 山东卫视, URL: https://stream1.freetv.fun/ac1c15dc01a08667160c68a85717a5fab47c32c3861d361c102d0f3e96be2672.ctv, From: subscribe, IPv_Type: ipv6, Location: 美国, ISP: CloudFlare Inc., Date: None, Delay: 0.1 ms, Speed: inf M/s, Resolution: 1920x1080
Name: 山东卫视, URL: http://hwrr.jx.chinamobile.com:8080/PLTV/88888888/224/3221225484/index.m3u8?fmt=ts2hls, From: subscribe, IPv_Type: ipv6, Location: 中国, ISP: 中国移动, Date: None, Delay: 0.1 ms, Speed: inf M/s, Resolution: 1920x1080
Name: 山东卫视, URL: http://[2409:8087:3428:20:500::1009]:6610/PLTV/88888888/224/3221225843/index.m3u8?servicetype=1&IASHttpSessionId=RR423820220409134714119178, From: subscribe, IPv_Type: ipv6, Location: 中国, ISP: 中国移动, Date: None, Delay: 0.1 ms, Speed: inf M/s, Resolution: 1920x1080
Name: 山东卫视, URL: http://[2409:8087:2001:20:2800:0:df6e:eb07]:80/wh7f454c46tw198928259_-1438986513/ott.mobaibox.com/PLTV/3/224/3221227621/index.m3u8?icpid=3&RTS=1674380314&from=40&popid=40&hms_devid=2036&prioritypopid=40&vqe=3, From: subscribe, IPv_Type: ipv6, Location: 中国, ISP: 中国移动, Date: None, Delay: 0.1 ms, Speed: inf M/s, Resolution: 1920x1080
Name: 山东卫视, URL: http://[2409:8087:2001:20:2800:0:df6e:eb02]:80/wh7f454c46tw1544454067_649511222/ott.mobaibox.com/PLTV/3/224/3221227697/index.m3u8?icpid=3&RTS=1674385954&from=40&popid=40&hms_devid=2039&prioritypopid=40&vqe=3, From: subscribe, IPv_Type: ipv6, Location: 中国, ISP: 中国移动, Date: None, Delay: 0.1 ms, Speed: inf M/s, Resolution: 1920x1080
Name: 山东卫视, URL: http://[2409:8087:2001:20:2800:0:df6e:eb0a]:80/wh7f454c46tw1930403571_110324233/ott.mobaibox.com/PLTV/3/224/3221228124/index.m3u8?icpid=3&RTS=1674386340&from=40&popid=40&hms_devid=2038&prioritypopid=40&vqe=3, From: subscribe, IPv_Type: ipv6, Location: 中国, ISP: 中国移动, Date: None, Delay: 0.1 ms, Speed: inf M/s, Resolution: 1920x1080
Name: 山东卫视, URL: http://[2409:8087:1e03:21::42]:6610/cms001/ch00000090990000001028/index.m3u8, From: subscribe, IPv_Type: ipv6, Location: 中国, ISP: 中国移动, Date: None, Delay: 0.1 ms, Speed: inf M/s, Resolution: 1920x1080
Name: 山东卫视, URL: http://[2409:8087:4c0a:22:1::11]:6410/170000001115/UmaiCHAN911992BESTVSMGSMG/index.m3u8?m3u8_level=2, From: subscribe, IPv_Type: ipv6, Location: 中国, ISP: 中国移动, Date: None, Delay: 0.1 ms, Speed: inf M/s, Resolution: 1920x1080
Name: 山东卫视, URL: http://[2409:8087:5e01:34::38]:6610/ZTE_CMS/00000001000000060000000000000364/index.m3u8, From: subscribe, IPv_Type: ipv6, Location: 中国, ISP: 中国移动, Date: None, Delay: 0.1 ms, Speed: inf M/s, Resolution: 1920x1080
Name: 山东卫视, URL: http://[2409:8087:5e00:24::1e]:6060/200000001898/460000089800010066/1.m3u8, From: subscribe, IPv_Type: ipv6, Location: 中国, ISP: 中国移动, Date: None, Delay: 0.1 ms, Speed: inf M/s, Resolution: 1920x1080
Name: 山东卫视, URL: http://[2409:8087:5e00:24::1f]:6060/ZTE_CMS/00000001000000060000000000000364/index.m3u8, From: subscribe, IPv_Type: ipv6, Location: 中国, ISP: 中国移动, Date: None, Delay: 0.1 ms, Speed: inf M/s, Resolution: 1920x1080
Name: 山东卫视, URL: http://[2409:8087:5e01:34::20]:6610/ZTE_CMS/00000001000000060000000000000364/index.m3u8?IAS, From: subscribe, IPv_Type: ipv6, Location: 中国, ISP: 中国移动, Date: None, Delay: 0.1 ms, Speed: inf M/s, Resolution: 1920x1080
Name: 山东卫视, URL: http://[2409:8087:5e01:34::23]:6610/ZTE_CMS/00000001000000060000000000000364/index.m3u8?IAS, From: subscribe, IPv_Type: ipv6, Location: 中国, ISP: 中国移动, Date: None, Delay: 0.1 ms, Speed: inf M/s, Resolution: 1920x1080
Name: 山东卫视, URL: http://[2409:8087:5e01:34::22]:6610/ZTE_CMS/00000001000000060000000000000364/index.m3u8?IAS, From: subscribe, IPv_Type: ipv6, Location: 中国, ISP: 中国移动, Date: None, Delay: 0.1 ms, Speed: inf M/s, Resolution: 1920x1080
Name: 山东卫视, URL: http://[2409:8087:5e01:34::21]:6610/ZTE_CMS/00000001000000060000000000000364/index.m3u8?IAS, From: subscribe, IPv_Type: ipv6, Location: 中国, ISP: 中国移动, Date: None, Delay: 0.1 ms, Speed: inf M/s, Resolution: 1920x1080
Name: 山东卫视, URL: http://[2409:8087:2001:20:2800:0:df6e:eb10]/wh7f454c46tw2848465480_1677095697/ott.mobaibox.com/PLTV/3/224/3221227517/index.m3u8?icpid=3&RTS=1668597642&from=40&popid=40&hms_devid=2110&prioritypopid=40&vqe=3, From: subscribe, IPv_Type: ipv6, Location: 中国, ISP: 中国移动, Date: None, Delay: 0.1 ms, Speed: inf M/s, Resolution: 1920x1080
Name: 山东卫视, URL: http://[2409:8087:1e03:21::2]:6060/cms001/ch00000090990000001028/index.m3u8, From: subscribe, IPv_Type: ipv6, Location: 中国, ISP: 中国移动, Date: None, Delay: 0.1 ms, Speed: inf M/s, Resolution: 1920x1080
Name: 山东卫视, URL: http://[2409:8087:3428:20:500::100f]:6610/PLTV/88888888/224/3221227236/index.m3u8?servicetype=1&IASHttpSessionId=RR423820220409134714119178, From: subscribe, IPv_Type: ipv6, Location: 中国, ISP: 中国移动, Date: None, Delay: 0.1 ms, Speed: inf M/s, Resolution: 1920x1080
Name: 山东卫视, URL: http://[2409:8087:3428:20:500::1009]:6610/PLTV/88888888/224/3221227236/index.m3u8?servicetype=1&IASHttpSessionId=RR423820220409134714119178, From: subscribe, IPv_Type: ipv6, Location: 中国, ISP: 中国移动, Date: None, Delay: 0.1 ms, Speed: inf M/s, Resolution: 1920x1080
Name: 山东卫视, URL: http://[2409:8087:2001:20:2800:0:df6e:eb0b]:80/wh7f454c46tw1930236170_1276574350/ott.mobaibox.com/PLTV/3/224/3221227671/index.m3u8?icpid=3&RTS=1674386340&from=40&popid=40&hms_devid=2038&prioritypopid=40&vqe=3, From: subscribe, IPv_Type: ipv6, Location: 中国, ISP: 中国移动, Date: None, Delay: 0.1 ms, Speed: inf M/s, Resolution: 1920x1080
Name: 山东卫视, URL: http://[2409:8087:74f0:22::5]:6410/270000001128/9900000527/index.m3u8, From: subscribe, IPv_Type: ipv6, Location: 中国, ISP: 中国移动, Date: None, Delay: 0.1 ms, Speed: inf M/s, Resolution: 1920x1080
Name: 山东卫视, URL: http://[2409:8087:1a01:df::7005]/ottrrs.hl.chinamobile.com/PLTV/88888888/224/3221226456/index.m3u8, From: subscribe, IPv_Type: ipv6, Location: 中国, ISP: 中国移动, Date: None, Delay: 0.1 ms, Speed: inf M/s, Resolution: 1920x1080
Name: 山东卫视, URL: http://[2409:8087:3869:8021:1001::e5]:6610/PLTV/88888888/224/3221225484/2/index.m3u8, From: subscribe, IPv_Type: ipv6, Location: 中国, ISP: 中国移动, Date: None, Delay: -1 ms, Speed: 0.00 M/s, Resolution: None
Name: 山东卫视, URL: http://[2409:8087:3869:8021:1001::e5]:6610/PLTV/88888888/224/3221225697/2/index.m3u8, From: subscribe, IPv_Type: ipv6, Location: 中国, ISP: 中国移动, Date: None, Delay: -1 ms, Speed: 0.00 M/s, Resolution: None
Name: 山东卫视, URL: http://[2409:8087:3869:8021:1001::e5]:6610/PLTV/88888888/224/3221225738/2/index.m3u8, From: subscribe, IPv_Type: ipv6, Location: 中国, ISP: 中国移动, Date: None, Delay: -1 ms, Speed: 0.00 M/s, Resolution: None
Name: 山东卫视, URL: http://[2409:8087:8:21::18]:6610/otttv.bj.chinamobile.com/PLTV/88888888/224/3221226957/1.m3u8?GuardEncType=2&accountinfo=%7E%7EV2.0%7EjW26v5VaHGy1jQuIA-4EbA%7EtP4-l0lmSfjwLWEfK_el1vH_mv-s1zo4AQJwdedaVwG9xkuFTDg8J26cwOrNJzn20BErrHdLhuZ9EzLUCD3PMW-OMx4MGteHV2vLeW6BqoY%2CEND, From: subscribe, IPv_Type: ipv6, Location: 中国, ISP: 中国移动, Date: None, Delay: -1 ms, Speed: 0.00 M/s, Resolution: None
Name: 山东卫视, URL: http://rrs01.hw.gmcc.net:8088/PLTV/81/224/3221226693/1.m3u8, From: subscribe, IPv_Type: ipv6, Location: 中国, ISP: 中国移动, Date: None, Delay: -1 ms, Speed: 0.00 M/s, Resolution: None
Name: 山东卫视, URL: http://[2409:8087:1a15:10d1::33]/ottrrs.hl.chinamobile.com/PLTV/88888888/224/3221226456/index.m3u8, From: subscribe, IPv_Type: ipv6, Location: 中国, ISP: 中国移动, Date: None, Delay: -1 ms, Speed: 0.00 M/s, Resolution: None
Name: 山东卫视, URL: http://[2409:8087:5e08:25::16]:6610/200000001898/460000089800010066/1.m3u8, From: subscribe, IPv_Type: ipv6, Location: 中国, ISP: 中国移动, Date: None, Delay: -1 ms, Speed: 0.00 M/s, Resolution: None
Name: 山东卫视, URL: https://mursor.ottiptv.cc/mcp/shandong.m3u8, From: subscribe, IPv_Type: ipv6, Location: 美国, ISP: Oracle Corporation, Date: None, Delay: -1 ms, Speed: 0.00 M/s, Resolution: None
Name: 山东卫视, URL: https://migu.188766.xyz/?migutoken=c54d8ccf80c82ab591bf83acbd454b6d&id=sdws_hd&type=sz, From: subscribe, IPv_Type: ipv6, Location: 美国, ISP: CloudFlare Inc., Date: None, Delay: -1 ms, Speed: 0.00 M/s, Resolution: None
Name: 山东卫视, URL: https://cc06.tv12.xyz/101.m3u8, From: subscribe, IPv_Type: ipv6, Location: 美国, ISP: CloudFlare Inc., Date: None, Delay: -1 ms, Speed: 0.00 M/s, Resolution: None
Name: 山西卫视, URL: https://iptv.catvod.com/live.php?id=%E5%B1%B1%E8%A5%BF%E5%8D%AB%E8%A7%86%E5%8F%B0, From: local, IPv_Type: ipv6, Location: 美国, ISP: CloudFlare Inc., Date: None, Delay: -1 ms, Speed: 0.00 M/s, Resolution: None
Name: 山西卫视, URL: https://iptv.catvod.com/live.php?id=%E5%B1%B1%E8%A5%BF, From: local, IPv_Type: ipv6, Location: 美国, ISP: CloudFlare Inc., Date: None, Delay: -1 ms, Speed: 0.00 M/s, Resolution: None
Name: 山西卫视, URL: http://php.jdshipin.com/TVOD/hnyd.php?id=200000001898/460000089800010114, From: subscribe, IPv_Type: ipv6, Location: 美国, ISP: CloudFlare Inc., Date: None, Delay: 0.1 ms, Speed: inf M/s, Resolution: 1920x1080
Name: 山西卫视, URL: http://j.x.bkpcp.top/jx/SXWS, From: subscribe, IPv_Type: ipv6, Location: 美国, ISP: CloudFlare Inc., Date: None, Delay: 0.1 ms, Speed: inf M/s, Resolution: 1920x1080
Name: 山西卫视, URL: http://[2409:8087:1a01:df::4077]/ottrrs.hl.chinamobile.com/PLTV/88888888/8/3221226392/index.m3u8, From: subscribe, IPv_Type: ipv6, Location: 中国, ISP: 中国移动, Date: None, Delay: 0.1 ms, Speed: inf M/s, Resolution: 1920x1080
Name: 山西卫视, URL: http://dsj.motem.top:8880/bptv/10000100000000050000000003887413.m3u8, From: subscribe, IPv_Type: ipv6, Location: 美国, ISP: CloudFlare Inc., Date: None, Delay: 0.1 ms, Speed: inf M/s, Resolution: 1920x1080
Name: 山西卫视, URL: http://[2409:8087:8:21::18]:6610/otttv.bj.chinamobile.com/PLTV/88888888/224/3221226531/1.m3u8, From: subscribe, IPv_Type: ipv6, Location: 中国, ISP: 中国移动, Date: None, Delay: 0.1 ms, Speed: inf M/s, Resolution: 1920x1080
Name: 山西卫视, URL: http://[2409:8087:8:21::18]:6610/otttv.bj.chinamobile.com/PLTV/88888888/224/3221226920/1.m3u8, From: subscribe, IPv_Type: ipv6, Location: 中国, ISP: 中国移动, Date: None, Delay: 0.1 ms, Speed: inf M/s, Resolution: 1920x1080
Name: 山西卫视, URL: https://live.lalifeier.eu.org/sxrtv/sxws.m3u8?t=1746292937&key=8097fcc15ecf55c37b8908da7be2be63, From: subscribe, IPv_Type: ipv6, Location: 美国, ISP: CloudFlare Inc., Date: None, Delay: 0.1 ms, Speed: inf M/s, Resolution: 1920x1080
Name: 山西卫视, URL: https://live.lalifeier.eu.org/sxrtv/sxws.m3u8?t=1746307365&key=3eeaa00e3276abf097ceb1bb753ca265, From: subscribe, IPv_Type: ipv6, Location: 美国, ISP: CloudFlare Inc., Date: None, Delay: 0.1 ms, Speed: inf M/s, Resolution: 1920x1080
Name: 山西卫视, URL: http://m3u8.channel.wsrtv.com.cn/cms/videos/nmip-media/channellive/channel7/playlist.m3u8, From: subscribe, IPv_Type: ipv6, Location: 中国, ISP: 中国电信, Date: None, Delay: 0.1 ms, Speed: inf M/s, Resolution: 1920x1080
Name: 山西卫视, URL: https://stream1.freetv.fun/shan-xi-wei-shi-25.m3u8, From: subscribe, IPv_Type: ipv6, Location: 美国, ISP: CloudFlare Inc., Date: None, Delay: 0.1 ms, Speed: inf M/s, Resolution: 1920x1080
Name: 山西卫视, URL: http://[2409:8087:1a01:df::7005]:80/ottrrs.hl.chinamobile.com/PLTV/88888888/224/3221225624/index.m3u8, From: subscribe, IPv_Type: ipv6, Location: 中国, ISP: 中国移动, Date: None, Delay: 0.1 ms, Speed: inf M/s, Resolution: 1920x1080
Name: 山西卫视, URL: http://[2409:8087:3869:8021:1001::e5]:6610/PLTV/88888888/224/3221225730/2/index.m3u8, From: subscribe, IPv_Type: ipv6, Location: 中国, ISP: 中国移动, Date: None, Delay: 0.1 ms, Speed: inf M/s, Resolution: 1920x1080
Name: 山西卫视, URL: http://[2409:8087:8:21::18]:6610/otttv.bj.chinamobile.com/PLTV/88888888/224/3221227016/1.m3u8?GuardEncType=2&accountinfo=%7E%7EV2.0%7ESb5Qr3NTpE2ZugIroKoyTw%7EtP4-l0lmSfjwLWEfK_el1vH_mv-s1zo4AQJwdedaVwG9xkuFTDg8J26cwOrNJzn20BErrHdLhuZ9EzLUCD3PMW-OMx4MGteHV2vLeW6BqoY%2CEND, From: subscribe, IPv_Type: ipv6, Location: 中国, ISP: 中国移动, Date: None, Delay: -1 ms, Speed: 0.00 M/s, Resolution: None
Name: 山西卫视, URL: http://rrs01.hw.gmcc.net:8088/PLTV/81/224/3221226704/1.m3u8, From: subscribe, IPv_Type: ipv6, Location: 中国, ISP: 中国移动, Date: None, Delay: -1 ms, Speed: 0.00 M/s, Resolution: None
Name: 山西卫视, URL: http://[2409:8087:1a15:10d1::38]/ottrrs.hl.chinamobile.com/PLTV/88888888/224/3221226392/index.m3u8, From: subscribe, IPv_Type: ipv6, Location: 中国, ISP: 中国移动, Date: None, Delay: -1 ms, Speed: 0.00 M/s, Resolution: None
Name: 山西卫视, URL: http://[2409:8087:5e08:25::16]:6610/200000001898/460000089800010114/1.m3u8, From: subscribe, IPv_Type: ipv6, Location: 中国, ISP: 中国移动, Date: None, Delay: -1 ms, Speed: 0.00 M/s, Resolution: None
Name: 山西卫视, URL: https://migu.188766.xyz/?migutoken=be9c19908a88d27382520e995c3d572d&id=sxws&type=sz, From: subscribe, IPv_Type: ipv6, Location: 美国, ISP: CloudFlare Inc., Date: None, Delay: -1 ms, Speed: 0.00 M/s, Resolution: None
Name: 山西卫视, URL: http://cc02.tv12.xyz/8.m3u8, From: subscribe, IPv_Type: ipv6, Location: 美国, ISP: CloudFlare Inc., Date: None, Delay: -1 ms, Speed: 0.00 M/s, Resolution: None
Name: 山西卫视, URL: https://cc06.tv12.xyz/107.m3u8, From: subscribe, IPv_Type: ipv6, Location: 美国, ISP: CloudFlare Inc., Date: None, Delay: -1 ms, Speed: 0.00 M/s, Resolution: None
Name: 山西卫视, URL: https://jzb.wwkejishe.top/?id=624, From: subscribe, IPv_Type: ipv6, Location: 美国, ISP: CloudFlare Inc., Date: None, Delay: -1 ms, Speed: 0.00 M/s, Resolution: None
Name: 陕西卫视, URL: https://iptv.catvod.com/live.php?id=%E9%99%95%E8%A5%BF%E5%8D%AB%E8%A7%86%E5%8F%B0, From: local, IPv_Type: ipv6, Location: 美国, ISP: CloudFlare Inc., Date: None, Delay: -1 ms, Speed: 0.00 M/s, Resolution: None
Name: 陕西卫视, URL: https://iptv.catvod.com/live.php?id=%E9%99%95%E8%A5%BF, From: local, IPv_Type: ipv6, Location: 美国, ISP: CloudFlare Inc., Date: None, Delay: -1 ms, Speed: 0.00 M/s, Resolution: None
Name: 陕西卫视, URL: http://php.jdshipin.com/TVOD/hnyd.php?id=200000001898/460000089800010113, From: subscribe, IPv_Type: ipv6, Location: 美国, ISP: CloudFlare Inc., Date: None, Delay: 0.1 ms, Speed: inf M/s, Resolution: 1920x1080
Name: 陕西卫视, URL: http://z.b.bkpcp.top/m.php?id=sxws, From: subscribe, IPv_Type: ipv6, Location: 美国, ISP: CloudFlare Inc., Date: None, Delay: 0.1 ms, Speed: inf M/s, Resolution: 1920x1080
Name: 陕西卫视, URL: http://gat.bkpcp.top/ymg.php?id=sxws, From: subscribe, IPv_Type: ipv6, Location: 美国, ISP: CloudFlare Inc., Date: None, Delay: 0.1 ms, Speed: inf M/s, Resolution: 1920x1080
Name: 陕西卫视, URL: http://goo.bkpcp.top/mg/sxws, From: subscribe, IPv_Type: ipv6, Location: 美国, ISP: CloudFlare Inc., Date: None, Delay: 0.1 ms, Speed: inf M/s, Resolution: 1920x1080
Name: 陕西卫视, URL: http://dsj.motem.top:8880/bptv/10000100000000050000000003887404.m3u8, From: subscribe, IPv_Type: ipv6, Location: 美国, ISP: CloudFlare Inc., Date: None, Delay: 0.1 ms, Speed: inf M/s, Resolution: 1920x1080
Name: 陕西卫视, URL: http://[2409:8087:8:21::18]:6610/otttv.bj.chinamobile.com/PLTV/88888888/224/3221226532/1.m3u8, From: subscribe, IPv_Type: ipv6, Location: 中国, ISP: 中国移动, Date: None, Delay: 0.1 ms, Speed: inf M/s, Resolution: 1920x1080
Name: 陕西卫视, URL: http://[2409:8087:8:21::18]:6610/otttv.bj.chinamobile.com/PLTV/88888888/224/3221226926/1.m3u8, From: subscribe, IPv_Type: ipv6, Location: 中国, ISP: 中国移动, Date: None, Delay: 0.1 ms, Speed: inf M/s, Resolution: 1920x1080
Name: 陕西卫视, URL: http://[2409:8087:1a01:df::7005]:80/ottrrs.hl.chinamobile.com/PLTV/88888888/224/3221226457/index.m3u8, From: subscribe, IPv_Type: ipv6, Location: 中国, ISP: 中国移动, Date: None, Delay: 0.1 ms, Speed: inf M/s, Resolution: 1920x1080
Name: 陕西卫视, URL: https://www.freetv.top/migu/738910838.m3u8?migutoken=3899cd1daaa04f812c6d4b13126e3c00ad177635abc5559f1b596e814ff8eb3d745e7bd40b881206a2852a5ed041ca424112cf1d9b385c72ea9de42c8d86f45227af0f51a8b4f4c18a038a8e6d, From: subscribe, IPv_Type: ipv6, Location: 美国-加利福尼亚州-圣克拉拉, ISP: DigitalOcean, Date: None, Delay: 0.1 ms, Speed: inf M/s, Resolution: 1920x1080
Name: 陕西卫视, URL: https://www.freetv.top/migu/738910838.m3u8?migutoken=35df06ac83a8fe0b0d98f96b8dbf5821d2a57fbd279c10148f5eb543353c48d828c15e639a63919e023774c69fac3a6f5a2bbfd1ee773d77c0dc154b9acd0c77e84c99627dd15f852e56ab3281, From: subscribe, IPv_Type: ipv6, Location: 美国-加利福尼亚州-圣克拉拉, ISP: DigitalOcean, Date: None, Delay: 0.1 ms, Speed: inf M/s, Resolution: 1920x1080
Name: 陕西卫视, URL: https://www.freetv.top/migu/738910838.m3u8?migutoken=3d2992ea78cf0d16e27303f2161b886b2f53f2772c9048d2cf024f810a7a6007aa15c432ba27023ed9ebdf2d93f5d4510ba233d9e8a9a429cc12bc2fb6a40c03bfa415dc27c8f998eec1905302, From: subscribe, IPv_Type: ipv6, Location: 美国-加利福尼亚州-圣克拉拉, ISP: DigitalOcean, Date: None, Delay: 0.1 ms, Speed: inf M/s, Resolution: 1920x1080
Name: 陕西卫视, URL: https://www.freetv.top/migu/738910838.m3u8?migutoken=7a2ceb1f61adc2c6d6dd1c53cd296e5f6a0051a6d1feeca78950e85d307caa9edd71e4c150c3c44b3f5465612befd2294c38f49ce94c3a42b166683c48422cfecb24f5888d679c6511ca220f9e, From: subscribe, IPv_Type: ipv6, Location: 美国-加利福尼亚州-圣克拉拉, ISP: DigitalOcean, Date: None, Delay: 0.1 ms, Speed: inf M/s, Resolution: 1920x1080
Name: 陕西卫视, URL: https://www.freetv.top/migu/738910838.m3u8?migutoken=1aef50c89c9468d94677a906c3332de851f93ccdc0dab306ff82f6cf8dc0185feb0e0bd07a3fe73460155d5559750dd6fbd183dbf1005cf1c795d2257e6e73dfa1833fa9dcd8b3ce51f46b94ac, From: subscribe, IPv_Type: ipv6, Location: 美国-加利福尼亚州-圣克拉拉, ISP: DigitalOcean, Date: None, Delay: 0.1 ms, Speed: inf M/s, Resolution: 1920x1080
Name: 陕西卫视, URL: https://www.freetv.top/migu/738910838.m3u8?migutoken=09026016da7aaebfe2b5209620fc769e607da89e9872bcd4ce9a1aa613405ea811b20cce8e1b873dca65260651de86493b78c99585316805a4c193ef7565454d0b61da13cfee7568a580cd052a, From: subscribe, IPv_Type: ipv6, Location: 美国-加利福尼亚州-圣克拉拉, ISP: DigitalOcean, Date: None, Delay: 0.1 ms, Speed: inf M/s, Resolution: 1920x1080
Name: 陕西卫视, URL: https://www.freetv.top/migu/738910838.m3u8?migutoken=2811d59f756bd877ff82baab357029babfd42a225de3fc15373dd44a1eebc8fbe99b4cb84744baa6a1a884e6234a5608467ca1188361e65f980ee6900e1e4d76728f01cb0b40114546b51af18f, From: subscribe, IPv_Type: ipv6, Location: 美国-加利福尼亚州-圣克拉拉, ISP: DigitalOcean, Date: None, Delay: 0.1 ms, Speed: inf M/s, Resolution: 1920x1080
Name: 陕西卫视, URL: https://www.freetv.top/migu/738910838.m3u8?migutoken=1def8fc5a795051b6066c0acee3c9f7979e83db98566f531e84c3215698393c2ddfa1bd9dc18c26d1b9a3dcdbe9db0e27584cd02a931aea3a44523d5fb6a41c3607487fda0cb774e7ed5ada35f, From: subscribe, IPv_Type: ipv6, Location: 美国-加利福尼亚州-圣克拉拉, ISP: DigitalOcean, Date: None, Delay: 0.1 ms, Speed: inf M/s, Resolution: 1920x1080
Name: 陕西卫视, URL: https://www.freetv.top/migu/738910838.m3u8?migutoken=ac84c97dd81618cf2a8e4a9d33f1d29961c35a2c55c03702427fbd5a28ba1a3e5436de3a0e7c53e40b4d8c68cfd0827a614fc40283c8d0e64a79e05eeeb3398317650d6eefe46b9c1f9e679c61, From: subscribe, IPv_Type: ipv6, Location: 美国-加利福尼亚州-圣克拉拉, ISP: DigitalOcean, Date: None, Delay: 0.1 ms, Speed: inf M/s, Resolution: 1920x1080
Name: 陕西卫视, URL: https://www.freetv.top/migu/738910838.m3u8?migutoken=793510585612abf02280cb9e867718e1ffc1b2726bc7b7acf484b6920cda841f1a80ac5947c612dfdd9c2fca36fc223c12bc6866708b30f66c4d2a2fe3164ae493381d8a6579b0707f413bc819, From: subscribe, IPv_Type: ipv6, Location: 美国-加利福尼亚州-圣克拉拉, ISP: DigitalOcean, Date: None, Delay: 0.1 ms, Speed: inf M/s, Resolution: 1920x1080
Name: 陕西卫视, URL: https://www.freetv.top/migu/738910838.m3u8?migutoken=79aa328d259730c69550d444c628a5ca440ea707bc0d50d47fee796a3c6976b06c8f90ab53b8059b3098b41c4471f2c8dd889fdcb6575e9e96ae871f060ecbe16267b37a5a16fa4d84812713af, From: subscribe, IPv_Type: ipv6, Location: 美国-加利福尼亚州-圣克拉拉, ISP: DigitalOcean, Date: None, Delay: 0.1 ms, Speed: inf M/s, Resolution: 1920x1080
Name: 陕西卫视, URL: https://stream1.freetv.fun/shan-xi-wei-shi-117.m3u8, From: subscribe, IPv_Type: ipv6, Location: 美国, ISP: CloudFlare Inc., Date: None, Delay: 0.1 ms, Speed: inf M/s, Resolution: 1920x1080
Name: 陕西卫视, URL: http://[2409:8087:1a01:df::7005]:80/ottrrs.hl.chinamobile.com/PLTV/88888888/224/3221225625/index.m3u8, From: subscribe, IPv_Type: ipv6, Location: 中国, ISP: 中国移动, Date: None, Delay: 0.1 ms, Speed: inf M/s, Resolution: 1920x1080
Name: 陕西卫视, URL: http://[2409:8087:3869:8021:1001::e5]:6610/PLTV/88888888/224/3221225729/2/index.m3u8, From: subscribe, IPv_Type: ipv6, Location: 中国, ISP: 中国移动, Date: None, Delay: 0.1 ms, Speed: inf M/s, Resolution: 1920x1080
Name: 陕西卫视, URL: http://[2409:8087:8:21::18]:6610/otttv.bj.chinamobile.com/PLTV/88888888/224/3221226999/1.m3u8?GuardEncType=2&accountinfo=%7E%7EV2.0%7EsGLKaSqf0wDZMbAjeQtfyw%7EtP4-l0lmSfjwLWEfK_el1vH_mv-s1zo4AQJwdedaVwG9xkuFTDg8J26cwOrNJzn20BErrHdLhuZ9EzLUCD3PMW-OMx4MGteHV2vLeW6BqoY%2CEND, From: subscribe, IPv_Type: ipv6, Location: 中国, ISP: 中国移动, Date: None, Delay: -1 ms, Speed: 0.00 M/s, Resolution: None
Name: 陕西卫视, URL: http://rrs01.hw.gmcc.net:8088/PLTV/81/224/3221226707/1.m3u8, From: subscribe, IPv_Type: ipv6, Location: 中国, ISP: 中国移动, Date: None, Delay: -1 ms, Speed: 0.00 M/s, Resolution: None
Name: 陕西卫视, URL: https://migu.188766.xyz/?migutoken=6c1651f4bfb19ef3318df9940f5030f0&id=%E9%99%95%E8%A5%BF%E5%8D%AB%E8%A7%86&pp=1, From: subscribe, IPv_Type: ipv6, Location: 美国, ISP: CloudFlare Inc., Date: None, Delay: -1 ms, Speed: 0.00 M/s, Resolution: None
Name: 陕西卫视, URL: https://migu.188766.xyz/?migutoken=10c796b9a6319d64719c78ea4d04cffa&id=%E9%99%95%E8%A5%BF%E5%8D%AB%E8%A7%86&pp=1, From: subscribe, IPv_Type: ipv6, Location: 美国, ISP: CloudFlare Inc., Date: None, Delay: -1 ms, Speed: 0.00 M/s, Resolution: None
Name: 陕西卫视, URL: http://[2409:8087:1a15:10d1::37]/ottrrs.hl.chinamobile.com/PLTV/88888888/224/3221225625/index.m3u8, From: subscribe, IPv_Type: ipv6, Location: 中国, ISP: 中国移动, Date: None, Delay: -1 ms, Speed: 0.00 M/s, Resolution: None
Name: 陕西卫视, URL: http://[2409:8087:5e08:25::16]:6610/200000001898/460000089800010113/1.m3u8, From: subscribe, IPv_Type: ipv6, Location: 中国, ISP: 中国移动, Date: None, Delay: -1 ms, Speed: 0.00 M/s, Resolution: None
Name: 陕西卫视, URL: https://mursor.ottiptv.cc/mcp/shanxiws.m3u8, From: subscribe, IPv_Type: ipv6, Location: 美国, ISP: Oracle Corporation, Date: None, Delay: -1 ms, Speed: 0.00 M/s, Resolution: None
Name: 陕西卫视, URL: http://gslbmgsplive.miguvideo.com/migu/kailu/shan3xiws/51/20220809/index.m3u8?msisdn=202509190801339b4e2eb253f1415d98bf40011a96fcd5&mdspid=&spid=600633&netType=0&sid=5910020475&pid=2028597139&timestamp=20250919080133&Channel_ID=0116_2600000900-99000-201600010010027&ProgramID=738910838&ParentNodeID=-99&assertID=5910020475&client_ip=106.13.250.88&SecurityKey=20250919080133&promotionId=&mvid=5900004331&mcid=500020&playurlVersion=WX-A1-8.9.1-RELEASE&userid=&jmhm=&videocodec=h264&bean=mgspad&tid=android&conFee=0&puData=d30214bbebd8852ee5db4a6a5b56b508&ddCalcu=8d03e501b2861054bb5bae6bad48b8d552ee, From: subscribe, IPv_Type: ipv6, Location: 中国, ISP: 中国移动, Date: None, Delay: -1 ms, Speed: 0.00 M/s, Resolution: None
Name: 陕西卫视, URL: https://cc06.tv12.xyz/106.m3u8, From: subscribe, IPv_Type: ipv6, Location: 美国, ISP: CloudFlare Inc., Date: None, Delay: -1 ms, Speed: 0.00 M/s, Resolution: None
Name: 陕西卫视, URL: https://jzb.wwkejishe.top/?id=603, From: subscribe, IPv_Type: ipv6, Location: 美国, ISP: CloudFlare Inc., Date: None, Delay: -1 ms, Speed: 0.00 M/s, Resolution: None
Name: 陕西卫视, URL: https://migu.188766.xyz/?migutoken=ad1bc67421faa820a8d55c38df919e84&id=%E9%99%95%E8%A5%BF%E5%8D%AB%E8%A7%86&type=yy, From: subscribe, IPv_Type: ipv6, Location: 美国, ISP: CloudFlare Inc., Date: None, Delay: -1 ms, Speed: 0.00 M/s, Resolution: None
Name: 陕西卫视, URL: https://migu.188766.xyz/?migutoken=6fa840ae6a44660f893048934b1bfe10&id=%E9%99%95%E8%A5%BF%E5%8D%AB%E8%A7%86&type=yy, From: subscribe, IPv_Type: ipv6, Location: 美国, ISP: CloudFlare Inc., Date: None, Delay: -1 ms, Speed: 0.00 M/s, Resolution: None
Name: 四川卫视, URL: https://iptv.catvod.com/live.php?id=%E5%9B%9B%E5%B7%9D%E5%8D%AB%E8%A7%86%E5%8F%B0, From: local, IPv_Type: ipv6, Location: 美国, ISP: CloudFlare Inc., Date: None, Delay: -1 ms, Speed: 0.00 M/s, Resolution: None
Name: 四川卫视, URL: https://iptv.catvod.com/live.php?id=%E5%9B%9B%E5%B7%9D, From: local, IPv_Type: ipv6, Location: 美国, ISP: CloudFlare Inc., Date: None, Delay: -1 ms, Speed: 0.00 M/s, Resolution: None
Name: 四川卫视, URL: https://iptv.catvod.com/live.php?id=%E5%9B%9B%E5%B7%9D%E5%8D%AB%E8%A7%864K%E5%8F%B0, From: local, IPv_Type: ipv6, Location: 美国, ISP: CloudFlare Inc., Date: None, Delay: -1 ms, Speed: 0.00 M/s, Resolution: None
Name: 四川卫视, URL: http://php.jdshipin.com/TVOD/hljyd.php?id=3221226338, From: subscribe, IPv_Type: ipv6, Location: 美国, ISP: CloudFlare Inc., Date: None, Delay: 0.1 ms, Speed: inf M/s, Resolution: 1920x1080
Name: 四川卫视, URL: http://z.b.bkpcp.top/m.php?id=scws, From: subscribe, IPv_Type: ipv6, Location: 美国, ISP: CloudFlare Inc., Date: None, Delay: 0.1 ms, Speed: inf M/s, Resolution: 1920x1080
Name: 四川卫视, URL: http://j.x.bkpcp.top/jx/SICHD, From: subscribe, IPv_Type: ipv6, Location: 美国, ISP: CloudFlare Inc., Date: None, Delay: 0.1 ms, Speed: inf M/s, Resolution: 1920x1080
Name: 四川卫视, URL: http://iptv.huuc.edu.cn/hls/schd.m3u8, From: subscribe, IPv_Type: ipv6, Location: 中国, ISP: 教育网, Date: None, Delay: 0.1 ms, Speed: inf M/s, Resolution: 1920x1080
Name: 四川卫视, URL: http://dsj.motem.top:8880/bptv/10000100000000050000000003887274.m3u8, From: subscribe, IPv_Type: ipv6, Location: 美国, ISP: CloudFlare Inc., Date: None, Delay: 0.1 ms, Speed: inf M/s, Resolution: 1920x1080
Name: 四川卫视, URL: http://[2409:8087:1a0a:df::404b]/ottrrs.hl.chinamobile.com/TVOD/88888888/224/3221226338/index.m3u8, From: subscribe, IPv_Type: ipv6, Location: 中国, ISP: 中国移动, Date: None, Delay: 0.1 ms, Speed: inf M/s, Resolution: 1920x1080
Name: 四川卫视, URL: http://[2409:8087:1a01:df::4077]/ottrrs.hl.chinamobile.com/PLTV/88888888/8/3221226338/index.m3u8, From: subscribe, IPv_Type: ipv6, Location: 中国, ISP: 中国移动, Date: None, Delay: 0.1 ms, Speed: inf M/s, Resolution: 1920x1080
Name: 四川卫视, URL: http://[2409:8087:8:21::18]:6610/otttv.bj.chinamobile.com/PLTV/88888888/224/3221226523/1.m3u8, From: subscribe, IPv_Type: ipv6, Location: 中国, ISP: 中国移动, Date: None, Delay: 0.1 ms, Speed: inf M/s, Resolution: 1920x1080
Name: 四川卫视, URL: http://[2409:8087:8:21::18]:6610/otttv.bj.chinamobile.com/PLTV/88888888/224/3221226924/1.m3u8, From: subscribe, IPv_Type: ipv6, Location: 中国, ISP: 中国移动, Date: None, Delay: 0.1 ms, Speed: inf M/s, Resolution: 1920x1080
Name: 四川卫视, URL: http://[2409:8087:2001:20:2800:0:df6e:eb08]:80/ott.mobaibox.com/PLTV/4/224/3221228171/index.m3u8, From: subscribe, IPv_Type: ipv6, Location: 中国, ISP: 中国移动, Date: None, Delay: 0.1 ms, Speed: inf M/s, Resolution: 1920x1080
Name: 四川卫视, URL: http://[2409:8087:1e03:21::2]:6060/cms001/ch00000090990000001130/index.m3u8, From: subscribe, IPv_Type: ipv6, Location: 中国, ISP: 中国移动, Date: None, Delay: 0.1 ms, Speed: inf M/s, Resolution: 1920x1080
Name: 四川卫视, URL: http://[2409:8087:3428:20:500::100f]:6610/PLTV/88888888/224/3221225835/index.m3u8?servicetype=1&IASHttpSessionId=RR423820220409134714119178, From: subscribe, IPv_Type: ipv6, Location: 中国, ISP: 中国移动, Date: None, Delay: 0.1 ms, Speed: inf M/s, Resolution: 1920x1080
Name: 四川卫视, URL: http://nas.suntao.online:35455/itv/5000000004000006119.m3u8?cdn=bestzb, From: subscribe, IPv_Type: ipv6, Location: 中国, ISP: 中国联通, Date: None, Delay: 0.1 ms, Speed: inf M/s, Resolution: 1920x1080
Name: 四川卫视, URL: http://iptv.cdn.ha.chinamobile.com/PLTV/88888888/224/3221227197/index.m3u8, From: subscribe, IPv_Type: ipv6, Location: 中国, ISP: 中国移动, Date: None, Delay: 0.1 ms, Speed: inf M/s, Resolution: 1920x1080
Name: 四川卫视, URL: http://hwrr.jx.chinamobile.com:8080/PLTV/88888888/224/3221225487/index.m3u8?fmt=ts2hls, From: subscribe, IPv_Type: ipv6, Location: 中国, ISP: 中国移动, Date: None, Delay: 0.1 ms, Speed: inf M/s, Resolution: 1920x1080
Name: 四川卫视, URL: http://[2409:8087:3428:20:500::100f]:6610/PLTV/88888888/224/3221227182/index.m3u8?servicetype=1&IASHttpSessionId=RR423820220409134714119178, From: subscribe, IPv_Type: ipv6, Location: 中国, ISP: 中国移动, Date: None, Delay: 0.1 ms, Speed: inf M/s, Resolution: 1920x1080
Name: 四川卫视, URL: http://[2409:8087:3428:20:500::1009]:6610/PLTV/88888888/224/3221227182/index.m3u8?servicetype=1&IASHttpSessionId=RR423820220409134714119178, From: subscribe, IPv_Type: ipv6, Location: 中国, ISP: 中国移动, Date: None, Delay: 0.1 ms, Speed: inf M/s, Resolution: 1920x1080
Name: 四川卫视, URL: http://[2409:8087:2001:20:2800:0:df6e:eb09]/ott.mobaibox.com/PLTV/3/224/3221227556/index.m3u8, From: subscribe, IPv_Type: ipv6, Location: 中国, ISP: 中国移动, Date: None, Delay: 0.1 ms, Speed: inf M/s, Resolution: 1920x1080
Name: 四川卫视, URL: http://[2409:8087:4c0a:22:1::11]:6410/170000001115/UmaiCHAN3840706BESTVSMGSMG9/index.m3u8?m3u8_level=2, From: subscribe, IPv_Type: ipv6, Location: 中国, ISP: 中国移动, Date: None, Delay: 0.1 ms, Speed: inf M/s, Resolution: 1920x1080
Name: 四川卫视, URL: http://[2409:8087:4c0a:22:1::4]:6610/170000001115/UmaiCHAN3840706BESTVSMGSMG9/index.m3u8?&AuthInfo=iKAcXCX%2F8sSJnr5njfYL%2Bb%2BLLe3iX6MD%2FSG8Auk%2FYIrBUytcDOb9RAYt8ZWjjY0W6uPIF94XCzPjJb9f5ln6UQ%3D%3D, From: subscribe, IPv_Type: ipv6, Location: 中国, ISP: 中国移动, Date: None, Delay: 0.1 ms, Speed: inf M/s, Resolution: 1920x1080
Name: 四川卫视, URL: http://[2409:8087:1a0b:df::4020]:80/ottrrs.hl.chinamobile.com/PLTV/88888888/224/3221226338/index.m3u8, From: subscribe, IPv_Type: ipv6, Location: 中国, ISP: 中国移动, Date: None, Delay: 0.1 ms, Speed: inf M/s, Resolution: 1920x1080
Name: 四川卫视, URL: https://stream1.freetv.fun/si-chuan-wei-shi-gao-qing-1.ctv, From: subscribe, IPv_Type: ipv6, Location: 美国, ISP: CloudFlare Inc., Date: None, Delay: 0.1 ms, Speed: inf M/s, Resolution: 1920x1080
Name: 四川卫视, URL: https://stream1.freetv.fun/si-chuan-wei-shi-gao-qing-7.ctv, From: subscribe, IPv_Type: ipv6, Location: 美国, ISP: CloudFlare Inc., Date: None, Delay: 0.1 ms, Speed: inf M/s, Resolution: 1920x1080
Name: 四川卫视, URL: https://stream1.freetv.fun/si-chuan-wei-shi-gao-qing-6.ctv, From: subscribe, IPv_Type: ipv6, Location: 美国, ISP: CloudFlare Inc., Date: None, Delay: 0.1 ms, Speed: inf M/s, Resolution: 1920x1080
Name: 四川卫视, URL: http://live.wqwqwq.sbs/itv/5000000004000006119.m3u8?cdn=bestzb, From: subscribe, IPv_Type: ipv6, Location: 美国, ISP: CloudFlare Inc., Date: None, Delay: 0.1 ms, Speed: inf M/s, Resolution: 1920x1080
Name: 四川卫视, URL: http://[2409:8087:3428:20:500::1009]:6610/PLTV/88888888/224/3221225835/index.m3u8?servicetype=1&IASHttpSessionId=RR423820220409134714119178, From: subscribe, IPv_Type: ipv6, Location: 中国, ISP: 中国移动, Date: None, Delay: 0.1 ms, Speed: inf M/s, Resolution: 1920x1080
Name: 四川卫视, URL: http://[2409:8087:1e03:21::42]:6610/cms001/ch00000090990000001130/index.m3u8, From: subscribe, IPv_Type: ipv6, Location: 中国, ISP: 中国移动, Date: None, Delay: 0.1 ms, Speed: inf M/s, Resolution: 1920x1080
Name: 四川卫视, URL: http://[2409:8087:74f0:22::6]:6410/270000001128/9900000025/index.m3u8, From: subscribe, IPv_Type: ipv6, Location: 中国, ISP: 中国移动, Date: None, Delay: 0.1 ms, Speed: inf M/s, Resolution: 1920x1080
Name: 四川卫视, URL: http://[2409:8087:1a01:df::7005]/ottrrs.hl.chinamobile.com/PLTV/88888888/224/3221226338/index.m3u8, From: subscribe, IPv_Type: ipv6, Location: 中国, ISP: 中国移动, Date: None, Delay: 0.1 ms, Speed: inf M/s, Resolution: 1920x1080
Name: 四川卫视, URL: http://[2409:8087:5e00:24::1e]:6060/200000001898/460000089800010115/1.m3u8, From: subscribe, IPv_Type: ipv6, Location: 中国, ISP: 中国移动, Date: None, Delay: 0.1 ms, Speed: inf M/s, Resolution: 1920x1080
Name: 四川卫视, URL: http://[2409:8087:3869:8021:1001::e5]:6610/PLTV/88888888/224/3221225487/2/index.m3u8, From: subscribe, IPv_Type: ipv6, Location: 中国, ISP: 中国移动, Date: None, Delay: -1 ms, Speed: 0.00 M/s, Resolution: None
Name: 四川卫视, URL: http://[2409:8087:8:21::18]:6610/otttv.bj.chinamobile.com/PLTV/88888888/224/3221226995/1.m3u8?GuardEncType=2&accountinfo=%7E%7EV2.0%7EBQiz3wrGrpG0CUSRIJ-7Jg%7EtP4-l0lmSfjwLWEfK_el1vH_mv-s1zo4AQJwdedaVwG9xkuFTDg8J26cwOrNJzn20BErrHdLhuZ9EzLUCD3PMW-OMx4MGteHV2vLeW6BqoY%2CEND, From: subscribe, IPv_Type: ipv6, Location: 中国, ISP: 中国移动, Date: None, Delay: -1 ms, Speed: 0.00 M/s, Resolution: None
Name: 四川卫视, URL: http://rrs01.hw.gmcc.net:8088/PLTV/81/224/3221226659/1.m3u8, From: subscribe, IPv_Type: ipv6, Location: 中国, ISP: 中国移动, Date: None, Delay: -1 ms, Speed: 0.00 M/s, Resolution: None
Name: 四川卫视, URL: http://[2409:8087:1a15:10d1::34]/ottrrs.hl.chinamobile.com/PLTV/88888888/224/3221226338/index.m3u8, From: subscribe, IPv_Type: ipv6, Location: 中国, ISP: 中国移动, Date: None, Delay: -1 ms, Speed: 0.00 M/s, Resolution: None
Name: 四川卫视, URL: http://[2409:8087:5e08:25::16]:6610/200000001898/460000089800010115/1.m3u8, From: subscribe, IPv_Type: ipv6, Location: 中国, ISP: 中国移动, Date: None, Delay: -1 ms, Speed: 0.00 M/s, Resolution: None
Name: 四川卫视, URL: https://migu.188766.xyz/?migutoken=9b60338f5aa802b0654a71be39f09724&id=scws&type=sz, From: subscribe, IPv_Type: ipv6, Location: 美国, ISP: CloudFlare Inc., Date: None, Delay: -1 ms, Speed: 0.00 M/s, Resolution: None
Name: 四川卫视, URL: https://cc06.tv12.xyz/99.m3u8, From: subscribe, IPv_Type: ipv6, Location: 美国, ISP: CloudFlare Inc., Date: None, Delay: -1 ms, Speed: 0.00 M/s, Resolution: None
Name: 三沙卫视, URL: http://dsj.motem.top:8880/bptv/10000100000000050000000003887452.m3u8, From: subscribe, IPv_Type: ipv6, Location: 美国, ISP: CloudFlare Inc., Date: None, Delay: 0.1 ms, Speed: inf M/s, Resolution: 1920x1080
Name: 三沙卫视, URL: http://[2409:8087:2001:20:2800:0:df6e:eb21]:80/ott.mobaibox.com/PLTV/4/224/3221228626/index.m3u8, From: subscribe, IPv_Type: ipv6, Location: 中国, ISP: 中国移动, Date: None, Delay: 0.1 ms, Speed: inf M/s, Resolution: 1920x1080
Name: 三沙卫视, URL: http://[2409:8087:1e03:21::2]:6060/cms001/ch00000090990000001185/index.m3u8, From: subscribe, IPv_Type: ipv6, Location: 中国, ISP: 中国移动, Date: None, Delay: 0.1 ms, Speed: inf M/s, Resolution: 1920x1080
Name: 三沙卫视, URL: http://[2409:8087:3428:20:500::100f]:6610/PLTV/88888888/224/3221227172/index.m3u8?servicetype=1&IASHttpSessionId=RR423820220409134714119178, From: subscribe, IPv_Type: ipv6, Location: 中国, ISP: 中国移动, Date: None, Delay: 0.1 ms, Speed: inf M/s, Resolution: 1920x1080
Name: 三沙卫视, URL: http://[2409:8087:3428:20:500::1009]:6610/PLTV/88888888/224/3221227172/index.m3u8?servicetype=1&IASHttpSessionId=RR423820220409134714119178, From: subscribe, IPv_Type: ipv6, Location: 中国, ISP: 中国移动, Date: None, Delay: 0.1 ms, Speed: inf M/s, Resolution: 1920x1080
Name: 三沙卫视, URL: http://[2409:8087:5e01:34::20]:6610/ZTE_CMS/08984400000000060000000000000319/index.m3u8?IAS, From: subscribe, IPv_Type: ipv6, Location: 中国, ISP: 中国移动, Date: None, Delay: 0.1 ms, Speed: inf M/s, Resolution: 1920x1080
Name: 三沙卫视, URL: http://[2409:8087:8:21::18]:6610/otttv.bj.chinamobile.com/PLTV/88888888/224/3221226544/1.m3u8, From: subscribe, IPv_Type: ipv6, Location: 中国, ISP: 中国移动, Date: None, Delay: 0.1 ms, Speed: inf M/s, Resolution: 1920x1080
Name: 三沙卫视, URL: http://[2409:8087:5e01:34::21]:6610/ZTE_CMS/08984400000000060000000000000319/index.m3u8, From: subscribe, IPv_Type: ipv6, Location: 中国, ISP: 中国移动, Date: None, Delay: 0.1 ms, Speed: inf M/s, Resolution: 1920x1080
Name: 三沙卫视, URL: https://stream1.freetv.fun/8bd6b69c423ac31e71c2311ad33f4f291e1314c69005ffb7b3b7defc2944adb2.m3u8, From: subscribe, IPv_Type: ipv6, Location: 美国, ISP: CloudFlare Inc., Date: None, Delay: -1 ms, Speed: 0.00 M/s, Resolution: None
Name: 三沙卫视, URL: https://stream1.freetv.fun/san-sha-wei-shi-5.m3u8, From: subscribe, IPv_Type: ipv6, Location: 美国, ISP: CloudFlare Inc., Date: None, Delay: 0.1 ms, Speed: inf M/s, Resolution: 1920x1080
Name: 三沙卫视, URL: https://stream1.freetv.fun/san-sha-wei-shi-9.m3u8, From: subscribe, IPv_Type: ipv6, Location: 美国, ISP: CloudFlare Inc., Date: None, Delay: 0.1 ms, Speed: inf M/s, Resolution: 1920x1080
Name: 三沙卫视, URL: http://[2409:8087:5e00:24::1e]:6060/000000001000/4600001000000000117/1.m3u8, From: subscribe, IPv_Type: ipv6, Location: 中国, ISP: 中国移动, Date: None, Delay: 0.1 ms, Speed: inf M/s, Resolution: 1920x1080
Name: 三沙卫视, URL: https://livessws.hnntv.cn/live/ssws_02hnntv.m3u8?_upt=c509d0ea1747156492, From: subscribe, IPv_Type: ipv6, Location: 中国, ISP: 中国电信, Date: None, Delay: -1 ms, Speed: 0.00 M/s, Resolution: None
Name: 三沙卫视, URL: https://migu.188766.xyz/?migutoken=616ad01fb4bf8f31aa4d475afb74e0a9&id=hn_ssws&type=sz, From: subscribe, IPv_Type: ipv6, Location: 美国, ISP: CloudFlare Inc., Date: None, Delay: -1 ms, Speed: 0.00 M/s, Resolution: None
Name: 西藏卫视, URL: https://iptv.catvod.com/live.php?id=%E8%A5%BF%E8%97%8F%E5%8D%AB%E8%A7%86%E5%8F%B0, From: local, IPv_Type: ipv6, Location: 美国, ISP: CloudFlare Inc., Date: None, Delay: -1 ms, Speed: 0.00 M/s, Resolution: None
Name: 西藏卫视, URL: https://iptv.catvod.com/live.php?id=%E8%A5%BF%E8%97%8F, From: local, IPv_Type: ipv6, Location: 美国, ISP: CloudFlare Inc., Date: None, Delay: -1 ms, Speed: 0.00 M/s, Resolution: None
Name: 西藏卫视, URL: http://php.jdshipin.com/TVOD/hljyd.php?id=3221225638, From: subscribe, IPv_Type: ipv6, Location: 美国, ISP: CloudFlare Inc., Date: None, Delay: -1 ms, Speed: 0.00 M/s, Resolution: None
Name: 西藏卫视, URL: http://z.b.bkpcp.top/m.php?id=xzws, From: subscribe, IPv_Type: ipv6, Location: 美国, ISP: CloudFlare Inc., Date: None, Delay: 0.1 ms, Speed: inf M/s, Resolution: 1920x1080
Name: 西藏卫视, URL: http://goo.bkpcp.top/mg/xzws, From: subscribe, IPv_Type: ipv6, Location: 美国, ISP: CloudFlare Inc., Date: None, Delay: 0.1 ms, Speed: inf M/s, Resolution: 1920x1080
Name: 西藏卫视, URL: http://dsj.motem.top:8880/bptv/10000100000000050000000003887434.m3u8, From: subscribe, IPv_Type: ipv6, Location: 美国, ISP: CloudFlare Inc., Date: None, Delay: 0.1 ms, Speed: inf M/s, Resolution: 1920x1080
Name: 西藏卫视, URL: https://tv.vtibet.cn/live/h701F9MpxzPDyE.m3u8?secret=4eca0fb428c7390f0e7cdee6a0044c78&time=6817e4bb, From: subscribe, IPv_Type: ipv6, Location: 中国, ISP: 中国电信, Date: None, Delay: 0.1 ms, Speed: inf M/s, Resolution: 1920x1080
Name: 西藏卫视, URL: https://tv.vtibet.cn/live/h701F9MpxzPDyE.m3u8?secret=afa6fbb9cc7add965ab98221ae0d8596&time=681691e7, From: subscribe, IPv_Type: ipv6, Location: 中国, ISP: 中国电信, Date: None, Delay: 0.1 ms, Speed: inf M/s, Resolution: 1920x1080
Name: 西藏卫视, URL: https://tv.vtibet.cn/live/h701F9MpxzPDyE.m3u8?secret=ddde6b45f5065c5066ded53d6559f31c&time=68134627, From: subscribe, IPv_Type: ipv6, Location: 中国, ISP: 中国电信, Date: None, Delay: 0.1 ms, Speed: inf M/s, Resolution: 1920x1080
Name: 西藏卫视, URL: http://[2409:8087:1e03:21::2]:6060/cms001/ch00000090990000001072/index.m3u8, From: subscribe, IPv_Type: ipv6, Location: 中国, ISP: 中国移动, Date: None, Delay: 0.1 ms, Speed: inf M/s, Resolution: 1920x1080
Name: 西藏卫视, URL: http://[2409:8087:3428:20:500::100f]:6610/PLTV/88888888/224/3221226847/index.m3u8?servicetype=1&IASHttpSessionId=RR423820220409134714119178, From: subscribe, IPv_Type: ipv6, Location: 中国, ISP: 中国移动, Date: None, Delay: 0.1 ms, Speed: inf M/s, Resolution: 1920x1080
Name: 西藏卫视, URL: http://[2409:8087:3428:20:500::1009]:6610/PLTV/88888888/224/3221226847/index.m3u8?servicetype=1&IASHttpSessionId=RR423820220409134714119178, From: subscribe, IPv_Type: ipv6, Location: 中国, ISP: 中国移动, Date: None, Delay: 0.1 ms, Speed: inf M/s, Resolution: 1920x1080
Name: 西藏卫视, URL: http://[2409:8087:8:21::18]:6610/otttv.bj.chinamobile.com/PLTV/88888888/224/3221226527/1.m3u8, From: subscribe, IPv_Type: ipv6, Location: 中国, ISP: 中国移动, Date: None, Delay: 0.1 ms, Speed: inf M/s, Resolution: 1920x1080
Name: 西藏卫视, URL: http://[2409:8087:8:21::18]:6610/otttv.bj.chinamobile.com/PLTV/88888888/224/3221226930/1.m3u8, From: subscribe, IPv_Type: ipv6, Location: 中国, ISP: 中国移动, Date: None, Delay: 0.1 ms, Speed: inf M/s, Resolution: 1920x1080
Name: 西藏卫视, URL: http://[2409:8087:3428:20:500::100f]:6610/PLTV/88888888/224/3221227217/index.m3u8?servicetype=1&IASHttpSessionId=RR423820220409134714119178, From: subscribe, IPv_Type: ipv6, Location: 中国, ISP: 中国移动, Date: None, Delay: 0.1 ms, Speed: inf M/s, Resolution: 1920x1080
Name: 西藏卫视, URL: https://tv.vtibet.cn/live/h701F9MpxzPDyE.m3u8?secret=8256c872ff0deaa54124f36a4655c97e&time=6810e978, From: subscribe, IPv_Type: ipv6, Location: 中国, ISP: 中国电信, Date: None, Delay: 0.1 ms, Speed: inf M/s, Resolution: 1920x1080
Name: 西藏卫视, URL: http://php.jdshipin.com/xztv.php?id=ws, From: subscribe, IPv_Type: ipv6, Location: 美国, ISP: CloudFlare Inc., Date: None, Delay: 0.1 ms, Speed: inf M/s, Resolution: 1920x1080
Name: 西藏卫视, URL: http://dbiptv.sn.chinamobile.com/PLTV/88888888/224/3221226212/1.m3u8, From: subscribe, IPv_Type: ipv6, Location: 中国, ISP: 中国移动, Date: None, Delay: 0.1 ms, Speed: inf M/s, Resolution: 1920x1080
Name: 西藏卫视, URL: https://stream1.freetv.fun/0bb4d5a247d7405db362b9b01abcddedd19acb010c72cea05ebb13de3764c8f7.ctv, From: subscribe, IPv_Type: ipv6, Location: 美国, ISP: CloudFlare Inc., Date: None, Delay: 0.1 ms, Speed: inf M/s, Resolution: 1920x1080
Name: 西藏卫视, URL: https://stream1.freetv.fun/d90f781fc61300e7f5a098be9c3dcd60c7cc26592d9911f549548970347b8f1b.ctv, From: subscribe, IPv_Type: ipv6, Location: 美国, ISP: CloudFlare Inc., Date: None, Delay: 0.1 ms, Speed: inf M/s, Resolution: 1920x1080
Name: 西藏卫视, URL: https://stream1.freetv.fun/8d77659654cdd9421fdb03ed82cfbb17f858261097234c6b98e26afe91fab4a8.ctv, From: subscribe, IPv_Type: ipv6, Location: 美国, ISP: CloudFlare Inc., Date: None, Delay: 0.1 ms, Speed: inf M/s, Resolution: 1920x1080
Name: 西藏卫视, URL: https://stream1.freetv.fun/a3691c34d33f9f12c34e81eff41ef056a235340128db1ac89bf2ccc314744e57.ctv, From: subscribe, IPv_Type: ipv6, Location: 美国, ISP: CloudFlare Inc., Date: None, Delay: 0.1 ms, Speed: inf M/s, Resolution: 1920x1080
Name: 西藏卫视, URL: https://stream1.freetv.fun/c5167dfaa8e7ca26b86ba617808fc2b90d232c67578a13f90584e5dfcdefc24a.ctv, From: subscribe, IPv_Type: ipv6, Location: 美国, ISP: CloudFlare Inc., Date: None, Delay: 0.1 ms, Speed: inf M/s, Resolution: 1920x1080
Name: 西藏卫视, URL: http://[2409:8087:3428:20:500::1009]:6610/PLTV/88888888/224/3221227217/index.m3u8?servicetype=1&IASHttpSessionId=RR423820220409134714119178, From: subscribe, IPv_Type: ipv6, Location: 中国, ISP: 中国移动, Date: None, Delay: 0.1 ms, Speed: inf M/s, Resolution: 1920x1080
Name: 西藏卫视, URL: http://[2409:8087:8:21::18]:6610/otttv.bj.chinamobile.com/PLTV/88888888/224/3221227033/1.m3u8?GuardEncType=2&accountinfo=%7E%7EV2.0%7EdeTB7OZ9G_VNJk5C3t96fQ%7EtP4-l0lmSfjwLWEfK_el1vH_mv-s1zo4AQJwdedaVwG9xkuFTDg8J26cwOrNJzn20BErrHdLhuZ9EzLUCD3PMW-OMx4MGteHV2vLeW6BqoY%2CEND, From: subscribe, IPv_Type: ipv6, Location: 中国, ISP: 中国移动, Date: None, Delay: -1 ms, Speed: 0.00 M/s, Resolution: None
Name: 西藏卫视, URL: http://[2409:8087:3869:8021:1001::e5]:6610/PLTV/88888888/224/3221225723/2/index.m3u8, From: subscribe, IPv_Type: ipv6, Location: 中国, ISP: 中国移动, Date: None, Delay: -1 ms, Speed: 0.00 M/s, Resolution: None
Name: 西藏卫视, URL: http://rrs01.hw.gmcc.net:8088/PLTV/81/224/3221226710/1.m3u8, From: subscribe, IPv_Type: ipv6, Location: 中国, ISP: 中国移动, Date: None, Delay: -1 ms, Speed: 0.00 M/s, Resolution: None
Name: 西藏卫视, URL: http://[2409:8087:1a15:10d1::39]/ottrrs.hl.chinamobile.com/PLTV/88888888/224/3221226433/index.m3u8, From: subscribe, IPv_Type: ipv6, Location: 中国, ISP: 中国移动, Date: None, Delay: -1 ms, Speed: 0.00 M/s, Resolution: None
Name: 西藏卫视, URL: http://[2409:8087:5e08:25::16]:6610/200000001898/460000089800010123/1.m3u8, From: subscribe, IPv_Type: ipv6, Location: 中国, ISP: 中国移动, Date: None, Delay: -1 ms, Speed: 0.00 M/s, Resolution: None
Name: 西藏卫视, URL: https://mursor.ottiptv.cc/mcp/xizang.m3u8, From: subscribe, IPv_Type: ipv6, Location: 美国, ISP: Oracle Corporation, Date: None, Delay: -1 ms, Speed: 0.00 M/s, Resolution: None
Name: 西藏卫视, URL: https://migu.188766.xyz/?migutoken=fef142d22e7917bad2d664bc00df5669&id=%E8%A5%BF%E8%97%8F%E5%8D%AB%E8%A7%86&pp=1, From: subscribe, IPv_Type: ipv6, Location: 美国, ISP: CloudFlare Inc., Date: None, Delay: -1 ms, Speed: 0.00 M/s, Resolution: None
Name: 西藏卫视, URL: http://k.061899.xyz/m.php?id=xzws, From: subscribe, IPv_Type: ipv6, Location: 新加坡, ISP: Aceville Pte.Ltd., Date: None, Delay: -1 ms, Speed: 0.00 M/s, Resolution: None
Name: 西藏卫视, URL: http://cc02.tv12.xyz/9.m3u8, From: subscribe, IPv_Type: ipv6, Location: 美国, ISP: CloudFlare Inc., Date: None, Delay: -1 ms, Speed: 0.00 M/s, Resolution: None
Name: 西藏卫视, URL: https://cc06.tv12.xyz/112.m3u8, From: subscribe, IPv_Type: ipv6, Location: 美国, ISP: CloudFlare Inc., Date: None, Delay: -1 ms, Speed: 0.00 M/s, Resolution: None
Name: 新疆卫视, URL: https://iptv.catvod.com/live.php?id=%E6%96%B0%E7%96%86%E5%8D%AB%E8%A7%86%E5%8F%B0, From: local, IPv_Type: ipv6, Location: 美国, ISP: CloudFlare Inc., Date: None, Delay: -1 ms, Speed: 0.00 M/s, Resolution: None
Name: 新疆卫视, URL: https://iptv.catvod.com/live.php?id=%E6%96%B0%E7%96%86, From: local, IPv_Type: ipv6, Location: 美国, ISP: CloudFlare Inc., Date: None, Delay: -1 ms, Speed: 0.00 M/s, Resolution: None
Name: 新疆卫视, URL: http://php.jdshipin.com/TVOD/hljyd.php?id=3221225635, From: subscribe, IPv_Type: ipv6, Location: 美国, ISP: CloudFlare Inc., Date: None, Delay: 0.1 ms, Speed: inf M/s, Resolution: 1920x1080
Name: 新疆卫视, URL: http://z.b.bkpcp.top/m.php?id=xjws, From: subscribe, IPv_Type: ipv6, Location: 美国, ISP: CloudFlare Inc., Date: None, Delay: 0.1 ms, Speed: inf M/s, Resolution: 1920x1080
Name: 新疆卫视, URL: http://j.x.bkpcp.top/jx/XJWS, From: subscribe, IPv_Type: ipv6, Location: 美国, ISP: CloudFlare Inc., Date: None, Delay: 0.1 ms, Speed: inf M/s, Resolution: 1920x1080
Name: 新疆卫视, URL: http://goo.bkpcp.top/mg/xjws, From: subscribe, IPv_Type: ipv6, Location: 美国, ISP: CloudFlare Inc., Date: None, Delay: 0.1 ms, Speed: inf M/s, Resolution: 1920x1080
Name: 新疆卫视, URL: http://dsj.motem.top:8880/bptv/10000100000000050000000003887448.m3u8, From: subscribe, IPv_Type: ipv6, Location: 美国, ISP: CloudFlare Inc., Date: None, Delay: 0.1 ms, Speed: inf M/s, Resolution: 1920x1080
Name: 新疆卫视, URL: http://[2409:8087:1a0a:df::404b]/ottrrs.hl.chinamobile.com/TVOD/88888888/224/3221225635/index.m3u8, From: subscribe, IPv_Type: ipv6, Location: 中国, ISP: 中国移动, Date: None, Delay: 0.1 ms, Speed: inf M/s, Resolution: 1920x1080
Name: 新疆卫视, URL: http://[2409:8087:2001:20:2800:0:df6e:eb0b]/wh7f454c46tw993550557_162751766/ott.mobaibox.com/PLTV/3/224/3221228290/index.m3u8?icpid=3&RTS=1668604377&from=40&popid=40&hms_devid=2038&prioritypopid=40&vqe=3, From: subscribe, IPv_Type: ipv6, Location: 中国, ISP: 中国移动, Date: None, Delay: 0.1 ms, Speed: inf M/s, Resolution: 1920x1080
Name: 新疆卫视, URL: http://[2409:8087:1a01:df::4077]/ottrrs.hl.chinamobile.com/PLTV/88888888/8/3221226460/index.m3u8, From: subscribe, IPv_Type: ipv6, Location: 中国, ISP: 中国移动, Date: None, Delay: 0.1 ms, Speed: inf M/s, Resolution: 1920x1080
Name: 新疆卫视, URL: http://[2409:8087:8:21::18]:6610/otttv.bj.chinamobile.com/PLTV/88888888/224/3221226546/1.m3u8, From: subscribe, IPv_Type: ipv6, Location: 中国, ISP: 中国移动, Date: None, Delay: 0.1 ms, Speed: inf M/s, Resolution: 1920x1080
Name: 新疆卫视, URL: http://[2409:8087:8:21::18]:6610/otttv.bj.chinamobile.com/PLTV/88888888/224/3221226923/1.m3u8, From: subscribe, IPv_Type: ipv6, Location: 中国, ISP: 中国移动, Date: None, Delay: 0.1 ms, Speed: inf M/s, Resolution: 1920x1080
Name: 新疆卫视, URL: http://[2409:8087:1e03:21::2]:6060/cms001/ch00000090990000001065/index.m3u8, From: subscribe, IPv_Type: ipv6, Location: 中国, ISP: 中国移动, Date: None, Delay: 0.1 ms, Speed: inf M/s, Resolution: 1920x1080
Name: 新疆卫视, URL: http://[2409:8087:3428:20:500::100f]:6610/PLTV/88888888/224/3221227248/index.m3u8?servicetype=1&IASHttpSessionId=RR423820220409134714119178, From: subscribe, IPv_Type: ipv6, Location: 中国, ISP: 中国移动, Date: None, Delay: 0.1 ms, Speed: inf M/s, Resolution: 1920x1080
Name: 新疆卫视, URL: http://[2409:8087:3428:20:500::1009]:6610/PLTV/88888888/224/3221227248/index.m3u8?servicetype=1&IASHttpSessionId=RR423820220409134714119178, From: subscribe, IPv_Type: ipv6, Location: 中国, ISP: 中国移动, Date: None, Delay: 0.1 ms, Speed: inf M/s, Resolution: 1920x1080
Name: 新疆卫视, URL: http://[2409:8087:3428:20:500::100f]:6610/PLTV/88888888/224/3221225852/index.m3u8?servicetype=1&IASHttpSessionId=RR423820220409134714119178, From: subscribe, IPv_Type: ipv6, Location: 中国, ISP: 中国移动, Date: None, Delay: 0.1 ms, Speed: inf M/s, Resolution: 1920x1080
Name: 新疆卫视, URL: http://[2409:8087:3428:20:500::1009]:6610/PLTV/88888888/224/3221225852/index.m3u8?servicetype=1&IASHttpSessionId=RR423820220409134714119178, From: subscribe, IPv_Type: ipv6, Location: 中国, ISP: 中国移动, Date: None, Delay: 0.1 ms, Speed: inf M/s, Resolution: 1920x1080
Name: 新疆卫视, URL: http://[2409:8087:2001:20:2800:0:df6e:eb0a]/ott.mobaibox.com/PLTV/3/224/3221228290/index.m3u8, From: subscribe, IPv_Type: ipv6, Location: 中国, ISP: 中国移动, Date: None, Delay: 0.1 ms, Speed: inf M/s, Resolution: 1920x1080
Name: 新疆卫视, URL: http://[2409:8087:5e01:34::23]:6610/ZTE_CMS/00000001000000060000000000000316/index.m3u8, From: subscribe, IPv_Type: ipv6, Location: 中国, ISP: 中国移动, Date: None, Delay: 0.1 ms, Speed: inf M/s, Resolution: 1920x1080
Name: 新疆卫视, URL: https://stream1.freetv.fun/xin-jiang-wei-shi-15.m3u8, From: subscribe, IPv_Type: ipv6, Location: 美国, ISP: CloudFlare Inc., Date: None, Delay: 0.1 ms, Speed: inf M/s, Resolution: 1920x1080
Name: 新疆卫视, URL: http://nas.jdshipin.com:8801/xjtv.php?id=xjws, From: subscribe, IPv_Type: ipv6, Location: 美国, ISP: CloudFlare Inc., Date: None, Delay: 0.1 ms, Speed: inf M/s, Resolution: 1920x1080
Name: 新疆卫视, URL: http://cdn.jdshipin.com:8880/ysp.php?id=xjws, From: subscribe, IPv_Type: ipv6, Location: 美国, ISP: CloudFlare Inc., Date: None, Delay: 0.1 ms, Speed: inf M/s, Resolution: 1920x1080
Name: 新疆卫视, URL: http://[2409:8087:1a01:df::7005]:80/ottrrs.hl.chinamobile.com/PLTV/88888888/224/3221225635/index.m3u8, From: subscribe, IPv_Type: ipv6, Location: 中国, ISP: 中国移动, Date: None, Delay: 0.1 ms, Speed: inf M/s, Resolution: 1920x1080
Name: 新疆卫视, URL: http://[2409:8087:3869:8021:1001::e5]:6610/PLTV/88888888/224/3221225725/2/index.m3u8, From: subscribe, IPv_Type: ipv6, Location: 中国, ISP: 中国移动, Date: None, Delay: -1 ms, Speed: 0.00 M/s, Resolution: None
Name: 新疆卫视, URL: http://rrs01.hw.gmcc.net:8088/PLTV/81/224/3221226700/1.m3u8, From: subscribe, IPv_Type: ipv6, Location: 中国, ISP: 中国移动, Date: None, Delay: -1 ms, Speed: 0.00 M/s, Resolution: None
Name: 新疆卫视, URL: http://[2409:8087:5e08:25::16]:6610/200000001898/460000089800010116/1.m3u8, From: subscribe, IPv_Type: ipv6, Location: 中国, ISP: 中国移动, Date: None, Delay: -1 ms, Speed: 0.00 M/s, Resolution: None
Name: 新疆卫视, URL: https://mursor.ottiptv.cc/mcp/xinjiang.m3u8, From: subscribe, IPv_Type: ipv6, Location: 美国, ISP: Oracle Corporation, Date: None, Delay: -1 ms, Speed: 0.00 M/s, Resolution: None
Name: 新疆卫视, URL: http://cc02.tv12.xyz/10.m3u8, From: subscribe, IPv_Type: ipv6, Location: 美国, ISP: CloudFlare Inc., Date: None, Delay: -1 ms, Speed: 0.00 M/s, Resolution: None
Name: 新疆卫视, URL: https://migu.188766.xyz/?migutoken=0510d20f731c4c17e3966897c666f863&id=xjws_hd&type=sz, From: subscribe, IPv_Type: ipv6, Location: 美国, ISP: CloudFlare Inc., Date: None, Delay: -1 ms, Speed: 0.00 M/s, Resolution: None
Name: 新疆卫视, URL: https://cc06.tv12.xyz/109.m3u8, From: subscribe, IPv_Type: ipv6, Location: 美国, ISP: CloudFlare Inc., Date: None, Delay: -1 ms, Speed: 0.00 M/s, Resolution: None
Name: 新疆卫视, URL: https://jzb.wwkejishe.top/?id=623, From: subscribe, IPv_Type: ipv6, Location: 美国, ISP: CloudFlare Inc., Date: None, Delay: -1 ms, Speed: 0.00 M/s, Resolution: None
Name: 云南卫视, URL: https://iptv.catvod.com/live.php?id=%E4%BA%91%E5%8D%97%E5%8D%AB%E8%A7%86%E5%8F%B0, From: local, IPv_Type: ipv6, Location: 美国, ISP: CloudFlare Inc., Date: None, Delay: -1 ms, Speed: 0.00 M/s, Resolution: None
Name: 云南卫视, URL: https://iptv.catvod.com/live.php?id=%E4%BA%91%E5%8D%97, From: local, IPv_Type: ipv6, Location: 美国, ISP: CloudFlare Inc., Date: None, Delay: -1 ms, Speed: 0.00 M/s, Resolution: None
Name: 云南卫视, URL: http://php.jdshipin.com/TVOD/hljyd.php?id=3221226444, From: subscribe, IPv_Type: ipv6, Location: 美国, ISP: CloudFlare Inc., Date: None, Delay: 0.1 ms, Speed: inf M/s, Resolution: 1920x1080
Name: 云南卫视, URL: http://z.b.bkpcp.top/m.php?id=ynws, From: subscribe, IPv_Type: ipv6, Location: 美国, ISP: CloudFlare Inc., Date: None, Delay: 0.1 ms, Speed: inf M/s, Resolution: 1920x1080
Name: 云南卫视, URL: http://goo.bkpcp.top/mg/ynws, From: subscribe, IPv_Type: ipv6, Location: 美国, ISP: CloudFlare Inc., Date: None, Delay: 0.1 ms, Speed: inf M/s, Resolution: 1920x1080
Name: 云南卫视, URL: http://dsj.motem.top:8880/bptv/10000100000000050000000003887453.m3u8, From: subscribe, IPv_Type: ipv6, Location: 美国, ISP: CloudFlare Inc., Date: None, Delay: 0.1 ms, Speed: inf M/s, Resolution: 1920x1080
Name: 云南卫视, URL: http://[2409:8087:1a01:df::4077]/ottrrs.hl.chinamobile.com/PLTV/88888888/8/3221226444/index.m3u8, From: subscribe, IPv_Type: ipv6, Location: 中国, ISP: 中国移动, Date: None, Delay: 0.1 ms, Speed: inf M/s, Resolution: 1920x1080
Name: 云南卫视, URL: http://[2409:8087:8:21::18]:6610/otttv.bj.chinamobile.com/PLTV/88888888/224/3221226543/1.m3u8, From: subscribe, IPv_Type: ipv6, Location: 中国, ISP: 中国移动, Date: None, Delay: 0.1 ms, Speed: inf M/s, Resolution: 1920x1080
Name: 云南卫视, URL: http://[2409:8087:8:21::18]:6610/otttv.bj.chinamobile.com/PLTV/88888888/224/3221226928/1.m3u8, From: subscribe, IPv_Type: ipv6, Location: 中国, ISP: 中国移动, Date: None, Delay: 0.1 ms, Speed: inf M/s, Resolution: 1920x1080
Name: 云南卫视, URL: http://[2409:8087:1e03:21::2]:6060/cms001/ch00000090990000001223/index.m3u8, From: subscribe, IPv_Type: ipv6, Location: 中国, ISP: 中国移动, Date: None, Delay: 0.1 ms, Speed: inf M/s, Resolution: 1920x1080
Name: 云南卫视, URL: http://[2409:8087:4402:20:1:1216:401:14]/iptv.cdn.ha.chinamobile.com/PLTV/88888888/224/3221226660/index.m3u8, From: subscribe, IPv_Type: ipv6, Location: 中国, ISP: 中国移动, Date: None, Delay: 0.1 ms, Speed: inf M/s, Resolution: 1920x1080
Name: 云南卫视, URL: http://[2409:8087:3428:20:500::100f]:6610/PLTV/88888888/224/3221227181/index.m3u8?servicetype=1&IASHttpSessionId=RR423820220409134714119178, From: subscribe, IPv_Type: ipv6, Location: 中国, ISP: 中国移动, Date: None, Delay: 0.1 ms, Speed: inf M/s, Resolution: 1920x1080
Name: 云南卫视, URL: http://[2409:8087:3428:20:500::1009]:6610/PLTV/88888888/224/3221225853/index.m3u8?servicetype=1&IASHttpSessionId=RR423820220409134714119178, From: subscribe, IPv_Type: ipv6, Location: 中国, ISP: 中国移动, Date: None, Delay: 0.1 ms, Speed: inf M/s, Resolution: 1920x1080
Name: 云南卫视, URL: http://[2409:8087:1e03:21::42]:6610/cms001/ch00000090990000001223/index.m3u8, From: subscribe, IPv_Type: ipv6, Location: 中国, ISP: 中国移动, Date: None, Delay: 0.1 ms, Speed: inf M/s, Resolution: 1920x1080
Name: 云南卫视, URL: http://[2409:8087:2001:20:2800:0:df6e:eb05]:80/ott.mobaibox.com/PLTV/4/224/3221225591/index.m3u8, From: subscribe, IPv_Type: ipv6, Location: 中国, ISP: 中国移动, Date: None, Delay: 0.1 ms, Speed: inf M/s, Resolution: 1920x1080
Name: 云南卫视, URL: http://nas.suntao.online:35455/itv/5000000011000031120.m3u8?cdn=bestzb, From: subscribe, IPv_Type: ipv6, Location: 中国, ISP: 中国联通, Date: None, Delay: 0.1 ms, Speed: inf M/s, Resolution: 1920x1080
Name: 云南卫视, URL: http://iptv.cdn.ha.chinamobile.com/PLTV/88888888/224/3221227211/index.m3u8, From: subscribe, IPv_Type: ipv6, Location: 中国, ISP: 中国移动, Date: None, Delay: 0.1 ms, Speed: inf M/s, Resolution: 1920x1080
Name: 云南卫视, URL: http://[2409:8087:3428:20:500::100f]:6610/PLTV/88888888/224/3221225853/index.m3u8?servicetype=1&IASHttpSessionId=RR423820220409134714119178, From: subscribe, IPv_Type: ipv6, Location: 中国, ISP: 中国移动, Date: None, Delay: 0.1 ms, Speed: inf M/s, Resolution: 1920x1080
Name: 云南卫视, URL: http://[2409:8087:3428:20:500::1009]:6610/PLTV/88888888/224/3221227181/index.m3u8?servicetype=1&IASHttpSessionId=RR423820220409134714119178, From: subscribe, IPv_Type: ipv6, Location: 中国, ISP: 中国移动, Date: None, Delay: 0.1 ms, Speed: inf M/s, Resolution: 1920x1080
Name: 云南卫视, URL: http://[2409:8087:2001:20:2800:0:df6e:eb04]/ott.mobaibox.com/PLTV/3/224/3221225591/index.m3u8, From: subscribe, IPv_Type: ipv6, Location: 中国, ISP: 中国移动, Date: None, Delay: 0.1 ms, Speed: inf M/s, Resolution: 1920x1080
Name: 云南卫视, URL: http://[2409:8087:2001:20:2800:0:df6e:eb18]:80/wh7f454c46tw935748466_239885853/ott.mobaibox.com/PLTV/3/224/3221227571/index.m3u8?icpid=3&RTS=1674381051&from=40&popid=40&hms_devid=2113&prioritypopid=40&vqe=3, From: subscribe, IPv_Type: ipv6, Location: 中国, ISP: 中国移动, Date: None, Delay: 0.1 ms, Speed: inf M/s, Resolution: 1920x1080
Name: 云南卫视, URL: https://stream1.freetv.fun/chcying-mi-dian-ying-14.m3u8, From: subscribe, IPv_Type: ipv6, Location: 美国, ISP: CloudFlare Inc., Date: None, Delay: 0.1 ms, Speed: inf M/s, Resolution: 1920x1080
Name: 云南卫视, URL: https://live.v1.mk/api/bestv.php?id=ynwshd8m/8000000, From: subscribe, IPv_Type: ipv6, Location: 美国, ISP: CloudFlare Inc., Date: None, Delay: 0.1 ms, Speed: inf M/s, Resolution: 1920x1080
Name: 云南卫视, URL: http://[2409:8087:5e00:24::1e]:6060/200000001898/460000089800010119/1.m3u8, From: subscribe, IPv_Type: ipv6, Location: 中国, ISP: 中国移动, Date: None, Delay: 0.1 ms, Speed: inf M/s, Resolution: 1920x1080
Name: 云南卫视, URL: http://[2409:8087:74f0:22::7]:6410/270000001128/9900000035/index.m3u8, From: subscribe, IPv_Type: ipv6, Location: 中国, ISP: 中国移动, Date: None, Delay: 0.1 ms, Speed: inf M/s, Resolution: 1920x1080
Name: 云南卫视, URL: http://[2409:8087:1a01:df::7005]:80/ottrrs.hl.chinamobile.com/PLTV/88888888/224/3221226444/index.m3u8, From: subscribe, IPv_Type: ipv6, Location: 中国, ISP: 中国移动, Date: None, Delay: 0.1 ms, Speed: inf M/s, Resolution: 1920x1080
Name: 云南卫视, URL: http://[2409:8087:3869:8021:1001::e5]:6610/PLTV/88888888/224/3221225723/2/index.m3u8, From: subscribe, IPv_Type: ipv6, Location: 中国, ISP: 中国移动, Date: None, Delay: -1 ms, Speed: 0.00 M/s, Resolution: None
Name: 云南卫视, URL: http://[2409:8087:8:21::18]:6610/otttv.bj.chinamobile.com/PLTV/88888888/224/3221227028/1.m3u8?GuardEncType=2&accountinfo=%7E%7EV2.0%7EGfQPqRNVeBjTMsZ48qu0SA%7EtP4-l0lmSfjwLWEfK_el1vH_mv-s1zo4AQJwdedaVwG9xkuFTDg8J26cwOrNJzn20BErrHdLhuZ9EzLUCD3PMW-OMx4MGteHV2vLeW6BqoY%2CEND, From: subscribe, IPv_Type: ipv6, Location: 中国, ISP: 中国移动, Date: None, Delay: -1 ms, Speed: 0.00 M/s, Resolution: None
Name: 云南卫视, URL: http://rrs01.hw.gmcc.net:8088/PLTV/81/224/3221226709/1.m3u8, From: subscribe, IPv_Type: ipv6, Location: 中国, ISP: 中国移动, Date: None, Delay: -1 ms, Speed: 0.00 M/s, Resolution: None
Name: 云南卫视, URL: http://[2409:8087:1a15:10d1::39]/ottrrs.hl.chinamobile.com/PLTV/88888888/224/3221226444/index.m3u8, From: subscribe, IPv_Type: ipv6, Location: 中国, ISP: 中国移动, Date: None, Delay: -1 ms, Speed: 0.00 M/s, Resolution: None
Name: 云南卫视, URL: http://[2409:8087:5e08:25::16]:6610/200000001898/460000089800010119/1.m3u8, From: subscribe, IPv_Type: ipv6, Location: 中国, ISP: 中国移动, Date: None, Delay: -1 ms, Speed: 0.00 M/s, Resolution: None
Name: 云南卫视, URL: https://mursor.ottiptv.cc/mcp/yunnan.m3u8, From: subscribe, IPv_Type: ipv6, Location: 美国, ISP: Oracle Corporation, Date: None, Delay: -1 ms, Speed: 0.00 M/s, Resolution: None
Name: 云南卫视, URL: https://migu.188766.xyz/?migutoken=c2049841bc66ef12838aaa7464d9b105&id=ynws&type=sz, From: subscribe, IPv_Type: ipv6, Location: 美国, ISP: CloudFlare Inc., Date: None, Delay: -1 ms, Speed: 0.00 M/s, Resolution: None
Name: 云南卫视, URL: https://cc06.tv12.xyz/114.m3u8, From: subscribe, IPv_Type: ipv6, Location: 美国, ISP: CloudFlare Inc., Date: None, Delay: -1 ms, Speed: 0.00 M/s, Resolution: None
Name: 兵团卫视, URL: https://iptv.catvod.com/live.php?id=%E5%85%B5%E5%9B%A2%E5%8D%AB%E8%A7%86%E5%8F%B0, From: local, IPv_Type: ipv6, Location: 美国, ISP: CloudFlare Inc., Date: None, Delay: -1 ms, Speed: 0.00 M/s, Resolution: None
Name: 兵团卫视, URL: https://iptv.catvod.com/live.php?id=%E5%85%B5%E5%9B%A2, From: local, IPv_Type: ipv6, Location: 美国, ISP: CloudFlare Inc., Date: None, Delay: -1 ms, Speed: 0.00 M/s, Resolution: None
Name: 广东珠江, URL: https://stream1.freetv.fun/yan-dong-zhu-jiang-31.m3u8, From: local, IPv_Type: ipv6, Location: 美国, ISP: CloudFlare Inc., Date: None, Delay: -1 ms, Speed: 0.00 M/s, Resolution: None
Name: 广东珠江, URL: https://stream1.freetv.fun/yan-dong-zhu-jiang-16.m3u8, From: local, IPv_Type: ipv6, Location: 美国, ISP: CloudFlare Inc., Date: None, Delay: -1 ms, Speed: 0.00 M/s, Resolution: None
Name: 广东珠江, URL: https://stream1.freetv.fun/yan-dong-zhu-jiang-17.m3u8, From: local, IPv_Type: ipv6, Location: 美国, ISP: CloudFlare Inc., Date: None, Delay: -1 ms, Speed: 0.00 M/s, Resolution: None
Name: 广东珠江, URL: https://stream1.freetv.fun/yan-dong-zhu-jiang-29.m3u8, From: local, IPv_Type: ipv6, Location: 美国, ISP: CloudFlare Inc., Date: None, Delay: -1 ms, Speed: 0.00 M/s, Resolution: None
Name: 广东珠江, URL: https://stream1.freetv.fun/yan-dong-zhu-jiang-gao-qing-3.m3u8, From: local, IPv_Type: ipv6, Location: 美国, ISP: CloudFlare Inc., Date: None, Delay: -1 ms, Speed: 0.00 M/s, Resolution: None
Name: 广东珠江, URL: https://live.catvod.com/iptv.php?id=gdzj01&token=9e14d30e1b8aded494745e9f69a3d07f79562b6f98b9ea08b0858cd5a14b5b6e%3A1765094459%3ANjYuMTAzLjIxMS4xODk%3D, From: local, IPv_Type: ipv6, Location: 美国, ISP: CloudFlare Inc., Date: None, Delay: -1 ms, Speed: 0.00 M/s, Resolution: None
Name: 广东珠江, URL: http://php.jdshipin.com/TVOD/hnyd.php?id=200000001898/460000089800010091, From: subscribe, IPv_Type: ipv6, Location: 美国, ISP: CloudFlare Inc., Date: None, Delay: -1 ms, Speed: 0.00 M/s, Resolution: None
Name: 广东珠江, URL: https://stream1.freetv.fun/yan-dong-zhu-jiang-4.ctv, From: subscribe, IPv_Type: ipv6, Location: 美国, ISP: CloudFlare Inc., Date: None, Delay: 0.1 ms, Speed: inf M/s, Resolution: 1920x1080
Name: 广东珠江, URL: https://stream1.freetv.fun/yan-dong-zhu-jiang-29.ctv, From: subscribe, IPv_Type: ipv6, Location: 美国, ISP: CloudFlare Inc., Date: None, Delay: 0.1 ms, Speed: inf M/s, Resolution: 1920x1080
Name: 广东珠江, URL: https://stream1.freetv.fun/yan-dong-zhu-jiang-8.ctv, From: subscribe, IPv_Type: ipv6, Location: 美国, ISP: CloudFlare Inc., Date: None, Delay: 0.1 ms, Speed: inf M/s, Resolution: 1920x1080
Name: 广东珠江, URL: http://cdn2.163189.xyz/live/gdzj/stream.m3u8, From: subscribe, IPv_Type: ipv6, Location: 美国, ISP: CloudFlare Inc., Date: None, Delay: 0.1 ms, Speed: inf M/s, Resolution: 1920x1080
Name: 广东珠江, URL: https://tv.cdn.com.mp/live/gdzj/stream.m3u8, From: subscribe, IPv_Type: ipv6, Location: 美国, ISP: CloudFlare Inc., Date: None, Delay: 0.1 ms, Speed: inf M/s, Resolution: 1920x1080
Name: 广东珠江, URL: https://stream1.freetv.fun/yan-dong-zhu-jiang-16.ctv, From: subscribe, IPv_Type: ipv6, Location: 美国, ISP: CloudFlare Inc., Date: None, Delay: 0.1 ms, Speed: inf M/s, Resolution: 1920x1080
Name: 广东珠江, URL: https://stream1.freetv.fun/yan-dong-zhu-jiang-12.ctv, From: subscribe, IPv_Type: ipv6, Location: 美国, ISP: CloudFlare Inc., Date: None, Delay: 0.1 ms, Speed: inf M/s, Resolution: 1920x1080
Name: 广东珠江, URL: http://lu.wqwqwq.sbs/itv/2000000003000000033.m3u8?cdn=hnbblive, From: subscribe, IPv_Type: ipv6, Location: 美国, ISP: CloudFlare Inc., Date: None, Delay: 0.1 ms, Speed: inf M/s, Resolution: 1920x1080
Name: 广东珠江, URL: https://stream1.freetv.fun/yan-dong-zhu-jiang-23.ctv, From: subscribe, IPv_Type: ipv6, Location: 美国, ISP: CloudFlare Inc., Date: None, Delay: 0.1 ms, Speed: inf M/s, Resolution: 1920x1080
Name: 广东珠江, URL: https://stream1.freetv.fun/yan-dong-zhu-jiang-2.ctv, From: subscribe, IPv_Type: ipv6, Location: 美国, ISP: CloudFlare Inc., Date: None, Delay: 0.1 ms, Speed: inf M/s, Resolution: 1920x1080
Name: 广东珠江, URL: https://stream1.freetv.fun/yan-dong-zhu-jiang-25.ctv, From: subscribe, IPv_Type: ipv6, Location: 美国, ISP: CloudFlare Inc., Date: None, Delay: 0.1 ms, Speed: inf M/s, Resolution: 1920x1080
Name: 广东珠江, URL: https://stream1.freetv.fun/yan-dong-zhu-jiang-24.ctv, From: subscribe, IPv_Type: ipv6, Location: 美国, ISP: CloudFlare Inc., Date: None, Delay: 0.1 ms, Speed: inf M/s, Resolution: 1920x1080
Name: 广东珠江, URL: https://stream1.freetv.fun/yan-dong-zhu-jiang-13.ctv, From: subscribe, IPv_Type: ipv6, Location: 美国, ISP: CloudFlare Inc., Date: None, Delay: 0.1 ms, Speed: inf M/s, Resolution: 1920x1080
Name: 广东珠江, URL: https://stream1.freetv.fun/yan-dong-zhu-jiang-1.ctv, From: subscribe, IPv_Type: ipv6, Location: 美国, ISP: CloudFlare Inc., Date: None, Delay: 0.1 ms, Speed: inf M/s, Resolution: 1920x1080
Name: 广东珠江, URL: https://stream1.freetv.fun/yan-dong-zhu-jiang-3.m3u8, From: subscribe, IPv_Type: ipv6, Location: 美国, ISP: CloudFlare Inc., Date: None, Delay: 0.1 ms, Speed: inf M/s, Resolution: 1920x1080
Name: 广东珠江, URL: https://smart.pendy.dpdns.org/Smart.php?id=zhujiang, From: subscribe, IPv_Type: ipv6, Location: 美国, ISP: CloudFlare Inc., Date: None, Delay: 0.1 ms, Speed: inf M/s, Resolution: 1920x1080
Name: 广东珠江, URL: https://stream1.freetv.fun/yan-dong-zhu-jiang-5.m3u8, From: subscribe, IPv_Type: ipv6, Location: 美国, ISP: CloudFlare Inc., Date: None, Delay: 0.1 ms, Speed: inf M/s, Resolution: 1920x1080
Name: 广东珠江, URL: http://php.jdshipin.com/TVOD/iptv.php?id=gdzj, From: subscribe, IPv_Type: ipv6, Location: 美国, ISP: CloudFlare Inc., Date: None, Delay: 0.1 ms, Speed: inf M/s, Resolution: 1920x1080
Name: 广东珠江, URL: https://stream1.freetv.fun/yan-dong-zhu-jiang-10.ctv, From: subscribe, IPv_Type: ipv6, Location: 美国, ISP: CloudFlare Inc., Date: None, Delay: 0.1 ms, Speed: inf M/s, Resolution: 1920x1080
Name: 广东珠江, URL: https://stream1.freetv.fun/yan-dong-zhu-jiang-17.ctv, From: subscribe, IPv_Type: ipv6, Location: 美国, ISP: CloudFlare Inc., Date: None, Delay: 0.1 ms, Speed: inf M/s, Resolution: 1920x1080
Name: 广东珠江, URL: https://stream1.freetv.fun/yan-dong-zhu-jiang-11.ctv, From: subscribe, IPv_Type: ipv6, Location: 美国, ISP: CloudFlare Inc., Date: None, Delay: 0.1 ms, Speed: inf M/s, Resolution: 1920x1080
Name: 广东珠江, URL: https://php.17186.eu.org/gdtv/web/gdzj.m3u8, From: subscribe, IPv_Type: ipv6, Location: 美国, ISP: CloudFlare Inc., Date: None, Delay: 0.1 ms, Speed: inf M/s, Resolution: 1920x1080
Name: 广东珠江, URL: https://stream1.freetv.fun/yan-dong-zhu-jiang-7.m3u8, From: subscribe, IPv_Type: ipv6, Location: 美国, ISP: CloudFlare Inc., Date: None, Delay: 0.1 ms, Speed: inf M/s, Resolution: 1920x1080
Name: 广东珠江, URL: http://[2409:8087:5e08:24::d]:6610/000000001000/1/2000000003000000033/index.m3u8?stbId=3&livemode=1&HlsProfileId=&channel-id=hnbblive&Contentid=2000000003000000033&yang-1989, From: subscribe, IPv_Type: ipv6, Location: 中国, ISP: 中国移动, Date: None, Delay: 0.1 ms, Speed: inf M/s, Resolution: 1920x1080
Name: 广东珠江, URL: http://php.jdshipin.com/PLTV/iptv.php?id=gdzj, From: subscribe, IPv_Type: ipv6, Location: 美国, ISP: CloudFlare Inc., Date: None, Delay: 0.1 ms, Speed: inf M/s, Resolution: 1920x1080
Name: 广东珠江, URL: https://stream1.freetv.fun/yan-dong-zhu-jiang-30.ctv, From: subscribe, IPv_Type: ipv6, Location: 美国, ISP: CloudFlare Inc., Date: None, Delay: 0.1 ms, Speed: inf M/s, Resolution: 1920x1080
Name: 广东珠江, URL: https://stream1.freetv.fun/yan-dong-zhu-jiang-15.ctv, From: subscribe, IPv_Type: ipv6, Location: 美国, ISP: CloudFlare Inc., Date: None, Delay: 0.1 ms, Speed: inf M/s, Resolution: 1920x1080
Name: 广东珠江, URL: https://stream1.freetv.fun/yan-dong-zhu-jiang-6.m3u8, From: subscribe, IPv_Type: ipv6, Location: 美国, ISP: CloudFlare Inc., Date: None, Delay: 0.1 ms, Speed: inf M/s, Resolution: 1920x1080
Name: 广东珠江, URL: https://stream1.freetv.fun/yan-dong-zhu-jiang-7.ctv, From: subscribe, IPv_Type: ipv6, Location: 美国, ISP: CloudFlare Inc., Date: None, Delay: 0.1 ms, Speed: inf M/s, Resolution: 1920x1080
Name: 广东珠江, URL: https://stream1.freetv.fun/yan-dong-zhu-jiang-27.ctv, From: subscribe, IPv_Type: ipv6, Location: 美国, ISP: CloudFlare Inc., Date: None, Delay: 0.1 ms, Speed: inf M/s, Resolution: 1920x1080
Name: 广东珠江, URL: https://stream1.freetv.fun/yan-dong-zhu-jiang-28.ctv, From: subscribe, IPv_Type: ipv6, Location: 美国, ISP: CloudFlare Inc., Date: None, Delay: 0.1 ms, Speed: inf M/s, Resolution: 1920x1080
Name: 广东珠江, URL: http://[2409:8087:5e00:24::10]:6060/200000001898/460000089800010091/0.m3u8, From: subscribe, IPv_Type: ipv6, Location: 中国, ISP: 中国移动, Date: None, Delay: 0.1 ms, Speed: inf M/s, Resolution: 1920x1080
Name: 广东珠江, URL: https://stream1.freetv.fun/yan-dong-zhu-jiang-14.ctv, From: subscribe, IPv_Type: ipv6, Location: 美国, ISP: CloudFlare Inc., Date: None, Delay: 0.1 ms, Speed: inf M/s, Resolution: 1920x1080
Name: 广东珠江, URL: https://stream1.freetv.fun/yan-dong-zhu-jiang-8.m3u8, From: subscribe, IPv_Type: ipv6, Location: 美国, ISP: CloudFlare Inc., Date: None, Delay: 0.1 ms, Speed: inf M/s, Resolution: 1920x1080
Name: 广东珠江, URL: https://stream1.freetv.fun/yan-dong-zhu-jiang-9.ctv, From: subscribe, IPv_Type: ipv6, Location: 美国, ISP: CloudFlare Inc., Date: None, Delay: 0.1 ms, Speed: inf M/s, Resolution: 1920x1080
Name: 广东珠江, URL: https://stream1.freetv.fun/yan-dong-zhu-jiang-4.m3u8, From: subscribe, IPv_Type: ipv6, Location: 美国, ISP: CloudFlare Inc., Date: None, Delay: 0.1 ms, Speed: inf M/s, Resolution: 1920x1080
Name: 广东珠江, URL: https://stream1.freetv.fun/yan-dong-zhu-jiang-22.ctv, From: subscribe, IPv_Type: ipv6, Location: 美国, ISP: CloudFlare Inc., Date: None, Delay: 0.1 ms, Speed: inf M/s, Resolution: 1920x1080
Name: 广东珠江, URL: https://stream1.freetv.fun/yan-dong-zhu-jiang-21.ctv, From: subscribe, IPv_Type: ipv6, Location: 美国, ISP: CloudFlare Inc., Date: None, Delay: 0.1 ms, Speed: inf M/s, Resolution: 1920x1080
Name: 广东珠江, URL: https://stream1.freetv.fun/yan-dong-zhu-jiang-5.ctv, From: subscribe, IPv_Type: ipv6, Location: 美国, ISP: CloudFlare Inc., Date: None, Delay: 0.1 ms, Speed: inf M/s, Resolution: 1920x1080
Name: 广东珠江, URL: http://cdn2.132.us.kg/live/gdzj/stream.m3u8, From: subscribe, IPv_Type: ipv6, Location: 美国, ISP: CloudFlare Inc., Date: None, Delay: -1 ms, Speed: 0.00 M/s, Resolution: None
Name: 广东珠江, URL: http://[2409:8087:5e00:24::1e]:6060/200000001898/460000089800010091/1.m3u8, From: subscribe, IPv_Type: ipv6, Location: 中国, ISP: 中国移动, Date: None, Delay: -1 ms, Speed: 0.00 M/s, Resolution: None
Name: 广东珠江, URL: http://bxtv.3a.ink/api.php?id=gdzj, From: subscribe, IPv_Type: ipv6, Location: 美国, ISP: CloudFlare Inc., Date: None, Delay: -1 ms, Speed: 0.00 M/s, Resolution: None
Name: 广东珠江, URL: https://live.catvod.com/live.php?id=zhujiang&token=fc62589ddeab201bfbf4222e889eb2081343afe19bd533dcbc59b1bb81cc2736%3A1760231823%3AMTcyLjIxMi4xNjUuNjc%3D, From: subscribe, IPv_Type: ipv6, Location: 美国, ISP: CloudFlare Inc., Date: None, Delay: -1 ms, Speed: 0.00 M/s, Resolution: None
Name: 广东珠江, URL: https://hk.188766.xyz/?migutoken=b468f575398c927715a85f4186c39ec6&id=gd_gdzj&type=sz, From: subscribe, IPv_Type: ipv6, Location: 美国, ISP: CloudFlare Inc., Date: None, Delay: -1 ms, Speed: 0.00 M/s, Resolution: None
Name: 广东体育, URL: https://stream1.freetv.fun/yan-dong-ti-yu-25.ctv, From: local, IPv_Type: ipv6, Location: 美国, ISP: CloudFlare Inc., Date: None, Delay: -1 ms, Speed: 0.00 M/s, Resolution: None
Name: 广东体育, URL: https://stream1.freetv.fun/yan-dong-ti-yu-33.ctv, From: local, IPv_Type: ipv6, Location: 美国, ISP: CloudFlare Inc., Date: None, Delay: -1 ms, Speed: 0.00 M/s, Resolution: None
Name: 广东体育, URL: https://stream1.freetv.fun/yan-dong-ti-yu-24.m3u8, From: local, IPv_Type: ipv6, Location: 美国, ISP: CloudFlare Inc., Date: None, Delay: -1 ms, Speed: 0.00 M/s, Resolution: None
Name: 广东体育, URL: https://migu.188766.xyz/?migutoken=bcaedae9aff077322807aa07a013b3ed&id=hk_gdty&type=dy, From: local, IPv_Type: ipv6, Location: 美国, ISP: CloudFlare Inc., Date: None, Delay: -1 ms, Speed: 0.00 M/s, Resolution: None
Name: 广东体育, URL: https://hk.188766.xyz/?migutoken=98afedb83920738b252a7ba5b78078c9&id=gd_gdty&type=sz, From: local, IPv_Type: ipv6, Location: 美国, ISP: CloudFlare Inc., Date: None, Delay: -1 ms, Speed: 0.00 M/s, Resolution: None
Name: 广东体育, URL: https://stream1.freetv.fun/yan-dong-ti-yu-35.m3u8, From: local, IPv_Type: ipv6, Location: 美国, ISP: CloudFlare Inc., Date: None, Delay: -1 ms, Speed: 0.00 M/s, Resolution: None
Name: 广东体育, URL: https://stream1.freetv.fun/yan-dong-ti-yu-37.ctv, From: local, IPv_Type: ipv6, Location: 美国, ISP: CloudFlare Inc., Date: None, Delay: -1 ms, Speed: 0.00 M/s, Resolution: None
Name: 广东体育, URL: https://live.catvod.com/iptv.php?id=gdty01&token=85ea0aa8e3c4d595f69cf97af36b384488ae375769a67fdc3940610c1a5486c1%3A1765094459%3ANjYuMTAzLjIxMS4xODk%3D, From: local, IPv_Type: ipv6, Location: 美国, ISP: CloudFlare Inc., Date: None, Delay: -1 ms, Speed: 0.00 M/s, Resolution: None
Name: 广东体育, URL: https://migu.188766.xyz/?migutoken=dbac9553f8abae5344ddd6fc1c0fe919&id=hk_gdty&type=dy, From: local, IPv_Type: ipv6, Location: 美国, ISP: CloudFlare Inc., Date: None, Delay: -1 ms, Speed: 0.00 M/s, Resolution: None
Name: 广东体育, URL: https://epg.pw/stream/7b470f9fc5c305db0c8622117b7b25ca00eb35ba3e93e865cf0ff9df5c736681.m3u8, From: subscribe, IPv_Type: ipv6, Location: 美国, ISP: CloudFlare Inc., Date: None, Delay: 0.1 ms, Speed: inf M/s, Resolution: 1920x1080
Name: 广东体育, URL: http://cdn2.163189.xyz/live/gdty/stream.m3u8, From: subscribe, IPv_Type: ipv6, Location: 美国, ISP: CloudFlare Inc., Date: None, Delay: 0.1 ms, Speed: inf M/s, Resolution: 1920x1080
Name: 广东体育, URL: http://php.jdshipin.com/PLTV/iptv.php?id=gdty, From: subscribe, IPv_Type: ipv6, Location: 美国, ISP: CloudFlare Inc., Date: None, Delay: 0.1 ms, Speed: inf M/s, Resolution: 1920x1080
Name: 广东体育, URL: http://php.jdshipin.com/TVOD/iptv.php?id=gdty, From: subscribe, IPv_Type: ipv6, Location: 美国, ISP: CloudFlare Inc., Date: None, Delay: 0.1 ms, Speed: inf M/s, Resolution: 1920x1080
Name: 广东体育, URL: https://stream1.freetv.fun/yan-dong-ti-yu-3.m3u8, From: subscribe, IPv_Type: ipv6, Location: 美国, ISP: CloudFlare Inc., Date: None, Delay: -1 ms, Speed: 0.00 M/s, Resolution: None
Name: 广东体育, URL: https://stream1.freetv.fun/yan-dong-ti-yu-7.ctv, From: subscribe, IPv_Type: ipv6, Location: 美国, ISP: CloudFlare Inc., Date: None, Delay: 0.1 ms, Speed: inf M/s, Resolution: 1920x1080
Name: 广东体育, URL: https://stream1.freetv.fun/yan-dong-ti-yu-8.ctv, From: subscribe, IPv_Type: ipv6, Location: 美国, ISP: CloudFlare Inc., Date: None, Delay: 0.1 ms, Speed: inf M/s, Resolution: 1920x1080
Name: 广东体育, URL: https://stream1.freetv.fun/yan-dong-ti-yu-4.ctv, From: subscribe, IPv_Type: ipv6, Location: 美国, ISP: CloudFlare Inc., Date: None, Delay: 0.1 ms, Speed: inf M/s, Resolution: 1920x1080
Name: 广东体育, URL: https://stream1.freetv.fun/yan-dong-ti-yu-6.ctv, From: subscribe, IPv_Type: ipv6, Location: 美国, ISP: CloudFlare Inc., Date: None, Delay: 0.1 ms, Speed: inf M/s, Resolution: 1920x1080
Name: 广东体育, URL: https://stream1.freetv.fun/yan-dong-ti-yu-5.ctv, From: subscribe, IPv_Type: ipv6, Location: 美国, ISP: CloudFlare Inc., Date: None, Delay: 0.1 ms, Speed: inf M/s, Resolution: 1920x1080
Name: 广东体育, URL: http://cdn2.132.us.kg/live/gdty/stream.m3u8, From: subscribe, IPv_Type: ipv6, Location: 美国, ISP: CloudFlare Inc., Date: None, Delay: -1 ms, Speed: 0.00 M/s, Resolution: None
Name: 广东体育, URL: https://hls-gateway.vpstv.net/streams/476954.m3u8, From: subscribe, IPv_Type: ipv6, Location: 美国, ISP: CloudFlare Inc., Date: None, Delay: -1 ms, Speed: 0.00 M/s, Resolution: None
Name: 广东体育, URL: http://bxtv.3a.ink/api.php?id=gdty, From: subscribe, IPv_Type: ipv6, Location: 美国, ISP: CloudFlare Inc., Date: None, Delay: -1 ms, Speed: 0.00 M/s, Resolution: None
Name: 广东体育, URL: https://cdn2.163189.xyz/live/gdty/stream.m3u8, From: subscribe, IPv_Type: ipv6, Location: 新加坡, ISP: Aceville Pte.Ltd., Date: None, Delay: -1 ms, Speed: 0.00 M/s, Resolution: None
Name: 广东体育, URL: https://migu.188766.xyz/?migutoken=63768a46048ba8ed7c147dbe2d505e67&id=hk_gdty&type=dy, From: subscribe, IPv_Type: ipv6, Location: 美国, ISP: CloudFlare Inc., Date: None, Delay: -1 ms, Speed: 0.00 M/s, Resolution: None
Name: 广东体育, URL: https://hk.188766.xyz/?migutoken=54f530822b81ae3309a0bad6f3ed2fe1&id=gd_gdty&type=sz, From: subscribe, IPv_Type: ipv6, Location: 美国, ISP: CloudFlare Inc., Date: None, Delay: -1 ms, Speed: 0.00 M/s, Resolution: None
Name: 广东新闻, URL: https://stream1.freetv.fun/yan-dong-xin-wen-9.m3u8, From: local, IPv_Type: ipv6, Location: 美国, ISP: CloudFlare Inc., Date: None, Delay: -1 ms, Speed: 0.00 M/s, Resolution: None
Name: 广东新闻, URL: https://stream1.freetv.fun/yan-dong-xin-wen-11.ctv, From: local, IPv_Type: ipv6, Location: 美国, ISP: CloudFlare Inc., Date: None, Delay: -1 ms, Speed: 0.00 M/s, Resolution: None
Name: 广东新闻, URL: https://stream1.freetv.fun/yan-dong-xin-wen-12.ctv, From: subscribe, IPv_Type: ipv6, Location: 美国, ISP: CloudFlare Inc., Date: None, Delay: -1 ms, Speed: 0.00 M/s, Resolution: None
Name: 广东新闻, URL: https://stream1.freetv.fun/yan-dong-xin-wen-9.ctv, From: subscribe, IPv_Type: ipv6, Location: 美国, ISP: CloudFlare Inc., Date: None, Delay: 0.1 ms, Speed: inf M/s, Resolution: 1920x1080
Name: 广东新闻, URL: http://php.jdshipin.com:8880/chudian.php?id=gdxw, From: subscribe, IPv_Type: ipv6, Location: 美国, ISP: CloudFlare Inc., Date: None, Delay: 0.1 ms, Speed: inf M/s, Resolution: 1920x1080
Name: 广东新闻, URL: https://stream1.freetv.fun/yan-dong-xin-wen-4.ctv, From: subscribe, IPv_Type: ipv6, Location: 美国, ISP: CloudFlare Inc., Date: None, Delay: 0.1 ms, Speed: inf M/s, Resolution: 1920x1080
Name: 广东新闻, URL: https://stream1.freetv.fun/yan-dong-xin-wen-7.ctv, From: subscribe, IPv_Type: ipv6, Location: 美国, ISP: CloudFlare Inc., Date: None, Delay: 0.1 ms, Speed: inf M/s, Resolution: 1920x1080
Name: 广东新闻, URL: https://stream1.freetv.fun/yan-dong-xin-wen-6.ctv, From: subscribe, IPv_Type: ipv6, Location: 美国, ISP: CloudFlare Inc., Date: None, Delay: 0.1 ms, Speed: inf M/s, Resolution: 1920x1080
Name: 广东新闻, URL: https://stream1.freetv.fun/yan-dong-xin-wen-5.ctv, From: subscribe, IPv_Type: ipv6, Location: 美国, ISP: CloudFlare Inc., Date: None, Delay: 0.1 ms, Speed: inf M/s, Resolution: 1920x1080
Name: 广东新闻, URL: https://stream1.freetv.fun/yan-dong-xin-wen-8.ctv, From: subscribe, IPv_Type: ipv6, Location: 美国, ISP: CloudFlare Inc., Date: None, Delay: 0.1 ms, Speed: inf M/s, Resolution: 1920x1080
Name: 广东新闻, URL: https://hls-gateway.vpstv.net/streams/708873.m3u8, From: subscribe, IPv_Type: ipv6, Location: 美国, ISP: CloudFlare Inc., Date: None, Delay: -1 ms, Speed: 0.00 M/s, Resolution: None
Name: 广东新闻, URL: https://hk.188766.xyz/?migutoken=23dd8ca3ba39181cb68ea8b6ae0afe8e&id=gd_gdxw&type=sz, From: subscribe, IPv_Type: ipv6, Location: 美国, ISP: CloudFlare Inc., Date: None, Delay: -1 ms, Speed: 0.00 M/s, Resolution: None
Name: 广东卫视, URL: https://iptv.catvod.com/live.php?id=%E5%B9%BF%E4%B8%9C%E5%8D%AB%E8%A7%86%E5%8F%B0, From: local, IPv_Type: ipv6, Location: 美国, ISP: CloudFlare Inc., Date: None, Delay: -1 ms, Speed: 0.00 M/s, Resolution: None
Name: 广东卫视, URL: https://stream1.freetv.fun/yan-dong-wei-shi-87.m3u8, From: local, IPv_Type: ipv6, Location: 美国, ISP: CloudFlare Inc., Date: None, Delay: -1 ms, Speed: 0.00 M/s, Resolution: None
Name: 广东卫视, URL: https://stream1.freetv.fun/yan-dong-wei-shi-100.m3u8, From: local, IPv_Type: ipv6, Location: 美国, ISP: CloudFlare Inc., Date: None, Delay: -1 ms, Speed: 0.00 M/s, Resolution: None
Name: 广东卫视, URL: https://stream1.freetv.fun/yan-dong-wei-shi-73.ctv, From: local, IPv_Type: ipv6, Location: 美国, ISP: CloudFlare Inc., Date: None, Delay: -1 ms, Speed: 0.00 M/s, Resolution: None
Name: 广东卫视, URL: https://stream1.freetv.fun/yan-dong-wei-shi-33.m3u8, From: local, IPv_Type: ipv6, Location: 美国, ISP: CloudFlare Inc., Date: None, Delay: -1 ms, Speed: 0.00 M/s, Resolution: None
Name: 广东卫视, URL: https://stream1.freetv.fun/yan-dong-wei-shi-80.m3u8, From: local, IPv_Type: ipv6, Location: 美国, ISP: CloudFlare Inc., Date: None, Delay: -1 ms, Speed: 0.00 M/s, Resolution: None
Name: 广东卫视, URL: https://stream1.freetv.fun/yan-dong-wei-shi-83.ctv, From: local, IPv_Type: ipv6, Location: 美国, ISP: CloudFlare Inc., Date: None, Delay: -1 ms, Speed: 0.00 M/s, Resolution: None
Name: 广东卫视, URL: https://stream1.freetv.fun/yan-dong-wei-shi-10.m3u8, From: local, IPv_Type: ipv6, Location: 美国, ISP: CloudFlare Inc., Date: None, Delay: -1 ms, Speed: 0.00 M/s, Resolution: None
Name: 广东卫视, URL: https://stream1.freetv.fun/yan-dong-wei-shi-28.m3u8, From: local, IPv_Type: ipv6, Location: 美国, ISP: CloudFlare Inc., Date: None, Delay: -1 ms, Speed: 0.00 M/s, Resolution: None
Name: 广东卫视, URL: https://stream1.freetv.fun/yan-dong-wei-shi-75.m3u8, From: local, IPv_Type: ipv6, Location: 美国, ISP: CloudFlare Inc., Date: None, Delay: -1 ms, Speed: 0.00 M/s, Resolution: None
Name: 广东卫视, URL: https://stream1.freetv.fun/yan-dong-wei-shi-86.m3u8, From: local, IPv_Type: ipv6, Location: 美国, ISP: CloudFlare Inc., Date: None, Delay: -1 ms, Speed: 0.00 M/s, Resolution: None
Name: 广东卫视, URL: https://stream1.freetv.fun/yan-dong-wei-shi-36.m3u8, From: local, IPv_Type: ipv6, Location: 美国, ISP: CloudFlare Inc., Date: None, Delay: -1 ms, Speed: 0.00 M/s, Resolution: None
Name: 广东卫视, URL: https://stream1.freetv.fun/yan-dong-wei-shi-52.m3u8, From: local, IPv_Type: ipv6, Location: 美国, ISP: CloudFlare Inc., Date: None, Delay: -1 ms, Speed: 0.00 M/s, Resolution: None
Name: 广东卫视, URL: https://stream1.freetv.fun/yan-dong-wei-shi-29.ctv, From: local, IPv_Type: ipv6, Location: 美国, ISP: CloudFlare Inc., Date: None, Delay: -1 ms, Speed: 0.00 M/s, Resolution: None
Name: 广东卫视, URL: https://stream1.freetv.fun/yan-dong-wei-shi--4m1080-2.m3u8, From: local, IPv_Type: ipv6, Location: 美国, ISP: CloudFlare Inc., Date: None, Delay: -1 ms, Speed: 0.00 M/s, Resolution: None
Name: 广东卫视, URL: https://stream1.freetv.fun/yan-dong-wei-shi--8m1080-2.m3u8, From: local, IPv_Type: ipv6, Location: 美国, ISP: CloudFlare Inc., Date: None, Delay: -1 ms, Speed: 0.00 M/s, Resolution: None
Name: 广东卫视, URL: https://stream1.freetv.fun/yan-dong-wei-shi--4m1080-1.m3u8, From: local, IPv_Type: ipv6, Location: 美国, ISP: CloudFlare Inc., Date: None, Delay: -1 ms, Speed: 0.00 M/s, Resolution: None
Name: 广东卫视, URL: https://stream1.freetv.fun/yan-dong-wei-shi--8m1080-1.m3u8, From: local, IPv_Type: ipv6, Location: 美国, ISP: CloudFlare Inc., Date: None, Delay: -1 ms, Speed: 0.00 M/s, Resolution: None
Name: 广东卫视, URL: https://iptv.catvod.com/live.php?id=%E5%B9%BF%E4%B8%9C, From: local, IPv_Type: ipv6, Location: 美国, ISP: CloudFlare Inc., Date: None, Delay: -1 ms, Speed: 0.00 M/s, Resolution: None
Name: 广东卫视, URL: http://php.jdshipin.com:8880/TVOD/gsyd.php?id=9900000520, From: subscribe, IPv_Type: ipv6, Location: 美国, ISP: CloudFlare Inc., Date: None, Delay: 0.1 ms, Speed: inf M/s, Resolution: 1920x1080
Name: 广东卫视, URL: http://z.b.bkpcp.top/m.php?id=gdws, From: subscribe, IPv_Type: ipv6, Location: 美国, ISP: CloudFlare Inc., Date: None, Delay: 0.1 ms, Speed: inf M/s, Resolution: 1920x1080
Name: 广东卫视, URL: http://j.x.bkpcp.top/jx/GUANGDHD, From: subscribe, IPv_Type: ipv6, Location: 美国, ISP: CloudFlare Inc., Date: None, Delay: 0.1 ms, Speed: inf M/s, Resolution: 1920x1080
Name: 广东卫视, URL: http://goo.bkpcp.top/mg/gdws, From: subscribe, IPv_Type: ipv6, Location: 美国, ISP: CloudFlare Inc., Date: None, Delay: 0.1 ms, Speed: inf M/s, Resolution: 1920x1080
Name: 广东卫视, URL: http://iptv.huuc.edu.cn/hls/gdhd.m3u8, From: subscribe, IPv_Type: ipv6, Location: 中国, ISP: 教育网, Date: None, Delay: 0.1 ms, Speed: inf M/s, Resolution: 1920x1080
Name: 广东卫视, URL: http://dsj.motem.top:8880/bptv/10000100000000050000000003873459.m3u8, From: subscribe, IPv_Type: ipv6, Location: 美国, ISP: CloudFlare Inc., Date: None, Delay: 0.1 ms, Speed: inf M/s, Resolution: 1920x1080
Name: 广东卫视, URL: http://[2409:8087:1a0a:df::404b]/ottrrs.hl.chinamobile.com/TVOD/88888888/224/3221226248/index.m3u8, From: subscribe, IPv_Type: ipv6, Location: 中国, ISP: 中国移动, Date: None, Delay: 0.1 ms, Speed: inf M/s, Resolution: 1920x1080
Name: 广东卫视, URL: http://[2409:8087:1a01:df::4077]/ottrrs.hl.chinamobile.com/PLTV/88888888/8/3221226248/index.m3u8, From: subscribe, IPv_Type: ipv6, Location: 中国, ISP: 中国移动, Date: None, Delay: 0.1 ms, Speed: inf M/s, Resolution: 1920x1080
Name: 广东卫视, URL: http://[2409:8087:8:21::18]:6610/otttv.bj.chinamobile.com/PLTV/88888888/224/3221226238/1.m3u8, From: subscribe, IPv_Type: ipv6, Location: 中国, ISP: 中国移动, Date: None, Delay: 0.1 ms, Speed: inf M/s, Resolution: 1920x1080
Name: 广东卫视, URL: http://iptv.cdn.ha.chinamobile.com/PLTV/88888888/224/3221227201/index.m3u8, From: subscribe, IPv_Type: ipv6, Location: 中国, ISP: 中国移动, Date: None, Delay: 0.1 ms, Speed: inf M/s, Resolution: 1920x1080
Name: 广东卫视, URL: http://[2409:8087:2001:20:2800:0:df6e:eb03]:80/ott.mobaibox.com/PLTV/4/224/3221227476/index.m3u8, From: subscribe, IPv_Type: ipv6, Location: 中国, ISP: 中国移动, Date: None, Delay: 0.1 ms, Speed: inf M/s, Resolution: 1920x1080
Name: 广东卫视, URL: https://www.freetv.top/migu/608831231.m3u8?migutoken=78af5371d66a723fc72d7a69c8a18ade502c19d2cf715aa502730a2b197148f3ac859ba4dfc8177df928c7b17e4f7e50e73fa17782751d96ca1224dc27c62d3025503e7b80de41b09560f78ee1, From: subscribe, IPv_Type: ipv6, Location: 美国-加利福尼亚州-圣克拉拉, ISP: DigitalOcean, Date: None, Delay: 0.1 ms, Speed: inf M/s, Resolution: 1920x1080
Name: 广东卫视, URL: https://www.freetv.top/migu/608831231.m3u8?migutoken=71ab4343c0e7a55b1287f3c4ec3383c9de673d987b5c849b2728e9af4223510bc8d8fcb87af13066db4920eb8e871c74aa5e93e04d43de870dc64eadb99a05456adfdb14b43000fd4520cba033, From: subscribe, IPv_Type: ipv6, Location: 美国-加利福尼亚州-圣克拉拉, ISP: DigitalOcean, Date: None, Delay: 0.1 ms, Speed: inf M/s, Resolution: 1920x1080
Name: 广东卫视, URL: http://yc.myds.me:35455/itv/6000000001000031076.m3u8?cdn=wasusyt, From: subscribe, IPv_Type: ipv6, Location: 中国, ISP: 中国电信, Date: None, Delay: 0.1 ms, Speed: inf M/s, Resolution: 1920x1080
Name: 广东卫视, URL: http://nas.suntao.online:35455/itv/1000000001000014176.m3u8?cdn=ystenlive, From: subscribe, IPv_Type: ipv6, Location: 中国, ISP: 中国联通, Date: None, Delay: 0.1 ms, Speed: inf M/s, Resolution: 1920x1080
Name: 广东卫视, URL: https://stream1.freetv.fun/789f20f011598d1de2038efdd927fd3eb7619798d61096ca13b1501a8db4292b.m3u8, From: subscribe, IPv_Type: ipv6, Location: 美国, ISP: CloudFlare Inc., Date: None, Delay: 0.1 ms, Speed: inf M/s, Resolution: 1920x1080
Name: 广东卫视, URL: https://stream1.freetv.fun/83cb195384d56301c888d89f92f507201cff9f93ff2b2b6ad0dee9fcbf7751ce.m3u8, From: subscribe, IPv_Type: ipv6, Location: 美国, ISP: CloudFlare Inc., Date: None, Delay: 0.1 ms, Speed: inf M/s, Resolution: 1920x1080
Name: 广东卫视, URL: https://stream1.freetv.fun/254cd336bd5b0df6d92107dc982893be1b2e931a8e1c144ee600993d9de7c3cd.m3u8, From: subscribe, IPv_Type: ipv6, Location: 美国, ISP: CloudFlare Inc., Date: None, Delay: 0.1 ms, Speed: inf M/s, Resolution: 1920x1080
Name: 广东卫视, URL: http://lu.wqwqwq.sbs/itv/1000000005000265034.m3u8?cdn=ystenlive, From: subscribe, IPv_Type: ipv6, Location: 美国, ISP: CloudFlare Inc., Date: None, Delay: 0.1 ms, Speed: inf M/s, Resolution: 1920x1080
Name: 广东卫视, URL: http://dbiptv.sn.chinamobile.com/PLTV/88888888/224/3221225803/1.m3u8, From: subscribe, IPv_Type: ipv6, Location: 中国, ISP: 中国移动, Date: None, Delay: 0.1 ms, Speed: inf M/s, Resolution: 1920x1080
Name: 广东卫视, URL: https://stream1.freetv.fun/8ef6435bcdd83e12ef928e4ac5f72f2a2c4cb216bebaa6bcd4f34dc34c8761e5.m3u8, From: subscribe, IPv_Type: ipv6, Location: 美国, ISP: CloudFlare Inc., Date: None, Delay: 0.1 ms, Speed: inf M/s, Resolution: 1920x1080
Name: 广东卫视, URL: https://stream1.freetv.fun/80f9f93aeb14f2b203cb77e1f72b095e2aa7e9491de1ee852d24239ba08f3098.m3u8, From: subscribe, IPv_Type: ipv6, Location: 美国, ISP: CloudFlare Inc., Date: None, Delay: 0.1 ms, Speed: inf M/s, Resolution: 1920x1080
Name: 广东卫视, URL: https://stream1.freetv.fun/af85fee1b8e836bd54cf69276660c22fffd54e31fe634856f6fd550ec77304d9.m3u8, From: subscribe, IPv_Type: ipv6, Location: 美国, ISP: CloudFlare Inc., Date: None, Delay: 0.1 ms, Speed: inf M/s, Resolution: 1920x1080
Name: 广东卫视, URL: https://stream1.freetv.fun/ae49dc5a860f65496e2207dc8b5f47752f9b38beba4ccf16fc1286f71708465e.m3u8, From: subscribe, IPv_Type: ipv6, Location: 美国, ISP: CloudFlare Inc., Date: None, Delay: 0.1 ms, Speed: inf M/s, Resolution: 1920x1080
Name: 广东卫视, URL: https://stream1.freetv.fun/a5a9d93d3e3eb03cca0320d5e6821e8c5d34899182b684f0a3a063960564e0ea.m3u8, From: subscribe, IPv_Type: ipv6, Location: 美国, ISP: CloudFlare Inc., Date: None, Delay: 0.1 ms, Speed: inf M/s, Resolution: 1920x1080
Name: 广东卫视, URL: https://stream1.freetv.fun/d63b7cd598a4f53de8bf67d3c47b338f7759ba39812520913b915e4d66b266fb.m3u8, From: subscribe, IPv_Type: ipv6, Location: 美国, ISP: CloudFlare Inc., Date: None, Delay: 0.1 ms, Speed: inf M/s, Resolution: 1920x1080
Name: 广东卫视, URL: https://stream1.freetv.fun/7032dd2b86126b125a4a42c63b1c2c175975b401a309f3c31722542ede60c7d7.m3u8, From: subscribe, IPv_Type: ipv6, Location: 美国, ISP: CloudFlare Inc., Date: None, Delay: 0.1 ms, Speed: inf M/s, Resolution: 1920x1080
Name: 广东卫视, URL: https://stream1.freetv.fun/ee96d9db9508b674e311aaa5106fc4b1ce18e87659174d8c5b996329feeda4de.m3u8, From: subscribe, IPv_Type: ipv6, Location: 美国, ISP: CloudFlare Inc., Date: None, Delay: 0.1 ms, Speed: inf M/s, Resolution: 1920x1080
Name: 广东卫视, URL: https://stream1.freetv.fun/d2589ead2fb42babba3a2b80930b04d6da9272d2c5f125d60cd57a204a3e7e2d.m3u8, From: subscribe, IPv_Type: ipv6, Location: 美国, ISP: CloudFlare Inc., Date: None, Delay: 0.1 ms, Speed: inf M/s, Resolution: 1920x1080
Name: 广东卫视, URL: https://stream1.freetv.fun/50ac5b1b5fd23d475b1af675426a35acb6cc15a5c69351e2a73c7eb7e55ca499.m3u8, From: subscribe, IPv_Type: ipv6, Location: 美国, ISP: CloudFlare Inc., Date: None, Delay: 0.1 ms, Speed: inf M/s, Resolution: 1920x1080
Name: 广东卫视, URL: https://stream1.freetv.fun/a72812e93490410583b988eedf11fcc8c425c0e15bc8f2aab64626f4b6a3ff25.m3u8, From: subscribe, IPv_Type: ipv6, Location: 美国, ISP: CloudFlare Inc., Date: None, Delay: 0.1 ms, Speed: inf M/s, Resolution: 1920x1080
Name: 广东卫视, URL: https://stream1.freetv.fun/cee5cfaf0047e43df21ed1d00f03bcd3398f730317feabca730b45edfcb9d3bb.m3u8, From: subscribe, IPv_Type: ipv6, Location: 美国, ISP: CloudFlare Inc., Date: None, Delay: 0.1 ms, Speed: inf M/s, Resolution: 1920x1080
Name: 广东卫视, URL: https://stream1.freetv.fun/17c2caa98314cdbeecb0056390dc95867526843a2af1b951559870af9ec5e907.m3u8, From: subscribe, IPv_Type: ipv6, Location: 美国, ISP: CloudFlare Inc., Date: None, Delay: 0.1 ms, Speed: inf M/s, Resolution: 1920x1080
Name: 广东卫视, URL: https://stream1.freetv.fun/79202aa439fc4fb94a8304f8608737f7cff1626f2b42aa6d5552ecfc2bcacbaf.m3u8, From: subscribe, IPv_Type: ipv6, Location: 美国, ISP: CloudFlare Inc., Date: None, Delay: 0.1 ms, Speed: inf M/s, Resolution: 1920x1080
Name: 广东卫视, URL: https://stream1.freetv.fun/6787e35b48df7529fb25c86cd92936335e75d68881015ff99c3e969f57177987.m3u8, From: subscribe, IPv_Type: ipv6, Location: 美国, ISP: CloudFlare Inc., Date: None, Delay: 0.1 ms, Speed: inf M/s, Resolution: 1920x1080
Name: 广东卫视, URL: http://hwrr.jx.chinamobile.com:8080/PLTV/88888888/224/3221225597/index.m3u8?fmt=ts2hls, From: subscribe, IPv_Type: ipv6, Location: 中国, ISP: 中国移动, Date: None, Delay: 0.1 ms, Speed: inf M/s, Resolution: 1920x1080
Name: 广东卫视, URL: http://[2409:8087:3428:20:500::100f]:6610/PLTV/88888888/224/3221227164/index.m3u8?servicetype=1&IASHttpSessionId=RR423820220409134714119178, From: subscribe, IPv_Type: ipv6, Location: 中国, ISP: 中国移动, Date: None, Delay: 0.1 ms, Speed: inf M/s, Resolution: 1920x1080
Name: 广东卫视, URL: http://[2409:8087:3428:20:500::1009]:6610/PLTV/88888888/224/3221227164/index.m3u8?servicetype=1&IASHttpSessionId=RR423820220409134714119178, From: subscribe, IPv_Type: ipv6, Location: 中国, ISP: 中国移动, Date: None, Delay: 0.1 ms, Speed: inf M/s, Resolution: 1920x1080
Name: 广东卫视, URL: http://[2409:8087:2001:20:2800:0:df6e:eb06]:80/wh7f454c46tw200922983_-1894712676/ott.mobaibox.com/PLTV/3/224/3221227591/index.m3u8?icpid=3&RTS=1674380316&from=40&popid=40&hms_devid=2036&prioritypopid=40&vqe=3, From: subscribe, IPv_Type: ipv6, Location: 中国, ISP: 中国移动, Date: None, Delay: 0.1 ms, Speed: inf M/s, Resolution: 1920x1080
Name: 广东卫视, URL: http://[2409:8087:2001:20:2800:0:df6e:eb0d]:80/wh7f454c46tw201073874_846642633/ott.mobaibox.com/PLTV/3/224/3221227673/index.m3u8?icpid=3&RTS=1674380316&from=40&popid=40&hms_devid=2040&prioritypopid=40&vqe=3, From: subscribe, IPv_Type: ipv6, Location: 中国, ISP: 中国移动, Date: None, Delay: 0.1 ms, Speed: inf M/s, Resolution: 1920x1080
Name: 广东卫视, URL: http://[2409:8087:2001:20:2800:0:df6e:eb02]:80/wh7f454c46tw1545504334_-1449102672/ott.mobaibox.com/PLTV/3/224/3221227691/index.m3u8?icpid=3&RTS=1674385955&from=40&popid=40&hms_devid=2039&prioritypopid=40&vqe=3, From: subscribe, IPv_Type: ipv6, Location: 中国, ISP: 中国移动, Date: None, Delay: 0.1 ms, Speed: inf M/s, Resolution: 1920x1080
Name: 广东卫视, URL: http://[2409:8087:2001:20:2800:0:df6e:eb17]:80/wh7f454c46tw1930705409_-1175138860/ott.mobaibox.com/PLTV/3/224/3221228230/index.m3u8?icpid=3&RTS=1674386341&from=40&popid=40&hms_devid=2114&prioritypopid=40&vqe=3, From: subscribe, IPv_Type: ipv6, Location: 中国, ISP: 中国移动, Date: None, Delay: 0.1 ms, Speed: inf M/s, Resolution: 1920x1080
Name: 广东卫视, URL: http://[2409:8087:1e03:21::42]:6610/cms001/ch00000090990000001032/index.m3u8, From: subscribe, IPv_Type: ipv6, Location: 中国, ISP: 中国移动, Date: None, Delay: 0.1 ms, Speed: inf M/s, Resolution: 1920x1080
Name: 广东卫视, URL: http://[2409:8087:5e01:34::38]:6610/ZTE_CMS/00000001000000060000000000000341/index.m3u8, From: subscribe, IPv_Type: ipv6, Location: 中国, ISP: 中国移动, Date: None, Delay: 0.1 ms, Speed: inf M/s, Resolution: 1920x1080
Name: 广东卫视, URL: http://[2409:8087:74F1:0021::0008]/000000001000PLTV/88888888/224/3221226180/index.m3u8?HlsProfileId=, From: subscribe, IPv_Type: ipv6, Location: 中国, ISP: 中国移动, Date: None, Delay: 0.1 ms, Speed: inf M/s, Resolution: 1920x1080
Name: 广东卫视, URL: http://[2409:8087:4c0a:22:1::11]:6410/170000001115/UmaiCHAN181359BESTVSMGSMG/index.m3u8?m3u8_level=2, From: subscribe, IPv_Type: ipv6, Location: 中国, ISP: 中国移动, Date: None, Delay: 0.1 ms, Speed: inf M/s, Resolution: 1920x1080
Name: 广东卫视, URL: http://[2409:8087:5e01:34::21]:6610/ZTE_CMS/00000001000000060000000000000341/index.m3u8?IAS, From: subscribe, IPv_Type: ipv6, Location: 中国, ISP: 中国移动, Date: None, Delay: 0.1 ms, Speed: inf M/s, Resolution: 1920x1080
Name: 广东卫视, URL: http://[2409:8087:5e01:34::20]:6610/ZTE_CMS/00000001000000060000000000000341/index.m3u8?IAS, From: subscribe, IPv_Type: ipv6, Location: 中国, ISP: 中国移动, Date: None, Delay: 0.1 ms, Speed: inf M/s, Resolution: 1920x1080
Name: 广东卫视, URL: http://[2409:8087:5e01:34::23]:6610/ZTE_CMS/00000001000000060000000000000341/index.m3u8?IAS, From: subscribe, IPv_Type: ipv6, Location: 中国, ISP: 中国移动, Date: None, Delay: 0.1 ms, Speed: inf M/s, Resolution: 1920x1080
Name: 广东卫视, URL: http://[2409:8087:5e01:34::22]:6610/ZTE_CMS/00000001000000060000000000000341/index.m3u8?IAS, From: subscribe, IPv_Type: ipv6, Location: 中国, ISP: 中国移动, Date: None, Delay: 0.1 ms, Speed: inf M/s, Resolution: 1920x1080
Name: 广东卫视, URL: http://[2409:8087:1e03:21::2]:6060/cms001/ch00000090990000001032/index.m3u8, From: subscribe, IPv_Type: ipv6, Location: 中国, ISP: 中国移动, Date: None, Delay: 0.1 ms, Speed: inf M/s, Resolution: 1920x1080
Name: 广东卫视, URL: http://[2409:8087:3428:20:500::100f]:6610/PLTV/88888888/224/3221225824/index.m3u8?servicetype=1&IASHttpSessionId=RR423820220409134714119178, From: subscribe, IPv_Type: ipv6, Location: 中国, ISP: 中国移动, Date: None, Delay: 0.1 ms, Speed: inf M/s, Resolution: 1920x1080
Name: 广东卫视, URL: http://[2409:8087:3428:20:500::1009]:6610/PLTV/88888888/224/3221225824/index.m3u8?servicetype=1&IASHttpSessionId=RR423820220409134714119178, From: subscribe, IPv_Type: ipv6, Location: 中国, ISP: 中国移动, Date: None, Delay: 0.1 ms, Speed: inf M/s, Resolution: 1920x1080
Name: 广东卫视, URL: http://[2409:8087:2001:20:2800:0:df6e:eb06]:80/wh7f454c46tw1749616194_1855037741/ott.mobaibox.com/PLTV/3/224/3221227249/index.m3u8?icpid=3&RTS=1674386160&from=40&popid=40&hms_devid=2036&prioritypopid=40&vqe=3, From: subscribe, IPv_Type: ipv6, Location: 中国, ISP: 中国移动, Date: None, Delay: 0.1 ms, Speed: inf M/s, Resolution: 1920x1080
Name: 广东卫视, URL: http://[2409:8087:74f0:22::6]:6410/270000001128/9900000520/index.m3u8, From: subscribe, IPv_Type: ipv6, Location: 中国, ISP: 中国移动, Date: None, Delay: 0.1 ms, Speed: inf M/s, Resolution: 1920x1080
Name: 广东卫视, URL: http://[2409:8087:1a01:df::7005]/ottrrs.hl.chinamobile.com/PLTV/88888888/224/3221226248/index.m3u8, From: subscribe, IPv_Type: ipv6, Location: 中国, ISP: 中国移动, Date: None, Delay: 0.1 ms, Speed: inf M/s, Resolution: 1920x1080
Name: 广东卫视, URL: http://[2409:8087:5e00:24::1e]:6060/200000001898/460000089800010055/1.m3u8, From: subscribe, IPv_Type: ipv6, Location: 中国, ISP: 中国移动, Date: None, Delay: 0.1 ms, Speed: inf M/s, Resolution: 1920x1080
Name: 广东卫视, URL: http://[2409:8087:3869:8021:1001::e5]:6610/PLTV/88888910/224/3221225701/index.m3u8, From: subscribe, IPv_Type: ipv6, Location: 中国, ISP: 中国移动, Date: None, Delay: 0.1 ms, Speed: inf M/s, Resolution: 1920x1080
Name: 广东卫视, URL: http://[2409:8087:8:21::18]:6610/otttv.bj.chinamobile.com/PLTV/88888888/224/3221226961/1.m3u8?GuardEncType=2&accountinfo=%7E%7EV2.0%7E2MGyx659D_aaDPP0qt3NgA%7EtP4-l0lmSfjwLWEfK_el1vH_mv-s1zo4AQJwdedaVwG9xkuFTDg8J26cwOrNJzn20BErrHdLhuZ9EzLUCD3PMW-OMx4MGteHV2vLeW6BqoY%2CEND, From: subscribe, IPv_Type: ipv6, Location: 中国, ISP: 中国移动, Date: None, Delay: -1 ms, Speed: 0.00 M/s, Resolution: None
Name: 广东卫视, URL: http://rrs01.hw.gmcc.net:8088/PLTV/81/224/3221227161/1.m3u8, From: subscribe, IPv_Type: ipv6, Location: 中国, ISP: 中国移动, Date: None, Delay: -1 ms, Speed: 0.00 M/s, Resolution: None
Name: 广东卫视, URL: http://[2409:8087:1a15:10d1::37]/ottrrs.hl.chinamobile.com/PLTV/88888888/224/3221226248/index.m3u8, From: subscribe, IPv_Type: ipv6, Location: 中国, ISP: 中国移动, Date: None, Delay: -1 ms, Speed: 0.00 M/s, Resolution: None
Name: 广东卫视, URL: http://[2409:8087:5e08:25::16]:6610/200000001898/460000089800010055/1.m3u8, From: subscribe, IPv_Type: ipv6, Location: 中国, ISP: 中国移动, Date: None, Delay: -1 ms, Speed: 0.00 M/s, Resolution: None
Name: 广东卫视, URL: https://mursor.ottiptv.cc/mcp/guangdong.m3u8, From: subscribe, IPv_Type: ipv6, Location: 美国, ISP: Oracle Corporation, Date: None, Delay: -1 ms, Speed: 0.00 M/s, Resolution: None
Name: 广东卫视, URL: https://migu.188766.xyz/?migutoken=ca7737784b0eafa0be5943f32e7f1e84&id=%E5%B9%BF%E4%B8%9C%E5%8D%AB%E8%A7%86&pp=1, From: subscribe, IPv_Type: ipv6, Location: 美国, ISP: CloudFlare Inc., Date: None, Delay: -1 ms, Speed: 0.00 M/s, Resolution: None
Name: 广东卫视, URL: http://gslbmgsplive.miguvideo.com/ws_w/2018/gdws/gdws711/1000/index.m3u8?msisdn=20250926080055fa93bd0ad6d14f29927ad1d172ea6a36&mdspid=&spid=699054&netType=0&sid=2202428795&pid=2028597139&timestamp=20250926080055&Channel_ID=0116_2600000900-99000-201600010010027&ProgramID=608831231&ParentNodeID=-99&assertID=2202428795&client_ip=106.13.250.83&SecurityKey=20250926080055&promotionId=&mvid=2202428795&mcid=500020&playurlVersion=ZQ-A1-8.9.2-RELEASE&userid=&jmhm=&videocodec=h264&bean=mgspad&tid=android&conFee=0&puData=b2349e3ce1c0ce5e5e7d3560bcfeae97&ddCalcu=7b92ee32a48e90fec3bc0e615c30dc7ee55e, From: subscribe, IPv_Type: ipv6, Location: 中国, ISP: 中国移动, Date: None, Delay: -1 ms, Speed: 0.00 M/s, Resolution: None
Name: 广东卫视, URL: https://cc06.tv12.xyz/43.m3u8, From: subscribe, IPv_Type: ipv6, Location: 美国, ISP: CloudFlare Inc., Date: None, Delay: -1 ms, Speed: 0.00 M/s, Resolution: None
Name: 广东卫视, URL: https://jzb.wwkejishe.top/?id=598, From: subscribe, IPv_Type: ipv6, Location: 美国, ISP: CloudFlare Inc., Date: None, Delay: -1 ms, Speed: 0.00 M/s, Resolution: None
Name: 广东卫视, URL: https://migu.188766.xyz/?migutoken=9fa4d7f72a64bfebdba6fe46710bab32&id=%E5%B9%BF%E4%B8%9C%E5%8D%AB%E8%A7%86&type=yy, From: subscribe, IPv_Type: ipv6, Location: 美国, ISP: CloudFlare Inc., Date: None, Delay: -1 ms, Speed: 0.00 M/s, Resolution: None
Name: 广东卫视, URL: https://migu.188766.xyz/?migutoken=e8c98430fbeeff4cebc53ae47ab1f9a6&id=%E5%B9%BF%E4%B8%9C%E5%8D%AB%E8%A7%86&type=yy, From: subscribe, IPv_Type: ipv6, Location: 美国, ISP: CloudFlare Inc., Date: None, Delay: -1 ms, Speed: 0.00 M/s, Resolution: None
Name: 广东民生, URL: https://stream1.freetv.fun/yan-dong-min-sheng-17.ctv, From: local, IPv_Type: ipv6, Location: 美国, ISP: CloudFlare Inc., Date: None, Delay: -1 ms, Speed: 0.00 M/s, Resolution: None
Name: 广东民生, URL: https://stream1.freetv.fun/yan-dong-min-sheng-14.ctv, From: local, IPv_Type: ipv6, Location: 美国, ISP: CloudFlare Inc., Date: None, Delay: -1 ms, Speed: 0.00 M/s, Resolution: None
Name: 广东民生, URL: https://stream1.freetv.fun/yan-dong-min-sheng-22.m3u8, From: local, IPv_Type: ipv6, Location: 美国, ISP: CloudFlare Inc., Date: None, Delay: -1 ms, Speed: 0.00 M/s, Resolution: None
Name: 广东民生, URL: https://stream1.freetv.fun/yan-dong-min-sheng-5.m3u8, From: local, IPv_Type: ipv6, Location: 美国, ISP: CloudFlare Inc., Date: None, Delay: -1 ms, Speed: 0.00 M/s, Resolution: None
Name: 广东民生, URL: https://stream1.freetv.fun/yan-dong-min-sheng-9.ctv, From: subscribe, IPv_Type: ipv6, Location: 美国, ISP: CloudFlare Inc., Date: None, Delay: 0.1 ms, Speed: inf M/s, Resolution: 1920x1080
Name: 广东民生, URL: https://stream1.freetv.fun/yan-dong-min-sheng-3.ctv, From: subscribe, IPv_Type: ipv6, Location: 美国, ISP: CloudFlare Inc., Date: None, Delay: 0.1 ms, Speed: inf M/s, Resolution: 1920x1080
Name: 广东民生, URL: https://stream1.freetv.fun/yan-dong-min-sheng-30.ctv, From: subscribe, IPv_Type: ipv6, Location: 美国, ISP: CloudFlare Inc., Date: None, Delay: -1 ms, Speed: 0.00 M/s, Resolution: None
Name: 广东民生, URL: https://stream1.freetv.fun/yan-dong-min-sheng-4.ctv, From: subscribe, IPv_Type: ipv6, Location: 美国, ISP: CloudFlare Inc., Date: None, Delay: 0.1 ms, Speed: inf M/s, Resolution: 1920x1080
Name: 广东民生, URL: https://stream1.freetv.fun/yan-dong-min-sheng-1.ctv, From: subscribe, IPv_Type: ipv6, Location: 美国, ISP: CloudFlare Inc., Date: None, Delay: 0.1 ms, Speed: inf M/s, Resolution: 1920x1080
Name: 广东民生, URL: https://stream1.freetv.fun/yan-dong-min-sheng-2.ctv, From: subscribe, IPv_Type: ipv6, Location: 美国, ISP: CloudFlare Inc., Date: None, Delay: 0.1 ms, Speed: inf M/s, Resolution: 1920x1080
Name: 广东民生, URL: https://stream1.freetv.fun/yan-dong-min-sheng-20.m3u8, From: subscribe, IPv_Type: ipv6, Location: 美国, ISP: CloudFlare Inc., Date: None, Delay: -1 ms, Speed: 0.00 M/s, Resolution: None
Name: 广东民生, URL: https://stream1.freetv.fun/yan-dong-min-sheng-6.ctv, From: subscribe, IPv_Type: ipv6, Location: 美国, ISP: CloudFlare Inc., Date: None, Delay: 0.1 ms, Speed: inf M/s, Resolution: 1920x1080
Name: 广东民生, URL: https://hk.188766.xyz/?migutoken=1b3f5ad2fc9489a673fb716341b0f4f7&id=gd_gdms&type=sz, From: subscribe, IPv_Type: ipv6, Location: 美国, ISP: CloudFlare Inc., Date: None, Delay: -1 ms, Speed: 0.00 M/s, Resolution: None
Name: 大湾区卫视, URL: http://php.jdshipin.com/TVOD/hnyd.php?id=200000001898/460000089800010108, From: subscribe, IPv_Type: ipv6, Location: 美国, ISP: CloudFlare Inc., Date: None, Delay: 0.1 ms, Speed: inf M/s, Resolution: 1920x1080
Name: 大湾区卫视, URL: http://z.b.bkpcp.top/m.php?id=dwqws, From: subscribe, IPv_Type: ipv6, Location: 美国, ISP: CloudFlare Inc., Date: None, Delay: 0.1 ms, Speed: inf M/s, Resolution: 1920x1080
Name: 大湾区卫视, URL: http://goo.bkpcp.top/mg/dwqws, From: subscribe, IPv_Type: ipv6, Location: 美国, ISP: CloudFlare Inc., Date: None, Delay: 0.1 ms, Speed: inf M/s, Resolution: 1920x1080
Name: 大湾区卫视, URL: http://jp1.jdiptv.cc/live/nfws.m3u8?kdstime=, From: subscribe, IPv_Type: ipv6, Location: 美国, ISP: CloudFlare Inc., Date: None, Delay: 0.1 ms, Speed: inf M/s, Resolution: 1920x1080
Name: 大湾区卫视, URL: http://[2409:8087:8:21::18]:6610/otttv.bj.chinamobile.com/PLTV/88888888/224/3221226540/1.m3u8, From: subscribe, IPv_Type: ipv6, Location: 中国, ISP: 中国移动, Date: None, Delay: 0.1 ms, Speed: inf M/s, Resolution: 1920x1080
Name: 大湾区卫视, URL: https://www.freetv.top/migu/608917627.m3u8?migutoken=913ec7608066b2e139e10a729ed6e0b277096bf7d1577f04dec2f036a15f6db88631747d218643efc7515ff520286e2a56bc4f2231e6d692da49f8d555d3291bbba71e8f2993d5487b41afa6bf, From: subscribe, IPv_Type: ipv6, Location: 美国-加利福尼亚州-圣克拉拉, ISP: DigitalOcean, Date: None, Delay: 0.1 ms, Speed: inf M/s, Resolution: 1920x1080
Name: 大湾区卫视, URL: https://www.freetv.top/migu/608917627.m3u8?migutoken=bad0a45eea94649f2e7f1b35e1d98d034b874a02984a76abb21e4537dee28f974e6da241dc7705109722be71c8b1302302b51cd4cb06c69ca55fdcf7279d415e0a0fce7c492b6842956ab34fcc, From: subscribe, IPv_Type: ipv6, Location: 美国-加利福尼亚州-圣克拉拉, ISP: DigitalOcean, Date: None, Delay: 0.1 ms, Speed: inf M/s, Resolution: 1920x1080
Name: 大湾区卫视, URL: https://www.freetv.top/migu/608917627.m3u8?migutoken=22c28ab72744cd3ae1500fcedd9aa645eb0c35326cccb8cc6253c912a2fbdadb109d5f005d7dbbb62dbcb2e1f9a30bfa1935a4a046787bb5ac3e9ac1b5b654c16c2f7753fc37d2d51b2916310b, From: subscribe, IPv_Type: ipv6, Location: 美国-加利福尼亚州-圣克拉拉, ISP: DigitalOcean, Date: None, Delay: 0.1 ms, Speed: inf M/s, Resolution: 1920x1080
Name: 大湾区卫视, URL: https://www.freetv.top/migu/608917627.m3u8?migutoken=6e23ed23803d2776218fbd5b6931d4dd0d0a20d0269ca0da6b2efaaf101f71c62689ec1d6f73e16a10d1b756f7e23f0de494b881e2bc39c12250715721f84c185577680003f363869dba1b7e90, From: subscribe, IPv_Type: ipv6, Location: 美国-加利福尼亚州-圣克拉拉, ISP: DigitalOcean, Date: None, Delay: 0.1 ms, Speed: inf M/s, Resolution: 1920x1080
Name: 大湾区卫视, URL: https://stream1.freetv.fun/9e44565ab6186689007a295d8b94b2a970fafde637068b0e3837e5f84689a8f3.m3u8, From: subscribe, IPv_Type: ipv6, Location: 美国, ISP: CloudFlare Inc., Date: None, Delay: 0.1 ms, Speed: inf M/s, Resolution: 1920x1080
Name: 大湾区卫视, URL: http://ottrrs.hl.chinamobile.com/PLTV/88888888/224/3221226442/index.m3u8, From: subscribe, IPv_Type: ipv6, Location: 中国, ISP: 中国移动, Date: None, Delay: 0.1 ms, Speed: inf M/s, Resolution: 1920x1080
Name: 大湾区卫视, URL: http://dbiptv.sn.chinamobile.com/PLTV/88888890/224/3221226218/index.m3u8, From: subscribe, IPv_Type: ipv6, Location: 中国, ISP: 中国移动, Date: None, Delay: 0.1 ms, Speed: inf M/s, Resolution: 1920x1080
Name: 大湾区卫视, URL: http://[2409:8087:5e08:25::16]:6610/200000001898/460000089800010108/1.m3u8, From: subscribe, IPv_Type: ipv6, Location: 中国, ISP: 中国移动, Date: None, Delay: -1 ms, Speed: 0.00 M/s, Resolution: None
Name: 大湾区卫视, URL: https://migu.188766.xyz/?migutoken=490263ff470a180dc044f21a4c0fc7a2&id=%E5%A4%A7%E6%B9%BE%E5%8C%BA%E5%8D%AB%E8%A7%86&type=yy, From: subscribe, IPv_Type: ipv6, Location: 美国, ISP: CloudFlare Inc., Date: None, Delay: -1 ms, Speed: 0.00 M/s, Resolution: None
Name: 大湾区卫视, URL: http://gslbmgsplive.miguvideo.com/wd_r3/2018/nfmedia/nfws/1000/index.m3u8?msisdn=20250919080133f37939935a714781ad404daf0685f925&mdspid=&spid=699054&netType=0&sid=2200322852&pid=2028597139&timestamp=20250919080133&Channel_ID=0116_2600000900-99000-201600010010027&ProgramID=608917627&ParentNodeID=-99&assertID=2200322852&client_ip=106.13.250.88&SecurityKey=20250919080133&promotionId=&mvid=2200322852&mcid=500020&playurlVersion=WX-A1-8.9.1-RELEASE&userid=&jmhm=&videocodec=h264&bean=mgspad&tid=android&conFee=0&puData=e0eb7c3208c3c4d76e7990c19dbaa3b9&ddCalcu=9eb0e3e1ab8a70bcd39210c80c939c74ed67, From: subscribe, IPv_Type: ipv6, Location: 中国, ISP: 中国移动, Date: None, Delay: -1 ms, Speed: 0.00 M/s, Resolution: None
Name: 大湾区卫视, URL: https://migu.188766.xyz/?migutoken=5b978a22667767e70f4cfa2e20fd8b99&id=%E5%A4%A7%E6%B9%BE%E5%8C%BA%E5%8D%AB%E8%A7%86&type=yy, From: subscribe, IPv_Type: ipv6, Location: 美国, ISP: CloudFlare Inc., Date: None, Delay: -1 ms, Speed: 0.00 M/s, Resolution: None
Name: 广州综合, URL: https://stream1.freetv.fun/yan-zhou-zong-he-4.m3u8, From: local, IPv_Type: ipv6, Location: 美国, ISP: CloudFlare Inc., Date: None, Delay: -1 ms, Speed: 0.00 M/s, Resolution: None
Name: 广州综合, URL: https://stream1.freetv.fun/yan-zhou-zong-he-28.m3u8, From: local, IPv_Type: ipv6, Location: 美国, ISP: CloudFlare Inc., Date: None, Delay: -1 ms, Speed: 0.00 M/s, Resolution: None
Name: 广州综合, URL: https://stream1.freetv.fun/yan-zhou-zong-he-10.m3u8, From: local, IPv_Type: ipv6, Location: 美国, ISP: CloudFlare Inc., Date: None, Delay: -1 ms, Speed: 0.00 M/s, Resolution: None
Name: 广州综合, URL: https://stream1.freetv.fun/yan-zhou-zong-he-17.m3u8, From: local, IPv_Type: ipv6, Location: 美国, ISP: CloudFlare Inc., Date: None, Delay: -1 ms, Speed: 0.00 M/s, Resolution: None
Name: 广州综合, URL: https://stream1.freetv.fun/yan-zhou-zong-he-27.ctv, From: local, IPv_Type: ipv6, Location: 美国, ISP: CloudFlare Inc., Date: None, Delay: -1 ms, Speed: 0.00 M/s, Resolution: None
Name: 广州综合, URL: https://stream1.freetv.fun/yan-zhou-zong-he-1.m3u8, From: local, IPv_Type: ipv6, Location: 美国, ISP: CloudFlare Inc., Date: None, Delay: -1 ms, Speed: 0.00 M/s, Resolution: None
Name: 广州综合, URL: https://stream1.freetv.fun/yan-zhou-zong-he-5.ctv, From: local, IPv_Type: ipv6, Location: 美国, ISP: CloudFlare Inc., Date: None, Delay: -1 ms, Speed: 0.00 M/s, Resolution: None
Name: 广州综合, URL: https://stream1.freetv.fun/yan-zhou-zong-he-24.m3u8, From: local, IPv_Type: ipv6, Location: 美国, ISP: CloudFlare Inc., Date: None, Delay: -1 ms, Speed: 0.00 M/s, Resolution: None
Name: 广州综合, URL: https://stream1.freetv.fun/yan-zhou-zong-he-19.m3u8, From: local, IPv_Type: ipv6, Location: 美国, ISP: CloudFlare Inc., Date: None, Delay: -1 ms, Speed: 0.00 M/s, Resolution: None
Name: 广州综合, URL: https://stream1.freetv.fun/yan-zhou-zong-he-9.m3u8, From: local, IPv_Type: ipv6, Location: 美国, ISP: CloudFlare Inc., Date: None, Delay: -1 ms, Speed: 0.00 M/s, Resolution: None
Name: 广州综合, URL: https://stream1.freetv.fun/yan-zhou-zong-he-2.m3u8, From: local, IPv_Type: ipv6, Location: 美国, ISP: CloudFlare Inc., Date: None, Delay: -1 ms, Speed: 0.00 M/s, Resolution: None
Name: 广州综合, URL: https://stream1.freetv.fun/yan-zhou-zong-he-20.m3u8, From: local, IPv_Type: ipv6, Location: 美国, ISP: CloudFlare Inc., Date: None, Delay: -1 ms, Speed: 0.00 M/s, Resolution: None
Name: 广州综合, URL: https://stream1.freetv.fun/yan-zhou-zong-he-8.m3u8, From: local, IPv_Type: ipv6, Location: 美国, ISP: CloudFlare Inc., Date: None, Delay: -1 ms, Speed: 0.00 M/s, Resolution: None
Name: 广州综合, URL: https://stream1.freetv.fun/yan-zhou-zong-he-14.m3u8, From: local, IPv_Type: ipv6, Location: 美国, ISP: CloudFlare Inc., Date: None, Delay: -1 ms, Speed: 0.00 M/s, Resolution: None
Name: 广州综合, URL: https://stream1.freetv.fun/yan-zhou-zong-he-15.m3u8, From: local, IPv_Type: ipv6, Location: 美国, ISP: CloudFlare Inc., Date: None, Delay: -1 ms, Speed: 0.00 M/s, Resolution: None
Name: 广州综合, URL: https://stream1.freetv.fun/yan-zhou-zong-he-13.ctv, From: local, IPv_Type: ipv6, Location: 美国, ISP: CloudFlare Inc., Date: None, Delay: -1 ms, Speed: 0.00 M/s, Resolution: None
Name: 广州综合, URL: http://php.jdshipin.com:8880/gztv.php?id=zhonghe, From: subscribe, IPv_Type: ipv6, Location: 美国, ISP: CloudFlare Inc., Date: None, Delay: 0.1 ms, Speed: inf M/s, Resolution: 1920x1080
Name: 广州综合, URL: https://live.lalifeier.eu.org/gztv/zhonghe.m3u8?t=1746292937&key=20079a0c421e334c8ff6f63f230b8038, From: subscribe, IPv_Type: ipv6, Location: 美国, ISP: CloudFlare Inc., Date: None, Delay: 0.1 ms, Speed: inf M/s, Resolution: 1920x1080
Name: 广州综合, URL: https://live.lalifeier.eu.org/gztv/zhonghe.m3u8?t=1746393735&key=2b88a832f53237919a3924cdaeda3a0d, From: subscribe, IPv_Type: ipv6, Location: 美国, ISP: CloudFlare Inc., Date: None, Delay: 0.1 ms, Speed: inf M/s, Resolution: 1920x1080
Name: 广州综合, URL: https://stream1.freetv.fun/yan-zhou-zong-he-9.ctv, From: subscribe, IPv_Type: ipv6, Location: 美国, ISP: CloudFlare Inc., Date: None, Delay: 0.1 ms, Speed: inf M/s, Resolution: 1920x1080
Name: 广州综合, URL: https://stream1.freetv.fun/yan-zhou-zong-he-12.ctv, From: subscribe, IPv_Type: ipv6, Location: 美国, ISP: CloudFlare Inc., Date: None, Delay: 0.1 ms, Speed: inf M/s, Resolution: 1920x1080
Name: 广州综合, URL: https://stream1.freetv.fun/yan-zhou-zong-he-11.ctv, From: subscribe, IPv_Type: ipv6, Location: 美国, ISP: CloudFlare Inc., Date: None, Delay: 0.1 ms, Speed: inf M/s, Resolution: 1920x1080
Name: 广州综合, URL: https://live.lalifeier.eu.org/gztv/zhonghe.m3u8?t=1746289777&key=d60e81860f262e40617e934abf53669b, From: subscribe, IPv_Type: ipv6, Location: 美国, ISP: CloudFlare Inc., Date: None, Delay: 0.1 ms, Speed: inf M/s, Resolution: 1920x1080
Name: 广州综合, URL: https://stream1.freetv.fun/yan-zhou-zong-he-25.ctv, From: subscribe, IPv_Type: ipv6, Location: 美国, ISP: CloudFlare Inc., Date: None, Delay: 0.1 ms, Speed: inf M/s, Resolution: 1920x1080
Name: 广州综合, URL: https://stream1.freetv.fun/yan-zhou-zong-he-19.ctv, From: subscribe, IPv_Type: ipv6, Location: 美国, ISP: CloudFlare Inc., Date: None, Delay: 0.1 ms, Speed: inf M/s, Resolution: 1920x1080
Name: 广州综合, URL: https://stream1.freetv.fun/yan-zhou-zong-he-8.ctv, From: subscribe, IPv_Type: ipv6, Location: 美国, ISP: CloudFlare Inc., Date: None, Delay: 0.1 ms, Speed: inf M/s, Resolution: 1920x1080
Name: 广州综合, URL: https://stream1.freetv.fun/yan-zhou-zong-he-14.ctv, From: subscribe, IPv_Type: ipv6, Location: 美国, ISP: CloudFlare Inc., Date: None, Delay: 0.1 ms, Speed: inf M/s, Resolution: 1920x1080
Name: 广州综合, URL: https://live.lalifeier.eu.org/gztv/zhonghe.m3u8?t=1746379256&key=d898bee3f868195bd88d19e1d0b24f82, From: subscribe, IPv_Type: ipv6, Location: 美国, ISP: CloudFlare Inc., Date: None, Delay: 0.1 ms, Speed: inf M/s, Resolution: 1920x1080
Name: 广州综合, URL: https://stream1.freetv.fun/yan-zhou-zong-he-31.ctv, From: subscribe, IPv_Type: ipv6, Location: 美国, ISP: CloudFlare Inc., Date: None, Delay: 0.1 ms, Speed: inf M/s, Resolution: 1920x1080
Name: 广州综合, URL: https://stream1.freetv.fun/yan-zhou-zong-he-21.ctv, From: subscribe, IPv_Type: ipv6, Location: 美国, ISP: CloudFlare Inc., Date: None, Delay: 0.1 ms, Speed: inf M/s, Resolution: 1920x1080
Name: 广州综合, URL: https://live.lalifeier.eu.org/gztv/zhonghe.m3u8?t=1746372302&key=4360db391a4e8bbe0775fd4339127517, From: subscribe, IPv_Type: ipv6, Location: 美国, ISP: CloudFlare Inc., Date: None, Delay: 0.1 ms, Speed: inf M/s, Resolution: 1920x1080
Name: 广州综合, URL: https://stream1.freetv.fun/yan-zhou-zong-he-32.ctv, From: subscribe, IPv_Type: ipv6, Location: 美国, ISP: CloudFlare Inc., Date: None, Delay: 0.1 ms, Speed: inf M/s, Resolution: 1920x1080
Name: 广州综合, URL: https://stream1.freetv.fun/yan-zhou-zong-he-23.ctv, From: subscribe, IPv_Type: ipv6, Location: 美国, ISP: CloudFlare Inc., Date: None, Delay: 0.1 ms, Speed: inf M/s, Resolution: 1920x1080
Name: 广州综合, URL: https://stream1.freetv.fun/yan-zhou-zong-he-3.ctv, From: subscribe, IPv_Type: ipv6, Location: 美国, ISP: CloudFlare Inc., Date: None, Delay: 0.1 ms, Speed: inf M/s, Resolution: 1920x1080
Name: 广州综合, URL: https://stream1.freetv.fun/yan-zhou-zong-he-22.ctv, From: subscribe, IPv_Type: ipv6, Location: 美国, ISP: CloudFlare Inc., Date: None, Delay: 0.1 ms, Speed: inf M/s, Resolution: 1920x1080
Name: 广州综合, URL: https://stream1.freetv.fun/yan-zhou-zong-he-16.ctv, From: subscribe, IPv_Type: ipv6, Location: 美国, ISP: CloudFlare Inc., Date: None, Delay: 0.1 ms, Speed: inf M/s, Resolution: 1920x1080
Name: 广州综合, URL: https://stream1.freetv.fun/yan-zhou-zong-he-29.ctv, From: subscribe, IPv_Type: ipv6, Location: 美国, ISP: CloudFlare Inc., Date: None, Delay: 0.1 ms, Speed: inf M/s, Resolution: 1920x1080
Name: 广州综合, URL: https://stream1.freetv.fun/yan-zhou-zong-he-6.m3u8, From: subscribe, IPv_Type: ipv6, Location: 美国, ISP: CloudFlare Inc., Date: None, Delay: 0.1 ms, Speed: inf M/s, Resolution: 1920x1080
Name: 广州综合, URL: https://stream1.freetv.fun/yan-zhou-zong-he-30.ctv, From: subscribe, IPv_Type: ipv6, Location: 美国, ISP: CloudFlare Inc., Date: None, Delay: 0.1 ms, Speed: inf M/s, Resolution: 1920x1080
Name: 广州综合, URL: https://stream1.freetv.fun/yan-zhou-zong-he-15.ctv, From: subscribe, IPv_Type: ipv6, Location: 美国, ISP: CloudFlare Inc., Date: None, Delay: 0.1 ms, Speed: inf M/s, Resolution: 1920x1080
Name: 广州综合, URL: https://live.lalifeier.eu.org/gztv/zhonghe.m3u8?t=1746307365&key=343d3f46d9399221e04889d8ba4c1863, From: subscribe, IPv_Type: ipv6, Location: 美国, ISP: CloudFlare Inc., Date: None, Delay: 0.1 ms, Speed: inf M/s, Resolution: 1920x1080
Name: 广州综合, URL: https://stream1.freetv.fun/yan-zhou-zong-he-4.ctv, From: subscribe, IPv_Type: ipv6, Location: 美国, ISP: CloudFlare Inc., Date: None, Delay: 0.1 ms, Speed: inf M/s, Resolution: 1920x1080
Name: 广州综合, URL: https://live.iill.top/gztv/zhonghe, From: subscribe, IPv_Type: ipv6, Location: 美国, ISP: CloudFlare Inc., Date: None, Delay: 0.1 ms, Speed: inf M/s, Resolution: 1920x1080
Name: 广州综合, URL: https://stream1.freetv.fun/yan-zhou-zong-he-17.ctv, From: subscribe, IPv_Type: ipv6, Location: 美国, ISP: CloudFlare Inc., Date: None, Delay: 0.1 ms, Speed: inf M/s, Resolution: 1920x1080
Name: 广州综合, URL: https://stream1.freetv.fun/yan-zhou-zong-he-24.ctv, From: subscribe, IPv_Type: ipv6, Location: 美国, ISP: CloudFlare Inc., Date: None, Delay: 0.1 ms, Speed: inf M/s, Resolution: 1920x1080
Name: 广州综合, URL: https://tv.iill.top/gztv/zhonghe, From: subscribe, IPv_Type: ipv6, Location: 美国, ISP: CloudFlare Inc., Date: None, Delay: 0.1 ms, Speed: inf M/s, Resolution: 1920x1080
Name: 广州综合, URL: https://stream1.freetv.fun/yan-zhou-zong-he-26.ctv, From: subscribe, IPv_Type: ipv6, Location: 美国, ISP: CloudFlare Inc., Date: None, Delay: 0.1 ms, Speed: inf M/s, Resolution: 1920x1080
Name: 广州综合, URL: https://live.lalifeier.eu.org/gztv/zhonghe.m3u8?t=1743040305&key=9b8c0f43fde1e08e18b3c6bf6363710c, From: subscribe, IPv_Type: ipv6, Location: 美国, ISP: CloudFlare Inc., Date: None, Delay: 0.1 ms, Speed: inf M/s, Resolution: 1920x1080
Name: 广州综合, URL: https://stream1.freetv.fun/yan-zhou-zong-he-18.ctv, From: subscribe, IPv_Type: ipv6, Location: 美国, ISP: CloudFlare Inc., Date: None, Delay: 0.1 ms, Speed: inf M/s, Resolution: 1920x1080
Name: 广州影视, URL: https://stream1.freetv.fun/yan-zhou-ying-shi-17.m3u8, From: local, IPv_Type: ipv6, Location: 美国, ISP: CloudFlare Inc., Date: None, Delay: -1 ms, Speed: 0.00 M/s, Resolution: None
Name: 广州影视, URL: https://stream1.freetv.fun/yan-zhou-ying-shi-6.ctv, From: local, IPv_Type: ipv6, Location: 美国, ISP: CloudFlare Inc., Date: None, Delay: -1 ms, Speed: 0.00 M/s, Resolution: None
Name: 广州影视, URL: http://php.jdshipin.com:8880/gztv.php?id=yingshi#https://tencentplay.gztv.com/live/yingshi.m3u8?txSecret=7e9bddad7c8911626ed1d2c09fc605d9&txTime=18d00acf487, From: subscribe, IPv_Type: ipv6, Location: 美国, ISP: CloudFlare Inc., Date: None, Delay: 0.1 ms, Speed: inf M/s, Resolution: 1920x1080
Name: 广州影视, URL: https://live.lalifeier.eu.org/gztv/yingshi.m3u8?t=1746292937&key=a30a89b429981379ff7c586fdb54ac86, From: subscribe, IPv_Type: ipv6, Location: 美国, ISP: CloudFlare Inc., Date: None, Delay: 0.1 ms, Speed: inf M/s, Resolution: 1920x1080
Name: 广州影视, URL: https://live.lalifeier.eu.org/gztv/yingshi.m3u8?t=1746393735&key=1c3dbffdc7f539bde2e1cf2100bb4266, From: subscribe, IPv_Type: ipv6, Location: 美国, ISP: CloudFlare Inc., Date: None, Delay: 0.1 ms, Speed: inf M/s, Resolution: 1920x1080
Name: 广州影视, URL: https://stream1.freetv.fun/yan-zhou-ying-shi-25.m3u8, From: subscribe, IPv_Type: ipv6, Location: 美国, ISP: CloudFlare Inc., Date: None, Delay: -1 ms, Speed: 0.00 M/s, Resolution: None
Name: 广州影视, URL: https://stream1.freetv.fun/yan-zhou-ying-shi-13.ctv, From: subscribe, IPv_Type: ipv6, Location: 美国, ISP: CloudFlare Inc., Date: None, Delay: 0.1 ms, Speed: inf M/s, Resolution: 1920x1080
Name: 广州影视, URL: https://stream1.freetv.fun/yan-zhou-ying-shi-7.ctv, From: subscribe, IPv_Type: ipv6, Location: 美国, ISP: CloudFlare Inc., Date: None, Delay: 0.1 ms, Speed: inf M/s, Resolution: 1920x1080
Name: 广州影视, URL: https://stream1.freetv.fun/yan-zhou-ying-shi-4.ctv, From: subscribe, IPv_Type: ipv6, Location: 美国, ISP: CloudFlare Inc., Date: None, Delay: 0.1 ms, Speed: inf M/s, Resolution: 1920x1080
Name: 广州影视, URL: https://stream1.freetv.fun/yan-zhou-ying-shi-28.ctv, From: subscribe, IPv_Type: ipv6, Location: 美国, ISP: CloudFlare Inc., Date: None, Delay: 0.1 ms, Speed: inf M/s, Resolution: 1920x1080
Name: 广州影视, URL: https://stream1.freetv.fun/yan-zhou-ying-shi-15.ctv, From: subscribe, IPv_Type: ipv6, Location: 美国, ISP: CloudFlare Inc., Date: None, Delay: 0.1 ms, Speed: inf M/s, Resolution: 1920x1080
Name: 广州影视, URL: https://stream1.freetv.fun/yan-zhou-ying-shi-12.ctv, From: subscribe, IPv_Type: ipv6, Location: 美国, ISP: CloudFlare Inc., Date: None, Delay: 0.1 ms, Speed: inf M/s, Resolution: 1920x1080
Name: 广州影视, URL: https://stream1.freetv.fun/yan-zhou-ying-shi-24.ctv, From: subscribe, IPv_Type: ipv6, Location: 美国, ISP: CloudFlare Inc., Date: None, Delay: 0.1 ms, Speed: inf M/s, Resolution: 1920x1080
Name: 广州影视, URL: https://live.lalifeier.eu.org/gztv/yingshi.m3u8?t=1745774515&key=1582833445aee08df286b7097e95e7a1, From: subscribe, IPv_Type: ipv6, Location: 美国, ISP: CloudFlare Inc., Date: None, Delay: 0.1 ms, Speed: inf M/s, Resolution: 1920x1080
Name: 广州影视, URL: https://stream1.freetv.fun/yan-zhou-ying-shi-18.ctv, From: subscribe, IPv_Type: ipv6, Location: 美国, ISP: CloudFlare Inc., Date: None, Delay: 0.1 ms, Speed: inf M/s, Resolution: 1920x1080
Name: 广州影视, URL: https://stream1.freetv.fun/yan-zhou-ying-shi-8.m3u8, From: subscribe, IPv_Type: ipv6, Location: 美国, ISP: CloudFlare Inc., Date: None, Delay: 0.1 ms, Speed: inf M/s, Resolution: 1920x1080
Name: 广州影视, URL: https://stream1.freetv.fun/yan-zhou-ying-shi-9.m3u8, From: subscribe, IPv_Type: ipv6, Location: 美国, ISP: CloudFlare Inc., Date: None, Delay: 0.1 ms, Speed: inf M/s, Resolution: 1920x1080
Name: 广州影视, URL: https://live.lalifeier.eu.org/gztv/yingshi.m3u8?t=1746379256&key=62b4176c5f6e1c5b0c3bbf971e64f588, From: subscribe, IPv_Type: ipv6, Location: 美国, ISP: CloudFlare Inc., Date: None, Delay: 0.1 ms, Speed: inf M/s, Resolution: 1920x1080
Name: 广州影视, URL: https://stream1.freetv.fun/yan-zhou-ying-shi-23.ctv, From: subscribe, IPv_Type: ipv6, Location: 美国, ISP: CloudFlare Inc., Date: None, Delay: 0.1 ms, Speed: inf M/s, Resolution: 1920x1080
Name: 广州影视, URL: https://stream1.freetv.fun/yan-zhou-ying-shi-21.ctv, From: subscribe, IPv_Type: ipv6, Location: 美国, ISP: CloudFlare Inc., Date: None, Delay: 0.1 ms, Speed: inf M/s, Resolution: 1920x1080
Name: 广州影视, URL: https://stream1.freetv.fun/yan-zhou-ying-shi-17.ctv, From: subscribe, IPv_Type: ipv6, Location: 美国, ISP: CloudFlare Inc., Date: None, Delay: 0.1 ms, Speed: inf M/s, Resolution: 1920x1080
Name: 广州影视, URL: https://stream1.freetv.fun/yan-zhou-ying-shi-5.ctv, From: subscribe, IPv_Type: ipv6, Location: 美国, ISP: CloudFlare Inc., Date: None, Delay: 0.1 ms, Speed: inf M/s, Resolution: 1920x1080
Name: 广州影视, URL: https://stream1.freetv.fun/yan-zhou-ying-shi-14.ctv, From: subscribe, IPv_Type: ipv6, Location: 美国, ISP: CloudFlare Inc., Date: None, Delay: 0.1 ms, Speed: inf M/s, Resolution: 1920x1080
Name: 广州影视, URL: https://live.lalifeier.eu.org/gztv/yingshi.m3u8?t=1746307365&key=2ae0710654e113d38d46552612cb85e7, From: subscribe, IPv_Type: ipv6, Location: 美国, ISP: CloudFlare Inc., Date: None, Delay: 0.1 ms, Speed: inf M/s, Resolution: 1920x1080
Name: 广州影视, URL: https://stream1.freetv.fun/yan-zhou-ying-shi-9.ctv, From: subscribe, IPv_Type: ipv6, Location: 美国, ISP: CloudFlare Inc., Date: None, Delay: 0.1 ms, Speed: inf M/s, Resolution: 1920x1080
Name: 广州影视, URL: https://tv.iill.top/gztv/yingshi, From: subscribe, IPv_Type: ipv6, Location: 美国, ISP: CloudFlare Inc., Date: None, Delay: 0.1 ms, Speed: inf M/s, Resolution: 1920x1080
Name: 广州影视, URL: https://stream1.freetv.fun/yan-zhou-ying-shi-3.m3u8, From: subscribe, IPv_Type: ipv6, Location: 美国, ISP: CloudFlare Inc., Date: None, Delay: 0.1 ms, Speed: inf M/s, Resolution: 1920x1080
Name: 广州影视, URL: https://stream1.freetv.fun/yan-zhou-ying-shi-2.ctv, From: subscribe, IPv_Type: ipv6, Location: 美国, ISP: CloudFlare Inc., Date: None, Delay: 0.1 ms, Speed: inf M/s, Resolution: 1920x1080
Name: 广州影视, URL: https://stream1.freetv.fun/yan-zhou-ying-shi-22.ctv, From: subscribe, IPv_Type: ipv6, Location: 美国, ISP: CloudFlare Inc., Date: None, Delay: 0.1 ms, Speed: inf M/s, Resolution: 1920x1080
Name: 广州影视, URL: https://stream1.freetv.fun/yan-zhou-ying-shi-1.m3u8, From: subscribe, IPv_Type: ipv6, Location: 美国, ISP: CloudFlare Inc., Date: None, Delay: 0.1 ms, Speed: inf M/s, Resolution: 1920x1080
Name: 广州影视, URL: https://stream1.freetv.fun/yan-zhou-ying-shi-11.ctv, From: subscribe, IPv_Type: ipv6, Location: 美国, ISP: CloudFlare Inc., Date: None, Delay: 0.1 ms, Speed: inf M/s, Resolution: 1920x1080
Name: 广州影视, URL: https://stream1.freetv.fun/yan-zhou-ying-shi-20.ctv, From: subscribe, IPv_Type: ipv6, Location: 美国, ISP: CloudFlare Inc., Date: None, Delay: 0.1 ms, Speed: inf M/s, Resolution: 1920x1080
Name: 广州影视, URL: https://stream1.freetv.fun/yan-zhou-ying-shi-10.ctv, From: subscribe, IPv_Type: ipv6, Location: 美国, ISP: CloudFlare Inc., Date: None, Delay: 0.1 ms, Speed: inf M/s, Resolution: 1920x1080
Name: 广州竞赛, URL: https://stream1.freetv.fun/yan-zhou-jing-sai-22.m3u8, From: local, IPv_Type: ipv6, Location: 美国, ISP: CloudFlare Inc., Date: None, Delay: -1 ms, Speed: 0.00 M/s, Resolution: None
Name: 广州竞赛, URL: http://php.jdshipin.com:8880/gztv.php?id=jingsai#https://tencentplay.gztv.com/live/jingsai.m3u8?txSecret=49c8041461997c7a97dbcc3c7fd11b4f&txTime=18d00acf487, From: subscribe, IPv_Type: ipv6, Location: 美国, ISP: CloudFlare Inc., Date: None, Delay: 0.1 ms, Speed: inf M/s, Resolution: 1920x1080
Name: 广州竞赛, URL: https://stream1.freetv.fun/yan-zhou-jing-sai-2.m3u8, From: subscribe, IPv_Type: ipv6, Location: 美国, ISP: CloudFlare Inc., Date: None, Delay: -1 ms, Speed: 0.00 M/s, Resolution: None
Name: 广州竞赛, URL: https://stream1.freetv.fun/yan-zhou-jing-sai-4.ctv, From: subscribe, IPv_Type: ipv6, Location: 美国, ISP: CloudFlare Inc., Date: None, Delay: 0.1 ms, Speed: inf M/s, Resolution: 1920x1080
Name: 广州竞赛, URL: https://live.lalifeier.eu.org/gztv/jingsai.m3u8?t=1746307365&key=a9871a8d340d71198cae366f791f73b6, From: subscribe, IPv_Type: ipv6, Location: 美国, ISP: CloudFlare Inc., Date: None, Delay: 0.1 ms, Speed: inf M/s, Resolution: 1920x1080
Name: 广州竞赛, URL: https://live.lalifeier.eu.org/gztv/jingsai.m3u8?t=1746292937&key=9c4406a7e61302b6549a1ec192360a80, From: subscribe, IPv_Type: ipv6, Location: 美国, ISP: CloudFlare Inc., Date: None, Delay: 0.1 ms, Speed: inf M/s, Resolution: 1920x1080
Name: 广州竞赛, URL: https://stream1.freetv.fun/yan-zhou-jing-sai-7.ctv, From: subscribe, IPv_Type: ipv6, Location: 美国, ISP: CloudFlare Inc., Date: None, Delay: 0.1 ms, Speed: inf M/s, Resolution: 1920x1080
Name: 广州竞赛, URL: https://stream1.freetv.fun/yan-zhou-jing-sai-2.ctv, From: subscribe, IPv_Type: ipv6, Location: 美国, ISP: CloudFlare Inc., Date: None, Delay: 0.1 ms, Speed: inf M/s, Resolution: 1920x1080
Name: 广州竞赛, URL: https://stream1.freetv.fun/yan-zhou-jing-sai-9.ctv, From: subscribe, IPv_Type: ipv6, Location: 美国, ISP: CloudFlare Inc., Date: None, Delay: 0.1 ms, Speed: inf M/s, Resolution: 1920x1080
Name: 广州竞赛, URL: https://stream1.freetv.fun/yan-zhou-jing-sai-3.ctv, From: subscribe, IPv_Type: ipv6, Location: 美国, ISP: CloudFlare Inc., Date: None, Delay: 0.1 ms, Speed: inf M/s, Resolution: 1920x1080
Name: 广州竞赛, URL: https://live.lalifeier.eu.org/gztv/jingsai.m3u8?t=1745774515&key=78e6a12641c455c41ba29024931e276e, From: subscribe, IPv_Type: ipv6, Location: 美国, ISP: CloudFlare Inc., Date: None, Delay: 0.1 ms, Speed: inf M/s, Resolution: 1920x1080
Name: 广州竞赛, URL: https://stream1.freetv.fun/yan-zhou-jing-sai-6.ctv, From: subscribe, IPv_Type: ipv6, Location: 美国, ISP: CloudFlare Inc., Date: None, Delay: 0.1 ms, Speed: inf M/s, Resolution: 1920x1080
Name: 江门综合, URL: https://stream1.freetv.fun/jiang-men-zong-he-8.ctv, From: subscribe, IPv_Type: ipv6, Location: 美国, ISP: CloudFlare Inc., Date: None, Delay: 0.1 ms, Speed: inf M/s, Resolution: 1920x1080
Name: 江门综合, URL: https://stream1.freetv.fun/jiang-men-zong-he-6.ctv, From: subscribe, IPv_Type: ipv6, Location: 美国, ISP: CloudFlare Inc., Date: None, Delay: 0.1 ms, Speed: inf M/s, Resolution: 1920x1080
Name: 江门综合, URL: http://dslive.grtn.cn/jmzh/sd/live.m3u8, From: subscribe, IPv_Type: ipv6, Location: 中国, ISP: 中国电信, Date: None, Delay: 0.1 ms, Speed: inf M/s, Resolution: 1920x1080
Name: 江门综合, URL: https://stream1.freetv.fun/jiang-men-zong-he-4.ctv, From: subscribe, IPv_Type: ipv6, Location: 美国, ISP: CloudFlare Inc., Date: None, Delay: 0.1 ms, Speed: inf M/s, Resolution: 1920x1080
Name: 江门综合, URL: https://stream1.freetv.fun/jiang-men-zong-he-2.ctv, From: subscribe, IPv_Type: ipv6, Location: 美国, ISP: CloudFlare Inc., Date: None, Delay: 0.1 ms, Speed: inf M/s, Resolution: 1920x1080
Name: 江门综合, URL: https://stream1.freetv.fun/jiang-men-zong-he-9.ctv, From: subscribe, IPv_Type: ipv6, Location: 美国, ISP: CloudFlare Inc., Date: None, Delay: 0.1 ms, Speed: inf M/s, Resolution: 1920x1080
Name: 江门综合, URL: https://stream1.freetv.fun/jiang-men-zong-he-1.ctv, From: subscribe, IPv_Type: ipv6, Location: 美国, ISP: CloudFlare Inc., Date: None, Delay: 0.1 ms, Speed: inf M/s, Resolution: 1920x1080
Name: 江门综合, URL: https://stream1.freetv.fun/jiang-men-zong-he-7.ctv, From: subscribe, IPv_Type: ipv6, Location: 美国, ISP: CloudFlare Inc., Date: None, Delay: 0.1 ms, Speed: inf M/s, Resolution: 1920x1080
Name: 江门综合, URL: https://stream1.freetv.fun/jiang-men-zong-he-5.ctv, From: subscribe, IPv_Type: ipv6, Location: 美国, ISP: CloudFlare Inc., Date: None, Delay: 0.1 ms, Speed: inf M/s, Resolution: 1920x1080
Name: 佛山综合, URL: http://php.jdshipin.com:8880/fstv.php?id=fszh, From: subscribe, IPv_Type: ipv6, Location: 美国, ISP: CloudFlare Inc., Date: None, Delay: 0.1 ms, Speed: inf M/s, Resolution: 1920x1080
Name: 佛山综合, URL: https://stream1.freetv.fun/fo-shan-zong-he-5.ctv, From: subscribe, IPv_Type: ipv6, Location: 美国, ISP: CloudFlare Inc., Date: None, Delay: 0.1 ms, Speed: inf M/s, Resolution: 1920x1080
Name: 佛山综合, URL: https://stream1.freetv.fun/fo-shan-zong-he-7.ctv, From: subscribe, IPv_Type: ipv6, Location: 美国, ISP: CloudFlare Inc., Date: None, Delay: 0.1 ms, Speed: inf M/s, Resolution: 1920x1080
Name: 佛山综合, URL: https://live.lalifeier.eu.org/fstv/fszh.m3u8?t=1746307365&key=776c844ec448f3aca62132b212878ee5, From: subscribe, IPv_Type: ipv6, Location: 美国, ISP: CloudFlare Inc., Date: None, Delay: 0.1 ms, Speed: inf M/s, Resolution: 1920x1080
Name: 佛山综合, URL: https://stream1.freetv.fun/fo-shan-zong-he-9.ctv, From: subscribe, IPv_Type: ipv6, Location: 美国, ISP: CloudFlare Inc., Date: None, Delay: 0.1 ms, Speed: inf M/s, Resolution: 1920x1080
Name: 佛山综合, URL: https://live.lalifeier.eu.org/fstv/fszh.m3u8?t=1746292937&key=c4f7204aa8204ca91d522df2edff56b5, From: subscribe, IPv_Type: ipv6, Location: 美国, ISP: CloudFlare Inc., Date: None, Delay: 0.1 ms, Speed: inf M/s, Resolution: 1920x1080
Name: 佛山综合, URL: https://live.lalifeier.eu.org/fstv/fszh.m3u8?t=1746393735&key=09411213bb524db9a70ebd4455bb2a08, From: subscribe, IPv_Type: ipv6, Location: 美国, ISP: CloudFlare Inc., Date: None, Delay: 0.1 ms, Speed: inf M/s, Resolution: 1920x1080
Name: 佛山综合, URL: https://live.lalifeier.eu.org/fstv/fszh.m3u8?t=1746379256&key=4065afecd082f828d7a3567fc1de4834, From: subscribe, IPv_Type: ipv6, Location: 美国, ISP: CloudFlare Inc., Date: None, Delay: 0.1 ms, Speed: inf M/s, Resolution: 1920x1080
Name: 佛山综合, URL: https://stream1.freetv.fun/fo-shan-zong-he-3.ctv, From: subscribe, IPv_Type: ipv6, Location: 美国, ISP: CloudFlare Inc., Date: None, Delay: 0.1 ms, Speed: inf M/s, Resolution: 1920x1080
Name: 佛山综合, URL: https://stream1.freetv.fun/fo-shan-zong-he-2.ctv, From: subscribe, IPv_Type: ipv6, Location: 美国, ISP: CloudFlare Inc., Date: None, Delay: 0.1 ms, Speed: inf M/s, Resolution: 1920x1080
Name: 佛山综合, URL: https://stream1.freetv.fun/fo-shan-zong-he-6.ctv, From: subscribe, IPv_Type: ipv6, Location: 美国, ISP: CloudFlare Inc., Date: None, Delay: 0.1 ms, Speed: inf M/s, Resolution: 1920x1080
Name: 佛山综合, URL: https://stream1.freetv.fun/fo-shan-zong-he-1.ctv, From: subscribe, IPv_Type: ipv6, Location: 美国, ISP: CloudFlare Inc., Date: None, Delay: 0.1 ms, Speed: inf M/s, Resolution: 1920x1080
Name: 佛山综合, URL: http://dslive.grtn.cn/fszh/sd/live.m3u8, From: subscribe, IPv_Type: ipv6, Location: 中国, ISP: 中国电信, Date: None, Delay: 0.1 ms, Speed: inf M/s, Resolution: 1920x1080
Name: 佛山综合, URL: https://stream1.freetv.fun/fo-shan-zong-he-8.ctv, From: subscribe, IPv_Type: ipv6, Location: 美国, ISP: CloudFlare Inc., Date: None, Delay: 0.1 ms, Speed: inf M/s, Resolution: 1920x1080
Name: 佛山综合, URL: https://live.lalifeier.eu.org/fstv/fszh.m3u8?t=1744010833&key=30e1b8742dfc028e8c2f6d554c2532df, From: subscribe, IPv_Type: ipv6, Location: 美国, ISP: CloudFlare Inc., Date: None, Delay: 0.1 ms, Speed: inf M/s, Resolution: 1920x1080
Name: 深圳卫视, URL: https://iptv.catvod.com/live.php?id=%E6%B7%B1%E5%9C%B3%E5%8D%AB%E8%A7%86%E5%8F%B0, From: local, IPv_Type: ipv6, Location: 美国, ISP: CloudFlare Inc., Date: None, Delay: -1 ms, Speed: 0.00 M/s, Resolution: None
Name: 深圳卫视, URL: https://iptv.catvod.com/live.php?id=%E6%B7%B1%E5%9C%B3, From: local, IPv_Type: ipv6, Location: 美国, ISP: CloudFlare Inc., Date: None, Delay: -1 ms, Speed: 0.00 M/s, Resolution: None
Name: 深圳卫视, URL: http://php.jdshipin.com/TVOD/hnyd.php?id=200000001898/460000089800010068, From: subscribe, IPv_Type: ipv6, Location: 美国, ISP: CloudFlare Inc., Date: None, Delay: 0.1 ms, Speed: inf M/s, Resolution: 1920x1080
Name: 深圳卫视, URL: http://iptv.huuc.edu.cn/hls/szhd.m3u8, From: subscribe, IPv_Type: ipv6, Location: 中国, ISP: 教育网, Date: None, Delay: 0.1 ms, Speed: inf M/s, Resolution: 1920x1080
Name: 深圳卫视, URL: https://smart.pendy.dpdns.org/Smart.php?id=shenzhen, From: subscribe, IPv_Type: ipv6, Location: 美国, ISP: CloudFlare Inc., Date: None, Delay: 0.1 ms, Speed: inf M/s, Resolution: 1920x1080
Name: 深圳卫视, URL: http://dsj.motem.top:8880/bptv/10000100000000050000000003873474.m3u8, From: subscribe, IPv_Type: ipv6, Location: 美国, ISP: CloudFlare Inc., Date: None, Delay: 0.1 ms, Speed: inf M/s, Resolution: 1920x1080
Name: 深圳卫视, URL: http://z.b.bkpcp.top/m.php?id=szws, From: subscribe, IPv_Type: ipv6, Location: 美国, ISP: CloudFlare Inc., Date: None, Delay: 0.1 ms, Speed: inf M/s, Resolution: 1920x1080
Name: 深圳卫视, URL: http://[2409:8087:1a0a:df::404b]/ottrrs.hl.chinamobile.com/TVOD/88888888/224/3221226313/index.m3u8, From: subscribe, IPv_Type: ipv6, Location: 中国, ISP: 中国移动, Date: None, Delay: 0.1 ms, Speed: inf M/s, Resolution: 1920x1080
Name: 深圳卫视, URL: http://[2409:8087:1a01:df::4077]/ottrrs.hl.chinamobile.com/PLTV/88888888/8/3221226313/index.m3u8, From: subscribe, IPv_Type: ipv6, Location: 中国, ISP: 中国移动, Date: None, Delay: 0.1 ms, Speed: inf M/s, Resolution: 1920x1080
Name: 深圳卫视, URL: http://[2409:8087:8:21::18]:6610/otttv.bj.chinamobile.com/PLTV/88888888/224/3221226245/1.m3u8, From: subscribe, IPv_Type: ipv6, Location: 中国, ISP: 中国移动, Date: None, Delay: 0.1 ms, Speed: inf M/s, Resolution: 1920x1080
Name: 深圳卫视, URL: http://[2409:8087:8:21::18]:6610/otttv.bj.chinamobile.com/PLTV/88888888/224/3221226495/1.m3u8, From: subscribe, IPv_Type: ipv6, Location: 中国, ISP: 中国移动, Date: None, Delay: 0.1 ms, Speed: inf M/s, Resolution: 1920x1080
Name: 深圳卫视, URL: http://[2409:8087:8:21::18]:6610/otttv.bj.chinamobile.com/PLTV/88888888/224/3221226573/1.m3u8, From: subscribe, IPv_Type: ipv6, Location: 中国, ISP: 中国移动, Date: None, Delay: 0.1 ms, Speed: inf M/s, Resolution: 1920x1080
Name: 深圳卫视, URL: http://[2409:8087:2001:20:2800:0:df6e:eb11]:80/ott.mobaibox.com/PLTV/4/224/3221227555/index.m3u8, From: subscribe, IPv_Type: ipv6, Location: 中国, ISP: 中国移动, Date: None, Delay: 0.1 ms, Speed: inf M/s, Resolution: 1920x1080
Name: 深圳卫视, URL: http://yc.myds.me:35455/itv/5000000004000007410.m3u8?cdn=bestzb, From: subscribe, IPv_Type: ipv6, Location: 中国, ISP: 中国电信, Date: None, Delay: 0.1 ms, Speed: inf M/s, Resolution: 1920x1080
Name: 深圳卫视, URL: http://nas.suntao.online:35455/itv/5000000004000007410.m3u8?cdn=bestzb, From: subscribe, IPv_Type: ipv6, Location: 中国, ISP: 中国联通, Date: None, Delay: 0.1 ms, Speed: inf M/s, Resolution: 1920x1080
Name: 深圳卫视, URL: http://dbiptv.sn.chinamobile.com/PLTV/88888888/224/3221225801/1.m3u8, From: subscribe, IPv_Type: ipv6, Location: 中国, ISP: 中国移动, Date: None, Delay: 0.1 ms, Speed: inf M/s, Resolution: 1920x1080
Name: 深圳卫视, URL: https://stream1.freetv.fun/7d39b3e02dccfbd1ed32ec34964c9c335bfed429cb4f45800afa9f77414d01e3.ctv, From: subscribe, IPv_Type: ipv6, Location: 美国, ISP: CloudFlare Inc., Date: None, Delay: 0.1 ms, Speed: inf M/s, Resolution: 1920x1080
Name: 深圳卫视, URL: http://hwrr.jx.chinamobile.com:8080/PLTV/88888888/224/3221225598/index.m3u8?fmt=ts2hls, From: subscribe, IPv_Type: ipv6, Location: 中国, ISP: 中国移动, Date: None, Delay: 0.1 ms, Speed: inf M/s, Resolution: 1920x1080
Name: 深圳卫视, URL: http://[2409:8087:3428:20:500::100f]:6610/PLTV/88888888/224/3221225848/index.m3u8?servicetype=1&IASHttpSessionId=RR423820220409134714119178, From: subscribe, IPv_Type: ipv6, Location: 中国, ISP: 中国移动, Date: None, Delay: 0.1 ms, Speed: inf M/s, Resolution: 1920x1080
Name: 深圳卫视, URL: http://[2409:8087:3428:20:500::1009]:6610/PLTV/88888888/224/3221225848/index.m3u8?servicetype=1&IASHttpSessionId=RR423820220409134714119178, From: subscribe, IPv_Type: ipv6, Location: 中国, ISP: 中国移动, Date: None, Delay: 0.1 ms, Speed: inf M/s, Resolution: 1920x1080
Name: 深圳卫视, URL: http://[2409:8087:2001:20:2800:0:df6e:eb1a]:80/wh7f454c46tw207777730_-119365339/ott.mobaibox.com/PLTV/3/224/3221227624/index.m3u8?icpid=3&RTS=1674380323&from=40&popid=40&hms_devid=2116&prioritypopid=40&vqe=3, From: subscribe, IPv_Type: ipv6, Location: 中国, ISP: 中国移动, Date: None, Delay: 0.1 ms, Speed: inf M/s, Resolution: 1920x1080
Name: 深圳卫视, URL: http://[2409:8087:2001:20:2800:0:df6e:eb0d]:80/wh7f454c46tw208051491_470444878/ott.mobaibox.com/PLTV/3/224/3221227677/index.m3u8?icpid=3&RTS=1674380323&from=40&popid=40&hms_devid=2040&prioritypopid=40&vqe=3, From: subscribe, IPv_Type: ipv6, Location: 中国, ISP: 中国移动, Date: None, Delay: 0.1 ms, Speed: inf M/s, Resolution: 1920x1080
Name: 深圳卫视, URL: http://[2409:8087:2001:20:2800:0:df6e:eb02]:80/wh7f454c46tw208243183_695881801/ott.mobaibox.com/PLTV/3/224/3221227695/index.m3u8?icpid=3&RTS=1674380323&from=40&popid=40&hms_devid=2039&prioritypopid=40&vqe=3, From: subscribe, IPv_Type: ipv6, Location: 中国, ISP: 中国移动, Date: None, Delay: 0.1 ms, Speed: inf M/s, Resolution: 1920x1080
Name: 深圳卫视, URL: http://[2409:8087:2001:20:2800:0:df6e:eb18]:80/wh7f454c46tw208466077_112536285/ott.mobaibox.com/PLTV/3/224/3221228236/index.m3u8?icpid=3&RTS=1674380323&from=40&popid=40&hms_devid=2113&prioritypopid=40&vqe=3, From: subscribe, IPv_Type: ipv6, Location: 中国, ISP: 中国移动, Date: None, Delay: 0.1 ms, Speed: inf M/s, Resolution: 1920x1080
Name: 深圳卫视, URL: http://[2409:8087:2001:20:2800:0:df6e:eb10]:80/wh7f454c46tw209094840_889003019/ott.mobaibox.com/PLTV/3/224/3221227555/index.m3u8?icpid=3&RTS=1674380324&from=40&popid=40&hms_devid=2110&prioritypopid=40&vqe=3, From: subscribe, IPv_Type: ipv6, Location: 中国, ISP: 中国移动, Date: None, Delay: 0.1 ms, Speed: inf M/s, Resolution: 1920x1080
Name: 深圳卫视, URL: http://[2409:8087:1e03:21::42]:6610/cms001/ch00000090990000001030/index.m3u8, From: subscribe, IPv_Type: ipv6, Location: 中国, ISP: 中国移动, Date: None, Delay: 0.1 ms, Speed: inf M/s, Resolution: 1920x1080
Name: 深圳卫视, URL: http://lu.wqwqwq.sbs/itv/1000000005000265028.m3u8?cdn=ystenlive, From: subscribe, IPv_Type: ipv6, Location: 美国, ISP: CloudFlare Inc., Date: None, Delay: 0.1 ms, Speed: inf M/s, Resolution: 1920x1080
Name: 深圳卫视, URL: http://[2409:8087:1e03:21::2]:6060/cms001/ch00000090990000001030/index.m3u8, From: subscribe, IPv_Type: ipv6, Location: 中国, ISP: 中国移动, Date: None, Delay: 0.1 ms, Speed: inf M/s, Resolution: 1920x1080
Name: 深圳卫视, URL: http://[2409:8087:3428:20:500::100f]:6610/PLTV/88888888/224/3221227242/index.m3u8?servicetype=1&IASHttpSessionId=RR423820220409134714119178, From: subscribe, IPv_Type: ipv6, Location: 中国, ISP: 中国移动, Date: None, Delay: 0.1 ms, Speed: inf M/s, Resolution: 1920x1080
Name: 深圳卫视, URL: http://[2409:8087:3428:20:500::1009]:6610/PLTV/88888888/224/3221227242/index.m3u8?servicetype=1&IASHttpSessionId=RR423820220409134714119178, From: subscribe, IPv_Type: ipv6, Location: 中国, ISP: 中国移动, Date: None, Delay: 0.1 ms, Speed: inf M/s, Resolution: 1920x1080
Name: 深圳卫视, URL: http://[2409:8087:2001:20:2800:0:df6e:eb0a]:80/wh7f454c46tw2172834728_-2116765000/ott.mobaibox.com/PLTV/3/224/3221227307/index.m3u8?icpid=3&RTS=1674386583&from=40&popid=40&hms_devid=2038&prioritypopid=40&vqe=3, From: subscribe, IPv_Type: ipv6, Location: 中国, ISP: 中国移动, Date: None, Delay: 0.1 ms, Speed: inf M/s, Resolution: 1920x1080
Name: 深圳卫视, URL: http://[2409:8087:2001:20:2800:0:df6e:eb07]:80/wh7f454c46tw208659612_-112921820/ott.mobaibox.com/PLTV/3/224/3221227217/index.m3u8?icpid=3&RTS=1674380324&from=40&popid=40&hms_devid=2036&prioritypopid=40&vqe=3, From: subscribe, IPv_Type: ipv6, Location: 中国, ISP: 中国移动, Date: None, Delay: 0.1 ms, Speed: inf M/s, Resolution: 1920x1080
Name: 深圳卫视, URL: http://[2409:8087:74f0:22::5]:6410/270000001128/9900000529/index.m3u8, From: subscribe, IPv_Type: ipv6, Location: 中国, ISP: 中国移动, Date: None, Delay: 0.1 ms, Speed: inf M/s, Resolution: 1920x1080
Name: 深圳卫视, URL: http://[2409:8087:1a01:df::7005]/ottrrs.hl.chinamobile.com/PLTV/88888888/224/3221226313/index.m3u8, From: subscribe, IPv_Type: ipv6, Location: 中国, ISP: 中国移动, Date: None, Delay: 0.1 ms, Speed: inf M/s, Resolution: 1920x1080
Name: 深圳卫视, URL: http://[2409:8087:5e00:24::1e]:6060/200000001898/460000089800010068/1.m3u8, From: subscribe, IPv_Type: ipv6, Location: 中国, ISP: 中国移动, Date: None, Delay: 0.1 ms, Speed: inf M/s, Resolution: 1920x1080
Name: 深圳卫视, URL: http://[2409:8087:3869:8021:1001::e5]:6610/PLTV/88888888/224/3221225741/2/index.m3u8, From: subscribe, IPv_Type: ipv6, Location: 中国, ISP: 中国移动, Date: None, Delay: -1 ms, Speed: 0.00 M/s, Resolution: None
Name: 深圳卫视, URL: http://[2409:8087:3869:8021:1001::e5]:6610/PLTV/88888888/224/3221225700/2/index.m3u8, From: subscribe, IPv_Type: ipv6, Location: 中国, ISP: 中国移动, Date: None, Delay: -1 ms, Speed: 0.00 M/s, Resolution: None
Name: 深圳卫视, URL: http://[2409:8087:3869:8021:1001::e5]:6610/PLTV/88888888/224/3221225598/2/index.m3u8, From: subscribe, IPv_Type: ipv6, Location: 中国, ISP: 中国移动, Date: None, Delay: -1 ms, Speed: 0.00 M/s, Resolution: None
Name: 深圳卫视, URL: http://rrs01.hw.gmcc.net:8088/PLTV/81/224/3221226688/1.m3u8, From: subscribe, IPv_Type: ipv6, Location: 中国, ISP: 中国移动, Date: None, Delay: -1 ms, Speed: 0.00 M/s, Resolution: None
Name: 深圳卫视, URL: http://[2409:8087:1a15:10d1::33]/ottrrs.hl.chinamobile.com/PLTV/88888888/224/3221226313/index.m3u8, From: subscribe, IPv_Type: ipv6, Location: 中国, ISP: 中国移动, Date: None, Delay: -1 ms, Speed: 0.00 M/s, Resolution: None
Name: 深圳卫视, URL: http://[2409:8087:5e08:25::16]:6610/200000001898/460000089800010068/1.m3u8, From: subscribe, IPv_Type: ipv6, Location: 中国, ISP: 中国移动, Date: None, Delay: -1 ms, Speed: 0.00 M/s, Resolution: None
Name: 深圳卫视, URL: https://mursor.ottiptv.cc/mcp/shenzheng.m3u8, From: subscribe, IPv_Type: ipv6, Location: 美国, ISP: Oracle Corporation, Date: None, Delay: -1 ms, Speed: 0.00 M/s, Resolution: None
Name: 深圳卫视, URL: https://migu.188766.xyz/?migutoken=784b52a434d98b429ab512ff75916360&id=szws&type=sz, From: subscribe, IPv_Type: ipv6, Location: 美国, ISP: CloudFlare Inc., Date: None, Delay: -1 ms, Speed: 0.00 M/s, Resolution: None
Name: 深圳卫视, URL: https://cc06.tv12.xyz/108.m3u8, From: subscribe, IPv_Type: ipv6, Location: 美国, ISP: CloudFlare Inc., Date: None, Delay: -1 ms, Speed: 0.00 M/s, Resolution: None
Name: 汕头综合, URL: https://stream1.freetv.fun/shan-tou-zong-he-5.ctv, From: subscribe, IPv_Type: ipv6, Location: 美国, ISP: CloudFlare Inc., Date: None, Delay: 0.1 ms, Speed: inf M/s, Resolution: 1920x1080
Name: 汕头综合, URL: https://stream1.freetv.fun/shan-tou-zong-he-7.ctv, From: subscribe, IPv_Type: ipv6, Location: 美国, ISP: CloudFlare Inc., Date: None, Delay: 0.1 ms, Speed: inf M/s, Resolution: 1920x1080
Name: 汕头综合, URL: https://stream1.freetv.fun/shan-tou-zong-he-1.ctv, From: subscribe, IPv_Type: ipv6, Location: 美国, ISP: CloudFlare Inc., Date: None, Delay: 0.1 ms, Speed: inf M/s, Resolution: 1920x1080
Name: 汕头综合, URL: https://stream1.freetv.fun/shan-tou-zong-he-9.ctv, From: subscribe, IPv_Type: ipv6, Location: 美国, ISP: CloudFlare Inc., Date: None, Delay: 0.1 ms, Speed: inf M/s, Resolution: 1920x1080
Name: 汕头综合, URL: https://stream1.freetv.fun/shan-tou-zong-he-6.ctv, From: subscribe, IPv_Type: ipv6, Location: 美国, ISP: CloudFlare Inc., Date: None, Delay: 0.1 ms, Speed: inf M/s, Resolution: 1920x1080
Name: 汕头综合, URL: https://stream1.freetv.fun/shan-tou-zong-he-2.ctv, From: subscribe, IPv_Type: ipv6, Location: 美国, ISP: CloudFlare Inc., Date: None, Delay: 0.1 ms, Speed: inf M/s, Resolution: 1920x1080
Name: 汕头综合, URL: https://stream1.freetv.fun/shan-tou-zong-he-4.ctv, From: subscribe, IPv_Type: ipv6, Location: 美国, ISP: CloudFlare Inc., Date: None, Delay: 0.1 ms, Speed: inf M/s, Resolution: 1920x1080
Name: 汕头综合, URL: https://stream1.freetv.fun/shan-tou-zong-he-8.ctv, From: subscribe, IPv_Type: ipv6, Location: 美国, ISP: CloudFlare Inc., Date: None, Delay: 0.1 ms, Speed: inf M/s, Resolution: 1920x1080
Name: 汕头综合, URL: https://stream1.freetv.fun/shan-tou-zong-he-3.ctv, From: subscribe, IPv_Type: ipv6, Location: 美国, ISP: CloudFlare Inc., Date: None, Delay: 0.1 ms, Speed: inf M/s, Resolution: 1920x1080
Name: 汕头经济, URL: https://stream1.freetv.fun/shan-tou-jing-ji-1.ctv, From: subscribe, IPv_Type: ipv6, Location: 美国, ISP: CloudFlare Inc., Date: None, Delay: 0.1 ms, Speed: inf M/s, Resolution: 1920x1080
Name: 汕头经济, URL: https://stream1.freetv.fun/shan-tou-jing-ji-4.ctv, From: subscribe, IPv_Type: ipv6, Location: 美国, ISP: CloudFlare Inc., Date: None, Delay: 0.1 ms, Speed: inf M/s, Resolution: 1920x1080
Name: 汕头经济, URL: https://stream1.freetv.fun/shan-tou-jing-ji-2.ctv, From: subscribe, IPv_Type: ipv6, Location: 美国, ISP: CloudFlare Inc., Date: None, Delay: 0.1 ms, Speed: inf M/s, Resolution: 1920x1080
Name: 汕头经济, URL: https://stream1.freetv.fun/shan-tou-jing-ji-3.ctv, From: subscribe, IPv_Type: ipv6, Location: 美国, ISP: CloudFlare Inc., Date: None, Delay: 0.1 ms, Speed: inf M/s, Resolution: 1920x1080
Name: 汕头经济, URL: https://stream1.freetv.fun/shan-tou-jing-ji-5.ctv, From: subscribe, IPv_Type: ipv6, Location: 美国, ISP: CloudFlare Inc., Date: None, Delay: 0.1 ms, Speed: inf M/s, Resolution: 1920x1080
Name: 汕头经济, URL: https://stream1.freetv.fun/shan-tou-jing-ji-6.ctv, From: subscribe, IPv_Type: ipv6, Location: 美国, ISP: CloudFlare Inc., Date: None, Delay: 0.1 ms, Speed: inf M/s, Resolution: 1920x1080
Name: 翡翠台, URL: https://cdn6.163189.xyz/163189/fct, From: local, IPv_Type: ipv6, Location: 美国, ISP: CloudFlare Inc., Date: None, Delay: -1 ms, Speed: 0.00 M/s, Resolution: None
Name: 翡翠台, URL: https://live.catvod.com/iptv.php?id=fct002&token=2c5b49721fef575514811bdfc518b48a408b2ade87c1ed8985ef13232484afae%3A1765094459%3ANjYuMTAzLjIxMS4xODk%3D, From: local, IPv_Type: ipv6, Location: 美国, ISP: CloudFlare Inc., Date: None, Delay: -1 ms, Speed: 0.00 M/s, Resolution: None
Name: 翡翠台, URL: https://live.catvod.com/iptv.php?id=fct003&token=88d91a5eaf9ba39bd204bc48032c44ed2828ed58f78512c91f6a7f5ea168cedb%3A1765094459%3ANjYuMTAzLjIxMS4xODk%3D, From: local, IPv_Type: ipv6, Location: 美国, ISP: CloudFlare Inc., Date: None, Delay: -1 ms, Speed: 0.00 M/s, Resolution: None
Name: 翡翠台, URL: https://live.catvod.com/iptv.php?id=fct004&token=7f8ac566f993849e87916ad2cb1464dbf4e51987d68977d6ebc75be81cee3825%3A1765094459%3ANjYuMTAzLjIxMS4xODk%3D, From: local, IPv_Type: ipv6, Location: 美国, ISP: CloudFlare Inc., Date: None, Delay: -1 ms, Speed: 0.00 M/s, Resolution: None
Name: 翡翠台, URL: https://live.catvod.com/live.php?id=jade_twn&token=6434431063aac53c59a99ea58c0f2554665aecfdf22c6344d477456ba5cf7cf9%3A1765094459%3ANjYuMTAzLjIxMS4xODk%3D, From: local, IPv_Type: ipv6, Location: 美国, ISP: CloudFlare Inc., Date: None, Delay: -1 ms, Speed: 0.00 M/s, Resolution: None
Name: 翡翠台, URL: https://live.catvod.com/live.php?id=Jade_xue&token=ed7a243fbd47f786989ed8cfe2bbe2dfef8b37d7ac620a9a2d94f66130679537%3A1765094459%3ANjYuMTAzLjIxMS4xODk%3D, From: local, IPv_Type: ipv6, Location: 美国, ISP: CloudFlare Inc., Date: None, Delay: -1 ms, Speed: 0.00 M/s, Resolution: None
Name: 翡翠台, URL: https://hk.188766.xyz/?migutoken=83a1ce8639ed5abcbad4c120b73fd0ec&id=hk_fct&type=dy, From: local, IPv_Type: ipv6, Location: 美国, ISP: CloudFlare Inc., Date: None, Delay: -1 ms, Speed: 0.00 M/s, Resolution: None
Name: 翡翠台, URL: http://php.jdshipin.com/PLTV/iptv.php?id=fct3, From: local, IPv_Type: ipv6, Location: 美国, ISP: CloudFlare Inc., Date: None, Delay: -1 ms, Speed: 0.00 M/s, Resolution: None
Name: 翡翠台, URL: https://live.catvod.com/iptv.php?id=fctsub&token=25ab41dfa606dcce00887b4244963d3be312f320f881bc7c7d8bae4c19b52f59%3A1765094459%3ANjYuMTAzLjIxMS4xODk%3D, From: local, IPv_Type: ipv6, Location: 美国, ISP: CloudFlare Inc., Date: None, Delay: -1 ms, Speed: 0.00 M/s, Resolution: None
Name: 翡翠台, URL: http://php.jdshipin.com:8880/smt.php?id=jade_twn, From: local, IPv_Type: ipv6, Location: 美国, ISP: CloudFlare Inc., Date: None, Delay: -1 ms, Speed: 0.00 M/s, Resolution: None
Name: 翡翠台, URL: http://php.jdshipin.com/TVOD/iptv.php?id=fct3, From: local, IPv_Type: ipv6, Location: 美国, ISP: CloudFlare Inc., Date: None, Delay: -1 ms, Speed: 0.00 M/s, Resolution: None
Name: 翡翠台, URL: http://php.jdshipin.com/TVOD/iptv.php?id=fct2, From: local, IPv_Type: ipv6, Location: 美国, ISP: CloudFlare Inc., Date: None, Delay: -1 ms, Speed: 0.00 M/s, Resolution: None
Name: 翡翠台, URL: http://php.jdshipin.com/TVOD/iptv.php?id=fct, From: local, IPv_Type: ipv6, Location: 美国, ISP: CloudFlare Inc., Date: None, Delay: -1 ms, Speed: 0.00 M/s, Resolution: None
Name: 翡翠台, URL: http://php.jdshipin.com:8880/TVOD/iptv.php?id=fct3, From: local, IPv_Type: ipv6, Location: 美国, ISP: CloudFlare Inc., Date: None, Delay: -1 ms, Speed: 0.00 M/s, Resolution: None
Name: 翡翠台, URL: http://php.jdshipin.com:8880/TVOD/iptv.php?id=fct, From: local, IPv_Type: ipv6, Location: 美国, ISP: CloudFlare Inc., Date: None, Delay: -1 ms, Speed: 0.00 M/s, Resolution: None
Name: 翡翠台, URL: http://php.jdshipin.com:8880/TVOD/iptv.php?id=fct4, From: local, IPv_Type: ipv6, Location: 美国, ISP: CloudFlare Inc., Date: None, Delay: -1 ms, Speed: 0.00 M/s, Resolution: None
Name: 翡翠台, URL: http://php.jdshipin.com/smt.php?id=jade_twn, From: local, IPv_Type: ipv6, Location: 美国, ISP: CloudFlare Inc., Date: None, Delay: -1 ms, Speed: 0.00 M/s, Resolution: None
Name: 翡翠台, URL: http://cdn9.163189.xyz/smt1.1.php?id=jade_twn, From: local, IPv_Type: ipv6, Location: 美国, ISP: CloudFlare Inc., Date: None, Delay: -1 ms, Speed: 0.00 M/s, Resolution: None
Name: 翡翠台, URL: http://r.jdshipin.com/GeWKr?id=mzt720, From: local, IPv_Type: ipv6, Location: 美国, ISP: CloudFlare Inc., Date: None, Delay: -1 ms, Speed: 0.00 M/s, Resolution: None
Name: 翡翠台, URL: https://mgev.188766.xyz/?migutoken=7ad1d1fe94743830f43d5bbb6b364161&id=hk_fct&type=dy, From: local, IPv_Type: ipv6, Location: 美国, ISP: CloudFlare Inc., Date: None, Delay: -1 ms, Speed: 0.00 M/s, Resolution: None
Name: 翡翠台, URL: http://php.jdshipin.com/PLTV/iptv.php?id=fct2, From: local, IPv_Type: ipv6, Location: 美国, ISP: CloudFlare Inc., Date: None, Delay: -1 ms, Speed: 0.00 M/s, Resolution: None
Name: 翡翠台, URL: https://mgev.188766.xyz/?migutoken=5860c6628e32c4b03bd0a12e79ea96f5&id=hk_fct&type=dy, From: local, IPv_Type: ipv6, Location: 美国, ISP: CloudFlare Inc., Date: None, Delay: -1 ms, Speed: 0.00 M/s, Resolution: None
Name: 翡翠台, URL: http://php.jdshipin.com/TVOD/iptv.php?id=huali2, From: local, IPv_Type: ipv6, Location: 美国, ISP: CloudFlare Inc., Date: None, Delay: -1 ms, Speed: 0.00 M/s, Resolution: None
Name: 翡翠台4K, URL: https://live.catvod.com/iptv.php?id=fct4k01&token=d35df5a3ae96719ba18506c7a921afa88f68eebe832f58f341e32b3b0bce444a%3A1765094459%3ANjYuMTAzLjIxMS4xODk%3D, From: local, IPv_Type: ipv6, Location: 美国, ISP: CloudFlare Inc., Date: None, Delay: -1 ms, Speed: 0.00 M/s, Resolution: None
Name: 翡翠台4K, URL: https://mgev.188766.xyz/?migutoken=7fe3e760c86792e73bab52473075d948&id=hk_fct4k&type=dy, From: local, IPv_Type: ipv6, Location: 美国, ISP: CloudFlare Inc., Date: None, Delay: -1 ms, Speed: 0.00 M/s, Resolution: None
Name: 翡翠台4K, URL: https://mgev.188766.xyz/?migutoken=adbd4200275aa6734648c3737beda4d1&id=hk_fct4k&type=dy, From: local, IPv_Type: ipv6, Location: 美国, ISP: CloudFlare Inc., Date: None, Delay: -1 ms, Speed: 0.00 M/s, Resolution: None
Name: 明珠台, URL: https://cdn6.163189.xyz/163189/mzt, From: local, IPv_Type: ipv6, Location: 美国, ISP: CloudFlare Inc., Date: None, Delay: -1 ms, Speed: 0.00 M/s, Resolution: None
Name: 明珠台, URL: https://hk.188766.xyz/?migutoken=e61d53f1ca3c68507269c19bbeab5b7f&id=hk_mzt&type=dy, From: local, IPv_Type: ipv6, Location: 美国, ISP: CloudFlare Inc., Date: None, Delay: -1 ms, Speed: 0.00 M/s, Resolution: None
Name: 明珠台, URL: http://php.jdshipin.com/PLTV/iptv.php?id=mzt2, From: local, IPv_Type: ipv6, Location: 美国, ISP: CloudFlare Inc., Date: None, Delay: -1 ms, Speed: 0.00 M/s, Resolution: None
Name: 明珠台, URL: http://php.jdshipin.com/PLTV/iptv.php?id=mzt, From: local, IPv_Type: ipv6, Location: 美国, ISP: CloudFlare Inc., Date: None, Delay: -1 ms, Speed: 0.00 M/s, Resolution: None
Name: 明珠台, URL: https://live.catvod.com/iptv.php?id=mzt001&token=8ebc4cdb620be301ab7d02d28b6fd91ecc3add9416a471493dd46b8e755b2ed9%3A1765094459%3ANjYuMTAzLjIxMS4xODk%3D, From: local, IPv_Type: ipv6, Location: 美国, ISP: CloudFlare Inc., Date: None, Delay: -1 ms, Speed: 0.00 M/s, Resolution: None
Name: 明珠台, URL: https://live.catvod.com/live.php?id=pearl_twn&token=4aea973696579bc5bcc651faa5584ccfd97f5ae027239b57be3baf33557f3585%3A1765094459%3ANjYuMTAzLjIxMS4xODk%3D, From: local, IPv_Type: ipv6, Location: 美国, ISP: CloudFlare Inc., Date: None, Delay: -1 ms, Speed: 0.00 M/s, Resolution: None
Name: 明珠台, URL: https://live.catvod.com/iptv.php?id=mztsub&token=ec4a77853ccd48bdc2ff68ae3d9a56002d69926c10b26c311cb96fd642b721bc%3A1765094459%3ANjYuMTAzLjIxMS4xODk%3D, From: local, IPv_Type: ipv6, Location: 美国, ISP: CloudFlare Inc., Date: None, Delay: -1 ms, Speed: 0.00 M/s, Resolution: None
Name: 明珠台, URL: http://php.jdshipin.com/smt.php?id=pearl_twn, From: local, IPv_Type: ipv6, Location: 美国, ISP: CloudFlare Inc., Date: None, Delay: -1 ms, Speed: 0.00 M/s, Resolution: None
Name: 明珠台, URL: http://php.jdshipin.com/TVOD/iptv.php?id=mzt, From: local, IPv_Type: ipv6, Location: 美国, ISP: CloudFlare Inc., Date: None, Delay: -1 ms, Speed: 0.00 M/s, Resolution: None
Name: 明珠台, URL: http://php.jdshipin.com/TVOD/iptv.php?id=mzt2, From: local, IPv_Type: ipv6, Location: 美国, ISP: CloudFlare Inc., Date: None, Delay: -1 ms, Speed: 0.00 M/s, Resolution: None
Name: 明珠台, URL: http://php.jdshipin.com:8880/iptv.php?id=mzt, From: local, IPv_Type: ipv6, Location: 美国, ISP: CloudFlare Inc., Date: None, Delay: -1 ms, Speed: 0.00 M/s, Resolution: None
Name: 明珠台, URL: http://php.jdshipin.com:8880/smt.php?id=pearl_twn, From: local, IPv_Type: ipv6, Location: 美国, ISP: CloudFlare Inc., Date: None, Delay: -1 ms, Speed: 0.00 M/s, Resolution: None
Name: 明珠台, URL: http://php.jdshipin.com:8880/TVOD/iptv.php?id=mzt, From: local, IPv_Type: ipv6, Location: 美国, ISP: CloudFlare Inc., Date: None, Delay: -1 ms, Speed: 0.00 M/s, Resolution: None
Name: 明珠台, URL: https://mgev.188766.xyz/?migutoken=a01d8e474ba3d7f3191bf10a9aab0702&id=hk_mzt&type=dy, From: local, IPv_Type: ipv6, Location: 美国, ISP: CloudFlare Inc., Date: None, Delay: -1 ms, Speed: 0.00 M/s, Resolution: None
Name: 明珠台, URL: https://mgev.188766.xyz/?migutoken=53fb131d4b05dac846fc06f3cc7a24c7&id=hk_mzt&type=dy, From: local, IPv_Type: ipv6, Location: 美国, ISP: CloudFlare Inc., Date: None, Delay: -1 ms, Speed: 0.00 M/s, Resolution: None
Name: Now新闻, URL: https://cdn.163189.xyz/163189/now, From: local, IPv_Type: ipv6, Location: 美国, ISP: CloudFlare Inc., Date: None, Delay: -1 ms, Speed: 0.00 M/s, Resolution: None
Name: Now新闻, URL: https://epg.pw/media/images/epg/2025/01/29/20250129063901847212_30, From: local, IPv_Type: ipv6, Location: 美国, ISP: CloudFlare Inc., Date: None, Delay: -1 ms, Speed: 0.00 M/s, Resolution: None
Name: Now新闻, URL: http://cdn.163189.xyz/163189/now, From: local, IPv_Type: ipv6, Location: 美国, ISP: CloudFlare Inc., Date: None, Delay: -1 ms, Speed: 0.00 M/s, Resolution: None
Name: Now新闻, URL: https://hk.188766.xyz/?migutoken=7acbbd51a19b106f6b7580c82bc14a06&id=hk_now&type=dy, From: local, IPv_Type: ipv6, Location: 美国, ISP: CloudFlare Inc., Date: None, Delay: -1 ms, Speed: 0.00 M/s, Resolution: None
Name: Now新闻, URL: https://live.catvod.com/iptv.php?id=nownews&token=74958cf112639dec4146d63067a6dbd1644fcd0a87b3ef07ac2d3aa78260f4b6%3A1765094459%3ANjYuMTAzLjIxMS4xODk%3D, From: local, IPv_Type: ipv6, Location: 美国, ISP: CloudFlare Inc., Date: None, Delay: -1 ms, Speed: 0.00 M/s, Resolution: None
Name: Now新闻, URL: https://mgev.188766.xyz/?migutoken=28ca7b2cb82809f28ac9f4d1e3b72933&id=hk_now&type=dy, From: local, IPv_Type: ipv6, Location: 美国, ISP: CloudFlare Inc., Date: None, Delay: -1 ms, Speed: 0.00 M/s, Resolution: None
Name: Now新闻, URL: https://mgev.188766.xyz/?migutoken=838f92594d468e47f8300daa29c3ab50&id=hk_now&type=dy, From: local, IPv_Type: ipv6, Location: 美国, ISP: CloudFlare Inc., Date: None, Delay: -1 ms, Speed: 0.00 M/s, Resolution: None
Name: 无线新闻, URL: http://r.jdshipin.com/CkuBd, From: local, IPv_Type: ipv6, Location: 美国, ISP: CloudFlare Inc., Date: None, Delay: -1 ms, Speed: 0.00 M/s, Resolution: None
Name: 无线新闻, URL: https://cdn9.163189.xyz/smt3.1.1.php?id=inews_twn, From: local, IPv_Type: ipv6, Location: 美国, ISP: CloudFlare Inc., Date: None, Delay: -1 ms, Speed: 0.00 M/s, Resolution: None
Name: 无线新闻, URL: http://cdn9.163189.xyz/smt1.1.php?id=inews_twn, From: local, IPv_Type: ipv6, Location: 美国, ISP: CloudFlare Inc., Date: None, Delay: -1 ms, Speed: 0.00 M/s, Resolution: None
Name: 无线新闻, URL: https://cdn6.163189.xyz/163189/wxxw, From: local, IPv_Type: ipv6, Location: 美国, ISP: CloudFlare Inc., Date: None, Delay: -1 ms, Speed: 0.00 M/s, Resolution: None
Name: 无线新闻, URL: https://amg01868-amg01868c5-tvbanywhere-us-4493.playouts.now.amagi.tv/playlist/amg01868-tvbusa-tvbnews-tvbanywhereus/playlist.m3u8, From: local, IPv_Type: ipv6, Location: 美国, ISP: Amazon, Date: None, Delay: -1 ms, Speed: 0.00 M/s, Resolution: None
Name: 无线新闻, URL: https://hk.188766.xyz/?migutoken=e1484e77f68d8fc4e87187c7de6785e3&id=hk_wxxw&type=dy, From: local, IPv_Type: ipv6, Location: 美国, ISP: CloudFlare Inc., Date: None, Delay: -1 ms, Speed: 0.00 M/s, Resolution: None
Name: 无线新闻, URL: https://live.catvod.com/iptv.php?id=tvbxw01&token=4e900abb4f7aea7cf2e13607c6864e318f1a4005412abdd612c2b404e7ca250e%3A1765094459%3ANjYuMTAzLjIxMS4xODk%3D, From: local, IPv_Type: ipv6, Location: 美国, ISP: CloudFlare Inc., Date: None, Delay: -1 ms, Speed: 0.00 M/s, Resolution: None
Name: 无线新闻, URL: https://live.catvod.com/live.php?id=inews_twn&token=436d1e12a8f6b08c14de2155167ba857ae16df03ad4954f3bb8746873f1f01e5%3A1765094459%3ANjYuMTAzLjIxMS4xODk%3D, From: local, IPv_Type: ipv6, Location: 美国, ISP: CloudFlare Inc., Date: None, Delay: -1 ms, Speed: 0.00 M/s, Resolution: None
Name: 无线新闻, URL: https://live.catvod.com/iptv.php?id=wxxw01&token=77e421b4c724a186ca65d6923f1537899bc261c6adf68f8d464ceb511b80686c%3A1765094459%3ANjYuMTAzLjIxMS4xODk%3D, From: local, IPv_Type: ipv6, Location: 美国, ISP: CloudFlare Inc., Date: None, Delay: -1 ms, Speed: 0.00 M/s, Resolution: None
Name: 无线新闻, URL: http://php.jdshipin.com:8880/smt.php?id=inews_twn, From: local, IPv_Type: ipv6, Location: 美国, ISP: CloudFlare Inc., Date: None, Delay: -1 ms, Speed: 0.00 M/s, Resolution: None
Name: 无线新闻, URL: http://php.jdshipin.com:8880/TVOD/iptv.php?id=tvbxw, From: local, IPv_Type: ipv6, Location: 美国, ISP: CloudFlare Inc., Date: None, Delay: -1 ms, Speed: 0.00 M/s, Resolution: None
Name: 无线新闻, URL: http://php.jdshipin.com/TVOD/iptv.php?id=tvbxw, From: local, IPv_Type: ipv6, Location: 美国, ISP: CloudFlare Inc., Date: None, Delay: -1 ms, Speed: 0.00 M/s, Resolution: None
Name: 无线新闻, URL: https://mgev.188766.xyz/?migutoken=069f4f10fc42118e0011d3697e31dfee&id=hk_wxxw&type=dy, From: local, IPv_Type: ipv6, Location: 美国, ISP: CloudFlare Inc., Date: None, Delay: -1 ms, Speed: 0.00 M/s, Resolution: None
Name: 无线新闻, URL: http://php.jdshipin.com/TVOD/iptv.php?id=wxxwt, From: local, IPv_Type: ipv6, Location: 美国, ISP: CloudFlare Inc., Date: None, Delay: -1 ms, Speed: 0.00 M/s, Resolution: None
Name: 无线新闻, URL: http://php.jdshipin.com/PLTV/iptv.php?id=wxxwt, From: local, IPv_Type: ipv6, Location: 美国, ISP: CloudFlare Inc., Date: None, Delay: -1 ms, Speed: 0.00 M/s, Resolution: None
Name: 无线新闻, URL: https://mgev.188766.xyz/?migutoken=27bc8916ecf3aaacaca54d0b75417249&id=hk_wxxw&type=dy, From: local, IPv_Type: ipv6, Location: 美国, ISP: CloudFlare Inc., Date: None, Delay: -1 ms, Speed: 0.00 M/s, Resolution: None
Name: TVB Plus, URL: http://php.jdshipin.com/PLTV/iptv.php?id=tvbp, From: local, IPv_Type: ipv6, Location: 美国, ISP: CloudFlare Inc., Date: None, Delay: -1 ms, Speed: 0.00 M/s, Resolution: None
Name: TVB Plus, URL: http://php.jdshipin.com/PLTV/iptv.php?id=j2, From: local, IPv_Type: ipv6, Location: 美国, ISP: CloudFlare Inc., Date: None, Delay: -1 ms, Speed: 0.00 M/s, Resolution: None
Name: TVB Plus, URL: http://php.jdshipin.com/TVOD/iptv.php?id=j2, From: local, IPv_Type: ipv6, Location: 美国, ISP: CloudFlare Inc., Date: None, Delay: -1 ms, Speed: 0.00 M/s, Resolution: None
Name: TVB Plus, URL: http://php.jdshipin.com/TVOD/iptv.php?id=tvbp, From: local, IPv_Type: ipv6, Location: 美国, ISP: CloudFlare Inc., Date: None, Delay: -1 ms, Speed: 0.00 M/s, Resolution: None
Name: TVB Plus, URL: https://live.catvod.com/iptv.php?id=tvbplus2&token=725edfd808bec9c2099a0bfdac5f25f7183f089a42ca8dcc8a5e0c209caebcd8%3A1765094459%3ANjYuMTAzLjIxMS4xODk%3D, From: local, IPv_Type: ipv6, Location: 美国, ISP: CloudFlare Inc., Date: None, Delay: -1 ms, Speed: 0.00 M/s, Resolution: None
Name: TVB Plus, URL: https://mgev.188766.xyz/?migutoken=eaf9e094e8ae66ee324fe71a786c7fc7&id=hk_tvbp&type=dy, From: local, IPv_Type: ipv6, Location: 美国, ISP: CloudFlare Inc., Date: None, Delay: -1 ms, Speed: 0.00 M/s, Resolution: None
Name: TVB Plus, URL: https://mgev.188766.xyz/?migutoken=23d95bc6c5c6eb31e148166e2d962fbe&id=hk_tvbp&type=dy, From: local, IPv_Type: ipv6, Location: 美国, ISP: CloudFlare Inc., Date: None, Delay: -1 ms, Speed: 0.00 M/s, Resolution: None
Name: TVB J1, URL: https://6.cdn.loc.cc/163189.php?id=j1, From: local, IPv_Type: ipv6, Location: 美国, ISP: CloudFlare Inc., Date: None, Delay: -1 ms, Speed: 0.00 M/s, Resolution: None
Name: TVB J1, URL: https://live.catvod.com/iptv.php?id=tvbj1001&token=9bcdeaa219d6cec7de02a3d77ecea5a5d19ae7e1dc6c10190571b6072ce5d6f7%3A1765094459%3ANjYuMTAzLjIxMS4xODk%3D, From: local, IPv_Type: ipv6, Location: 美国, ISP: CloudFlare Inc., Date: None, Delay: -1 ms, Speed: 0.00 M/s, Resolution: None
Name: VIU TV, URL: https://live.catvod.com/live.php?id=viu1_twn&token=ece139dd5ad666888017332274e6ed99ca64240fc87e1a02f1703bc388da807e%3A1765094459%3ANjYuMTAzLjIxMS4xODk%3D, From: local, IPv_Type: ipv6, Location: 美国, ISP: CloudFlare Inc., Date: None, Delay: -1 ms, Speed: 0.00 M/s, Resolution: None
Name: VIU TV, URL: https://live.catvod.com/iptv.php?id=viutv02&token=0735d7bea96e1d66b9baf7c9ac7c7dafd6bca0dc7da9a65dcf99a7363c591777%3A1765094459%3ANjYuMTAzLjIxMS4xODk%3D, From: local, IPv_Type: ipv6, Location: 美国, ISP: CloudFlare Inc., Date: None, Delay: -1 ms, Speed: 0.00 M/s, Resolution: None
Name: HOY TV, URL: https://live.catvod.com/iptv.php?id=hoytv01&token=87a157807a0c787ec5489cc5bbee785b5b7256a3bd5f91ca4775927f77f7a26b%3A1765094459%3ANjYuMTAzLjIxMS4xODk%3D, From: local, IPv_Type: ipv6, Location: 美国, ISP: CloudFlare Inc., Date: None, Delay: -1 ms, Speed: 0.00 M/s, Resolution: None
Name: HOY TV, URL: https://live.catvod.com/iptv.php?id=hoytv02&token=a1641cd103986fbca79dc5b13399d4c277378b4960210f0cdb81b1870a8ebe71%3A1765094459%3ANjYuMTAzLjIxMS4xODk%3D, From: local, IPv_Type: ipv6, Location: 美国, ISP: CloudFlare Inc., Date: None, Delay: -1 ms, Speed: 0.00 M/s, Resolution: None
Name: HOY剧集台, URL: https://live.catvod.com/iptv.php?id=hoyjj01&token=5a6fa72a2de1b8240e92ef77589dc87edaf27eaaf339c2beda5fa3c969993597%3A1765094459%3ANjYuMTAzLjIxMS4xODk%3D, From: local, IPv_Type: ipv6, Location: 美国, ISP: CloudFlare Inc., Date: None, Delay: -1 ms, Speed: 0.00 M/s, Resolution: None
Name: Now星影, URL: http://bxtv.3a.ink/api.php?id=xingying, From: local, IPv_Type: ipv6, Location: 美国, ISP: CloudFlare Inc., Date: None, Delay: -1 ms, Speed: 0.00 M/s, Resolution: None
Name: Now星影, URL: https://live.catvod.com/iptv.php?id=now_xy&token=174ffc99c7c446d005eb87f6c698134306b4b88d0809b17dbc2b978c7eba3e77%3A1765094459%3ANjYuMTAzLjIxMS4xODk%3D, From: local, IPv_Type: ipv6, Location: 美国, ISP: CloudFlare Inc., Date: None, Delay: -1 ms, Speed: 0.00 M/s, Resolution: None
Name: PopC电影, URL: https://live.catvod.com/iptv.php?id=popc&token=12529ed7beb7ab4e7c7b51d8bccd4eab3558bb7356de9d064703ecf7f6ed707f%3A1765094459%3ANjYuMTAzLjIxMS4xODk%3D, From: local, IPv_Type: ipv6, Location: 美国, ISP: CloudFlare Inc., Date: None, Delay: -1 ms, Speed: 0.00 M/s, Resolution: None
Name: Now爆谷, URL: http://bxtv.3a.ink/api.php?id=baogu, From: local, IPv_Type: ipv6, Location: 美国, ISP: CloudFlare Inc., Date: None, Delay: -1 ms, Speed: 0.00 M/s, Resolution: None
Name: Now爆谷, URL: https://live.catvod.com/iptv.php?id=now_bg&token=a6489acd64624048b17b8c01c147fa38e924818075733a99639fd7455aa33dba%3A1765094459%3ANjYuMTAzLjIxMS4xODk%3D, From: local, IPv_Type: ipv6, Location: 美国, ISP: CloudFlare Inc., Date: None, Delay: -1 ms, Speed: 0.00 M/s, Resolution: None
Name: 美亚电影, URL: https://smt.1678520.xyz/smt3.2.1.php?id=meiyamovie_twn, From: local, IPv_Type: ipv6, Location: 美国, ISP: CloudFlare Inc., Date: None, Delay: -1 ms, Speed: 0.00 M/s, Resolution: None
Name: 美亚电影, URL: http://php.jdshipin.com:8880/smt.php?id=meiyamovie_twn, From: local, IPv_Type: ipv6, Location: 美国, ISP: CloudFlare Inc., Date: None, Delay: -1 ms, Speed: 0.00 M/s, Resolution: None
Name: 美亚电影, URL: https://cdn9.163189.xyz/smt3.1.1.php?id=meiyamovie_twn, From: local, IPv_Type: ipv6, Location: 美国, ISP: CloudFlare Inc., Date: None, Delay: -1 ms, Speed: 0.00 M/s, Resolution: None
Name: 美亚电影, URL: https://cdn9.163189.xyz/smt1.1.php?id=meiyamovie_twn, From: local, IPv_Type: ipv6, Location: 美国, ISP: CloudFlare Inc., Date: None, Delay: -1 ms, Speed: 0.00 M/s, Resolution: None
Name: 美亚电影, URL: http://php.jdshipin.com/TVOD/iptv.php?id=meiya, From: local, IPv_Type: ipv6, Location: 美国, ISP: CloudFlare Inc., Date: None, Delay: -1 ms, Speed: 0.00 M/s, Resolution: None
Name: 美亚电影, URL: http://php.jdshipin.com/PLTV/iptv.php?id=meiya, From: local, IPv_Type: ipv6, Location: 美国, ISP: CloudFlare Inc., Date: None, Delay: -1 ms, Speed: 0.00 M/s, Resolution: None
Name: 美亚电影, URL: http://php.jdshipin.com:8880/TVOD/iptv.php?id=meiya, From: local, IPv_Type: ipv6, Location: 美国, ISP: CloudFlare Inc., Date: None, Delay: -1 ms, Speed: 0.00 M/s, Resolution: None
Name: 美亚电影, URL: https://live.catvod.com/iptv.php?id=mytw&token=d15785fc88c4feb602a8d103f92c04e8320fcd7ecaa4c6f0b17b1700c3dc0470%3A1765094459%3ANjYuMTAzLjIxMS4xODk%3D, From: local, IPv_Type: ipv6, Location: 美国, ISP: CloudFlare Inc., Date: None, Delay: -1 ms, Speed: 0.00 M/s, Resolution: None
Name: 美亚电影, URL: https://live.catvod.com/live.php?id=meiyamovie_twn&token=9e977f583d168cd7dd067b3294b7efbe2078edae83f4913bc9fea58ce00c0b59%3A1765094459%3ANjYuMTAzLjIxMS4xODk%3D, From: local, IPv_Type: ipv6, Location: 美国, ISP: CloudFlare Inc., Date: None, Delay: -1 ms, Speed: 0.00 M/s, Resolution: None
Name: 华丽翡翠台, URL: https://live.catvod.com/iptv.php?id=huali02&token=3e33c521bd958996430d4f2fba58d64225f8fdfd06daf27a2c8a0cb4d5e85cbd%3A1765094459%3ANjYuMTAzLjIxMS4xODk%3D, From: local, IPv_Type: ipv6, Location: 美国, ISP: CloudFlare Inc., Date: None, Delay: -1 ms, Speed: 0.00 M/s, Resolution: None
Name: 黄金华剧, URL: https://live.catvod.com/iptv.php?id=hjhj&token=c4bb0fc0365a9da3ab4f97c5c8ec16d0a2e27e456c4d16df092c91dd80b8f745%3A1765094459%3ANjYuMTAzLjIxMS4xODk%3D, From: local, IPv_Type: ipv6, Location: 美国, ISP: CloudFlare Inc., Date: None, Delay: -1 ms, Speed: 0.00 M/s, Resolution: None
Name: 亚洲武侠, URL: http://php.jdshipin.com/TVOD/iptv.php?id=yzwx, From: local, IPv_Type: ipv6, Location: 美国, ISP: CloudFlare Inc., Date: None, Delay: -1 ms, Speed: 0.00 M/s, Resolution: None
Name: 亚洲武侠, URL: https://live.catvod.com/iptv.php?id=yzwx01&token=3a8e52cd0f9c3eac1a9a07590c840cebda6aef0c88f4e18c16ce5b8f40ea5b32%3A1765094459%3ANjYuMTAzLjIxMS4xODk%3D, From: local, IPv_Type: ipv6, Location: 美国, ISP: CloudFlare Inc., Date: None, Delay: -1 ms, Speed: 0.00 M/s, Resolution: None
Name: TVB娱乐新闻台, URL: https://live.catvod.com/iptv.php?id=tvbylxw&token=5c010ee6488a7477ca9fdcd6e9a82f51a422056e1b64b84a603d6b8ebf9a861a%3A1765094459%3ANjYuMTAzLjIxMS4xODk%3D, From: local, IPv_Type: ipv6, Location: 美国, ISP: CloudFlare Inc., Date: None, Delay: -1 ms, Speed: 0.00 M/s, Resolution: None
Name: TVB星河, URL: https://live.catvod.com/iptv.php?id=xinghe01&token=52c20108ea4441706a6c1d33f79696b24a532cbb2d7eb12e6af381ace2c62e3c%3A1765094459%3ANjYuMTAzLjIxMS4xODk%3D, From: local, IPv_Type: ipv6, Location: 美国, ISP: CloudFlare Inc., Date: None, Delay: -1 ms, Speed: 0.00 M/s, Resolution: None
Name: TVB星河, URL: https://mgev.188766.xyz/?migutoken=b45e0b438f1749ecd6c37f689f51bdc3&id=hk_tvbxh&type=dy, From: local, IPv_Type: ipv6, Location: 美国, ISP: CloudFlare Inc., Date: None, Delay: -1 ms, Speed: 0.00 M/s, Resolution: None
Name: TVB星河, URL: https://mgev.188766.xyz/?migutoken=dc59b184940b487766ddc417cbb7a2aa&id=hk_tvbxh&type=dy, From: local, IPv_Type: ipv6, Location: 美国, ISP: CloudFlare Inc., Date: None, Delay: -1 ms, Speed: 0.00 M/s, Resolution: None
Name: TVB1, URL: https://live.catvod.com/iptv.php?id=tvb1&token=5fe5c711ec07a9ebc95f7aad280ee3adbe91bf30357d5e5b50917954791cb65c%3A1765094459%3ANjYuMTAzLjIxMS4xODk%3D, From: local, IPv_Type: ipv6, Location: 美国, ISP: CloudFlare Inc., Date: None, Delay: -1 ms, Speed: 0.00 M/s, Resolution: None
Name: 翡翠剧集台, URL: https://live.catvod.com/iptv.php?id=tvbd01&token=0157cca4035fd6bab71af0152e33788f7d547f708fe5ec1087c7cde8f01d3a86%3A1765094459%3ANjYuMTAzLjIxMS4xODk%3D, From: local, IPv_Type: ipv6, Location: 美国, ISP: CloudFlare Inc., Date: None, Delay: -1 ms, Speed: 0.00 M/s, Resolution: None
Name: RTHK31, URL: http://php.jdshipin.com/PLTV/iptv.php?id=rthk31, From: local, IPv_Type: ipv6, Location: 美国, ISP: CloudFlare Inc., Date: None, Delay: -1 ms, Speed: 0.00 M/s, Resolution: None
Name: RTHK31, URL: https://smt.go-iptv.ggff.net/smart.php?id=rhk31_twn&token=Goiptv, From: local, IPv_Type: ipv6, Location: 美国, ISP: CloudFlare Inc., Date: None, Delay: -1 ms, Speed: 0.00 M/s, Resolution: None
Name: RTHK31, URL: https://live.catvod.com/iptv.php?id=rthk31&token=64c48d5bc220b98b4614a66d8e3826fb93b931ec80f87ece8ac7badc541f6769%3A1765094459%3ANjYuMTAzLjIxMS4xODk%3D, From: local, IPv_Type: ipv6, Location: 美国, ISP: CloudFlare Inc., Date: None, Delay: -1 ms, Speed: 0.00 M/s, Resolution: None
Name: RTHK31, URL: https://live.catvod.com/live.php?id=rhk31_twn&token=ec92bd6161a8d098a982f4ad48cf7ef404b6fc5660146578d0ee21e05d08237f%3A1765094459%3ANjYuMTAzLjIxMS4xODk%3D, From: local, IPv_Type: ipv6, Location: 美国, ISP: CloudFlare Inc., Date: None, Delay: -1 ms, Speed: 0.00 M/s, Resolution: None
Name: RTHK32, URL: http://php.jdshipin.com/PLTV/iptv.php?id=rthk32, From: local, IPv_Type: ipv6, Location: 美国, ISP: CloudFlare Inc., Date: None, Delay: -1 ms, Speed: 0.00 M/s, Resolution: None
Name: RTHK32, URL: https://smt.go-iptv.ggff.net/smart.php?id=rhk32_twn&token=Goiptv, From: local, IPv_Type: ipv6, Location: 美国, ISP: CloudFlare Inc., Date: None, Delay: -1 ms, Speed: 0.00 M/s, Resolution: None
Name: RTHK32, URL: https://live.catvod.com/iptv.php?id=rthk32&token=17e9f409e0e1e4f58d4f493426fac40e5603e68cd6f74cc9f308534ca4312635%3A1765094459%3ANjYuMTAzLjIxMS4xODk%3D, From: local, IPv_Type: ipv6, Location: 美国, ISP: CloudFlare Inc., Date: None, Delay: -1 ms, Speed: 0.00 M/s, Resolution: None
Name: RTHK32, URL: https://live.catvod.com/live.php?id=rhk32_twn&token=209ce21877a5767e461f113350d8e8ddee016b2570d9812d524898acb9eac5aa%3A1765094459%3ANjYuMTAzLjIxMS4xODk%3D, From: local, IPv_Type: ipv6, Location: 美国, ISP: CloudFlare Inc., Date: None, Delay: -1 ms, Speed: 0.00 M/s, Resolution: None
Name: 八度空间, URL: https://hk.188766.xyz/?migutoken=f9961c16cbc5673a85d7e539137bb9b6&id=hk_8tv&type=dy, From: local, IPv_Type: ipv6, Location: 美国, ISP: CloudFlare Inc., Date: None, Delay: -1 ms, Speed: 0.00 M/s, Resolution: None
Name: 八度空间, URL: https://live.catvod.com/iptv.php?id=8tv001&token=9aa458d9f894f141a14c1301c7cb356b66afea477813ab291efb2499e2177e7f%3A1765094459%3ANjYuMTAzLjIxMS4xODk%3D, From: local, IPv_Type: ipv6, Location: 美国, ISP: CloudFlare Inc., Date: None, Delay: -1 ms, Speed: 0.00 M/s, Resolution: None
Name: 八度空间, URL: https://mgev.188766.xyz/?migutoken=ea433af355bd96d5450b3c83d2ee4d05&id=hk_8tv&type=dy, From: local, IPv_Type: ipv6, Location: 美国, ISP: CloudFlare Inc., Date: None, Delay: -1 ms, Speed: 0.00 M/s, Resolution: None
Name: CH5, URL: https://hk.188766.xyz/?migutoken=df27cb6da5fdf966df39542de4cc4a62&id=hk_ch5&type=dy, From: local, IPv_Type: ipv6, Location: 美国, ISP: CloudFlare Inc., Date: None, Delay: -1 ms, Speed: 0.00 M/s, Resolution: None
Name: CH5, URL: https://live.catvod.com/iptv.php?id=ch5001&token=139de27c878ef54e91fb23698e35d7c0f917da9719bbd1ca1cf88343dcf5306b%3A1765094459%3ANjYuMTAzLjIxMS4xODk%3D, From: local, IPv_Type: ipv6, Location: 美国, ISP: CloudFlare Inc., Date: None, Delay: -1 ms, Speed: 0.00 M/s, Resolution: None
Name: CH5, URL: https://mgev.188766.xyz/?migutoken=c8066bab6925049e43466957481698ff&id=hk_ch5&type=dy, From: local, IPv_Type: ipv6, Location: 美国, ISP: CloudFlare Inc., Date: None, Delay: -1 ms, Speed: 0.00 M/s, Resolution: None
Name: CH8, URL: https://hk.188766.xyz/?migutoken=c2e1e1619ec8bc94dcd36cb3e8f57114&id=hk_ch8&type=dy, From: local, IPv_Type: ipv6, Location: 美国, ISP: CloudFlare Inc., Date: None, Delay: -1 ms, Speed: 0.00 M/s, Resolution: None
Name: CH8, URL: https://live.catvod.com/iptv.php?id=ch8001&token=44545c16e0be8b7aa534245d7834d44baaca90bd1ba60667ea5d3b92a9b3fb9e%3A1765094459%3ANjYuMTAzLjIxMS4xODk%3D, From: local, IPv_Type: ipv6, Location: 美国, ISP: CloudFlare Inc., Date: None, Delay: -1 ms, Speed: 0.00 M/s, Resolution: None
Name: CH8, URL: https://mgev.188766.xyz/?migutoken=21d6cc3babfe60dd63a80ceb0900eff8&id=hk_ch8&type=dy, From: local, IPv_Type: ipv6, Location: 美国, ISP: CloudFlare Inc., Date: None, Delay: -1 ms, Speed: 0.00 M/s, Resolution: None
Name: CHU, URL: https://hk.188766.xyz/?migutoken=e34adace4dcf21caad14aaf3ffb38279&id=hk_chu&type=dy, From: local, IPv_Type: ipv6, Location: 美国, ISP: CloudFlare Inc., Date: None, Delay: -1 ms, Speed: 0.00 M/s, Resolution: None
Name: CHU, URL: https://live.catvod.com/iptv.php?id=chu001&token=4c7a4f081f85b7f061f6e70cb013db0f6e8e393578e62e54c444237e44de5dfd%3A1765094459%3ANjYuMTAzLjIxMS4xODk%3D, From: local, IPv_Type: ipv6, Location: 美国, ISP: CloudFlare Inc., Date: None, Delay: -1 ms, Speed: 0.00 M/s, Resolution: None
Name: CHU, URL: https://mgev.188766.xyz/?migutoken=d64e200064bb7686450010f6b6b0fa25&id=hk_chu&type=dy, From: local, IPv_Type: ipv6, Location: 美国, ISP: CloudFlare Inc., Date: None, Delay: -1 ms, Speed: 0.00 M/s, Resolution: None
Name: 凤凰中文, URL: https://smt.1678520.xyz/smt3.2.1.php?id=phoenixtv_hd\, From: local, IPv_Type: ipv6, Location: 美国, ISP: CloudFlare Inc., Date: None, Delay: -1 ms, Speed: 0.00 M/s, Resolution: None
Name: 凤凰中文, URL: https://smt.1678520.xyz/smt3.2.1.php?id=phoenixtv_hd, From: local, IPv_Type: ipv6, Location: 美国, ISP: CloudFlare Inc., Date: None, Delay: -1 ms, Speed: 0.00 M/s, Resolution: None
Name: 凤凰中文, URL: http://php.jdshipin.com/PLTV/iptv.php?id=fhzw, From: local, IPv_Type: ipv6, Location: 美国, ISP: CloudFlare Inc., Date: None, Delay: -1 ms, Speed: 0.00 M/s, Resolution: None
Name: 凤凰中文, URL: http://php.jdshipin.com:8880/TVOD/iptv.php?id=fhzw, From: local, IPv_Type: ipv6, Location: 美国, ISP: CloudFlare Inc., Date: None, Delay: -1 ms, Speed: 0.00 M/s, Resolution: None
Name: 凤凰中文, URL: http://php.jdshipin.com/TVOD/iptv.php?id=fhzw, From: local, IPv_Type: ipv6, Location: 美国, ISP: CloudFlare Inc., Date: None, Delay: -1 ms, Speed: 0.00 M/s, Resolution: None
Name: 凤凰中文, URL: https://hk.188766.xyz/?migutoken=3b6a923af130ebaadb4fa973e4fccea5&id=fhzw&pp=1, From: local, IPv_Type: ipv6, Location: 美国, ISP: CloudFlare Inc., Date: None, Delay: -1 ms, Speed: 0.00 M/s, Resolution: None
Name: 凤凰中文, URL: https://hk.188766.xyz/?migutoken=1070e2f6921bc476d91ab9e39fb33f3c&id=hk_fhzw&type=dy, From: local, IPv_Type: ipv6, Location: 美国, ISP: CloudFlare Inc., Date: None, Delay: -1 ms, Speed: 0.00 M/s, Resolution: None
Name: 凤凰中文, URL: https://live.catvod.com/iptv.php?id=phzw01&token=b59574a0eab240e74a4ff9c3f58eed715706e45a16f5559036f0d34175a7a34e%3A1765094459%3ANjYuMTAzLjIxMS4xODk%3D, From: local, IPv_Type: ipv6, Location: 美国, ISP: CloudFlare Inc., Date: None, Delay: -1 ms, Speed: 0.00 M/s, Resolution: None
Name: 凤凰中文, URL: https://live.catvod.com/iptv.php?id=phzw02&token=9fc690daac7fc76d9c5aa24705b4d77f7b33c5666c4252ebb97372d7c059a821%3A1765094459%3ANjYuMTAzLjIxMS4xODk%3D, From: local, IPv_Type: ipv6, Location: 美国, ISP: CloudFlare Inc., Date: None, Delay: -1 ms, Speed: 0.00 M/s, Resolution: None
Name: 凤凰中文, URL: https://live.catvod.com/live.php?id=phoenixtv_hd&token=0419d31833f88e745b9b4ace0f1f61a7647f626f6aedbd1aa711cf66779a7d06%3A1765094459%3ANjYuMTAzLjIxMS4xODk%3D, From: local, IPv_Type: ipv6, Location: 美国, ISP: CloudFlare Inc., Date: None, Delay: -1 ms, Speed: 0.00 M/s, Resolution: None
Name: 凤凰中文, URL: https://mgev.188766.xyz/?migutoken=27937bb4f59e7ccf888bab529bcccb09&id=fhzw&pp=1, From: local, IPv_Type: ipv6, Location: 美国, ISP: CloudFlare Inc., Date: None, Delay: -1 ms, Speed: 0.00 M/s, Resolution: None
Name: 凤凰中文, URL: https://mgev.188766.xyz/?migutoken=0447c4cbb5b59de9eb3c785abcecb5d4&id=hk_fhzw&type=dy, From: local, IPv_Type: ipv6, Location: 美国, ISP: CloudFlare Inc., Date: None, Delay: -1 ms, Speed: 0.00 M/s, Resolution: None
Name: 凤凰中文, URL: https://mgev.188766.xyz/?migutoken=a824fe91ca2f97ab2d6a986c748170e0&id=fhzw&pp=1, From: local, IPv_Type: ipv6, Location: 美国, ISP: CloudFlare Inc., Date: None, Delay: -1 ms, Speed: 0.00 M/s, Resolution: None
Name: 凤凰中文, URL: https://mgev.188766.xyz/?migutoken=5d430ab865f638eba5fb85f889c18f39&id=hk_fhzw&type=dy, From: local, IPv_Type: ipv6, Location: 美国, ISP: CloudFlare Inc., Date: None, Delay: -1 ms, Speed: 0.00 M/s, Resolution: None
Name: 凤凰资讯, URL: https://smt.1678520.xyz/smt3.2.1.php?id=phoenixinfo_hd, From: local, IPv_Type: ipv6, Location: 美国, ISP: CloudFlare Inc., Date: None, Delay: -1 ms, Speed: 0.00 M/s, Resolution: None
Name: 凤凰资讯, URL: http://php.jdshipin.com/TVOD/iptv.php?id=fhzx, From: local, IPv_Type: ipv6, Location: 美国, ISP: CloudFlare Inc., Date: None, Delay: -1 ms, Speed: 0.00 M/s, Resolution: None
Name: 凤凰资讯, URL: http://php.jdshipin.com/PLTV/iptv.php?id=fhzx, From: local, IPv_Type: ipv6, Location: 美国, ISP: CloudFlare Inc., Date: None, Delay: -1 ms, Speed: 0.00 M/s, Resolution: None
Name: 凤凰资讯, URL: https://hk.188766.xyz/?migutoken=93d4ca51dc593d049a840de93d844920&id=fhzx&pp=1, From: local, IPv_Type: ipv6, Location: 美国, ISP: CloudFlare Inc., Date: None, Delay: -1 ms, Speed: 0.00 M/s, Resolution: None
Name: 凤凰资讯, URL: https://hk.188766.xyz/?migutoken=fdbbedd10adb3a9d273bf5b0ff1b84ee&id=hk_fhzx&type=dy, From: local, IPv_Type: ipv6, Location: 美国, ISP: CloudFlare Inc., Date: None, Delay: -1 ms, Speed: 0.00 M/s, Resolution: None
Name: 凤凰资讯, URL: https://live.catvod.com/iptv.php?id=phzx01&token=c744c6915028d73daabbc2049d24df3bc49d3b9cf333489f0f054248f1dac129%3A1765094459%3ANjYuMTAzLjIxMS4xODk%3D, From: local, IPv_Type: ipv6, Location: 美国, ISP: CloudFlare Inc., Date: None, Delay: -1 ms, Speed: 0.00 M/s, Resolution: None
Name: 凤凰资讯, URL: https://live.catvod.com/iptv.php?id=phzx02&token=8e9d2b8ebeaafff51f619675194ecdb8a0af6a3762894bd00b7c117f2404c050%3A1765094459%3ANjYuMTAzLjIxMS4xODk%3D, From: local, IPv_Type: ipv6, Location: 美国, ISP: CloudFlare Inc., Date: None, Delay: -1 ms, Speed: 0.00 M/s, Resolution: None
Name: 凤凰资讯, URL: https://live.catvod.com/live.php?id=phoenixinfo_hd&token=07abd47fd72d20e977e580319c513cc8569d180acb29cef8448fbaddf815838b%3A1765094459%3ANjYuMTAzLjIxMS4xODk%3D, From: local, IPv_Type: ipv6, Location: 美国, ISP: CloudFlare Inc., Date: None, Delay: -1 ms, Speed: 0.00 M/s, Resolution: None
Name: 凤凰资讯, URL: https://mgev.188766.xyz/?migutoken=8b7c5627a0b5c2f4953f2529f834c8eb&id=fhzx&pp=1, From: local, IPv_Type: ipv6, Location: 美国, ISP: CloudFlare Inc., Date: None, Delay: -1 ms, Speed: 0.00 M/s, Resolution: None
Name: 凤凰资讯, URL: https://mgev.188766.xyz/?migutoken=9f9641380ad3c2efc499555c7b08fa8d&id=hk_fhzx&type=dy, From: local, IPv_Type: ipv6, Location: 美国, ISP: CloudFlare Inc., Date: None, Delay: -1 ms, Speed: 0.00 M/s, Resolution: None
Name: 凤凰资讯, URL: https://mgev.188766.xyz/?migutoken=52b4a2ce042205fdf1e836ecf26d5c66&id=fhzx&pp=1, From: local, IPv_Type: ipv6, Location: 美国, ISP: CloudFlare Inc., Date: None, Delay: -1 ms, Speed: 0.00 M/s, Resolution: None
Name: 凤凰资讯, URL: https://mgev.188766.xyz/?migutoken=e609d017d1b4b2dce32f9c7f1dc4b7c6&id=hk_fhzx&type=dy, From: local, IPv_Type: ipv6, Location: 美国, ISP: CloudFlare Inc., Date: None, Delay: -1 ms, Speed: 0.00 M/s, Resolution: None
Name: 凤凰香港, URL: http://php.jdshipin.com/PLTV/iptv.php?id=fhhk, From: local, IPv_Type: ipv6, Location: 美国, ISP: CloudFlare Inc., Date: None, Delay: -1 ms, Speed: 0.00 M/s, Resolution: None
Name: 凤凰香港, URL: https://hk.188766.xyz/?migutoken=2a232b63b1a7bd4a75e2f17ae930524b&id=fhhk&pp=1, From: local, IPv_Type: ipv6, Location: 美国, ISP: CloudFlare Inc., Date: None, Delay: -1 ms, Speed: 0.00 M/s, Resolution: None
Name: 凤凰香港, URL: https://hk.188766.xyz/?migutoken=613e800f369658ed2dbdfdc4b08b580e&id=hk_fhhk&type=dy, From: local, IPv_Type: ipv6, Location: 美国, ISP: CloudFlare Inc., Date: None, Delay: -1 ms, Speed: 0.00 M/s, Resolution: None
Name: 凤凰香港, URL: https://live.catvod.com/iptv.php?id=fhhk01&token=c45bffb9516ff36ec25a3ff79f3cf8ab65814120e42ac8f977a4180d8557d41a%3A1765094459%3ANjYuMTAzLjIxMS4xODk%3D, From: local, IPv_Type: ipv6, Location: 美国, ISP: CloudFlare Inc., Date: None, Delay: -1 ms, Speed: 0.00 M/s, Resolution: None
Name: 凤凰香港, URL: https://live.catvod.com/iptv.php?id=fhhk02&token=474a7b60a3711d84e3a51b43cf9b6e7124a3d07f0d960eb52c8b7541b4907ef8%3A1765094459%3ANjYuMTAzLjIxMS4xODk%3D, From: local, IPv_Type: ipv6, Location: 美国, ISP: CloudFlare Inc., Date: None, Delay: -1 ms, Speed: 0.00 M/s, Resolution: None
Name: 凤凰香港, URL: https://live.catvod.com/live.php?id=hkphoenix_twn&token=a4fa98c88b27f217458c250237905a2c771000a5f149dd64ca89966a0e7a50b9%3A1765094459%3ANjYuMTAzLjIxMS4xODk%3D, From: local, IPv_Type: ipv6, Location: 美国, ISP: CloudFlare Inc., Date: None, Delay: -1 ms, Speed: 0.00 M/s, Resolution: None
Name: 凤凰香港, URL: https://mgev.188766.xyz/?migutoken=43f9b56d04fd3cc5dce2e5bbe24be2ad&id=fhhk&pp=1, From: local, IPv_Type: ipv6, Location: 美国, ISP: CloudFlare Inc., Date: None, Delay: -1 ms, Speed: 0.00 M/s, Resolution: None
Name: 凤凰香港, URL: https://mgev.188766.xyz/?migutoken=c53f47ef86391cfe991905ef262f36ee&id=hk_fhhk&type=dy, From: local, IPv_Type: ipv6, Location: 美国, ISP: CloudFlare Inc., Date: None, Delay: -1 ms, Speed: 0.00 M/s, Resolution: None
Name: 凤凰香港, URL: https://mgev.188766.xyz/?migutoken=19d6f137b06f15c8a68d579ebd819ac7&id=fhhk&pp=1, From: local, IPv_Type: ipv6, Location: 美国, ISP: CloudFlare Inc., Date: None, Delay: -1 ms, Speed: 0.00 M/s, Resolution: None
Name: 凤凰香港, URL: https://mgev.188766.xyz/?migutoken=bdf208ae57228f6c2006552418c46879&id=hk_fhhk&type=dy, From: local, IPv_Type: ipv6, Location: 美国, ISP: CloudFlare Inc., Date: None, Delay: -1 ms, Speed: 0.00 M/s, Resolution: None
Name: 凤凰卫视, URL: http://php.jdshipin.com:8880/TVOD/iptv.php?id=fhzw, From: local, IPv_Type: ipv6, Location: 美国, ISP: CloudFlare Inc., Date: None, Delay: -1 ms, Speed: 0.00 M/s, Resolution: None
Name: 凤凰卫视, URL: http://php.jdshipin.com:8880/smt.php?id=phoenixtv_hd, From: local, IPv_Type: ipv6, Location: 美国, ISP: CloudFlare Inc., Date: None, Delay: -1 ms, Speed: 0.00 M/s, Resolution: None
Name: 重温经典, URL: http://php.jdshipin.com:8880/TVOD/iptv.php?id=cwjd, From: local, IPv_Type: ipv6, Location: 美国, ISP: CloudFlare Inc., Date: None, Delay: -1 ms, Speed: 0.00 M/s, Resolution: None
Name: 重温经典, URL: http://php.jdshipin.com/TVOD/iptv.php?id=cwjd, From: local, IPv_Type: ipv6, Location: 美国, ISP: CloudFlare Inc., Date: None, Delay: -1 ms, Speed: 0.00 M/s, Resolution: None
Name: 重温经典, URL: http://php.jdshipin.com/PLTV/iptv.php?id=cwjd, From: local, IPv_Type: ipv6, Location: 美国, ISP: CloudFlare Inc., Date: None, Delay: -1 ms, Speed: 0.00 M/s, Resolution: None
Name: 重温经典, URL: https://iptv.catvod.com/live.php?id=%E9%87%8D%E6%B8%A9%E7%BB%8F%E5%85%B8%E5%8F%B0, From: local, IPv_Type: ipv6, Location: 美国, ISP: CloudFlare Inc., Date: None, Delay: -1 ms, Speed: 0.00 M/s, Resolution: None
Name: 重温经典, URL: https://other.ottiptv.cc/cwjd.m3u8, From: local, IPv_Type: ipv6, Location: 美国, ISP: CloudFlare Inc., Date: None, Delay: -1 ms, Speed: 0.00 M/s, Resolution: None
Name: 重温经典, URL: https://iptv.catvod.com/live.php?id=%E9%87%8D%E6%B8%A9%E7%BB%8F%E5%85%B8, From: local, IPv_Type: ipv6, Location: 美国, ISP: CloudFlare Inc., Date: None, Delay: -1 ms, Speed: 0.00 M/s, Resolution: None
Name: 重温经典, URL: https://live.catvod.com/iptv.php?id=cwjd01&token=4a6bf66515ad4b9661911033270245e8af50544d8132abab7d5329c0aa8ef1d4%3A1765094459%3ANjYuMTAzLjIxMS4xODk%3D, From: local, IPv_Type: ipv6, Location: 美国, ISP: CloudFlare Inc., Date: None, Delay: -1 ms, Speed: 0.00 M/s, Resolution: None
Name: TVBS亚洲, URL: http://38.64.72.148:80/hls/modn/list/4005/chunklist1.m3u8, From: local, IPv_Type: ipv4, Location: 美国-加利福尼亚州-洛杉矶, ISP: Cogent, Date: None, Delay: 795 ms, Speed: 1.71 M/s, Resolution: 1920x1080
Name: TVBS亚洲, URL: http://38.64.72.148/hls/modn/list/4005/chunklist1.m3u8?, From: local, IPv_Type: ipv4, Location: 美国-加利福尼亚州-洛杉矶, ISP: Cogent, Date: None, Delay: 643 ms, Speed: 1.65 M/s, Resolution: 1920x1080
Name: 澳视澳门, URL: http://php.jdshipin.com/TVOD/iptv.php?id=asam, From: local, IPv_Type: ipv6, Location: 美国, ISP: CloudFlare Inc., Date: None, Delay: -1 ms, Speed: 0.00 M/s, Resolution: None
Name: 澳视澳门, URL: http://php.jdshipin.com/PLTV/iptv.php?id=asam, From: local, IPv_Type: ipv6, Location: 美国, ISP: CloudFlare Inc., Date: None, Delay: -1 ms, Speed: 0.00 M/s, Resolution: None
Name: 澳视澳门, URL: https://live.catvod.com/iptv.php?id=asam01&token=a8ffe037024059e7e81e43cd45bc86c3b54655392b84882fd4304db0d7f7bce2%3A1765094459%3ANjYuMTAzLjIxMS4xODk%3D, From: local, IPv_Type: ipv6, Location: 美国, ISP: CloudFlare Inc., Date: None, Delay: -1 ms, Speed: 0.00 M/s, Resolution: None
Name: 澳视卫星, URL: https://live.catvod.com/iptv.php?id=asws01&token=fd0992ddb254adcf1dfadb8339f35d9718f50252609e0a9f09b2ae4cef4f3c96%3A1765094459%3ANjYuMTAzLjIxMS4xODk%3D, From: local, IPv_Type: ipv6, Location: 美国, ISP: CloudFlare Inc., Date: None, Delay: -1 ms, Speed: 0.00 M/s, Resolution: None
Name: 澳门体育, URL: https://live.catvod.com/iptv.php?id=amty01&token=c6c04e8e7a2938051b7778f8d9796c7f90d4d2af6ea4cf4b0c8ba43a859486c7%3A1765094459%3ANjYuMTAzLjIxMS4xODk%3D, From: local, IPv_Type: ipv6, Location: 美国, ISP: CloudFlare Inc., Date: None, Delay: -1 ms, Speed: 0.00 M/s, Resolution: None
Name: 澳门综艺, URL: https://live.catvod.com/iptv.php?id=amzy01&token=4ca4f02f30ba77e1943f7d8361b37dfa9063a20083c9a57974e60e1a602f4e27%3A1765094459%3ANjYuMTAzLjIxMS4xODk%3D, From: local, IPv_Type: ipv6, Location: 美国, ISP: CloudFlare Inc., Date: None, Delay: -1 ms, Speed: 0.00 M/s, Resolution: None
Name: 澳门综艺, URL: http://rihou.cc:555/tv/[Pd]澳门综艺, From: local, IPv_Type: ipv4, Location: 中国-福建-福州, ISP: 电信, Date: None, Delay: 346 ms, Speed: 12.64 M/s, Resolution: 1920x1080
Name: 澳门莲花, URL: http://live-hls.macaulotustv.com/lotustv/macaulotustv.m3u8, From: local, IPv_Type: ipv6, Location: 中国, ISP: , Date: None, Delay: -1 ms, Speed: 0.00 M/s, Resolution: None
Name: 澳门莲花, URL: https://live.catvod.com/iptv.php?id=amlh01&token=472520abf0acca277ccf259ba0075edc3aef40d73067353ec4fb364d90ebf074%3A1765094459%3ANjYuMTAzLjIxMS4xODk%3D, From: local, IPv_Type: ipv6, Location: 美国, ISP: CloudFlare Inc., Date: None, Delay: -1 ms, Speed: 0.00 M/s, Resolution: None
Name: TVBS新闻, URL: https://live.catvod.com/live.php?id=tvbs_n&token=ebd365c41c9cdfbaddbff85a05a1b517f2e8e97e7589df0eb71a8f318df33c8e%3A1765094459%3ANjYuMTAzLjIxMS4xODk%3D, From: local, IPv_Type: ipv6, Location: 美国, ISP: CloudFlare Inc., Date: None, Delay: -1 ms, Speed: 0.00 M/s, Resolution: None
Name: TVBS欢乐, URL: https://live.catvod.com/live.php?id=tvbshuanle_twn&token=2c74170bb363bfc7281fc6982e176b5f684495d8d76b192c78317dad3532e5ae%3A1765094459%3ANjYuMTAzLjIxMS4xODk%3D, From: local, IPv_Type: ipv6, Location: 美国, ISP: CloudFlare Inc., Date: None, Delay: -1 ms, Speed: 0.00 M/s, Resolution: None
Name: TVBSHD, URL: https://live.catvod.com/live.php?id=tvbs&token=17e4470dba5bc8b1113885a94487c4e453c3b555bbd33d58a8454511b061b57e%3A1765094459%3ANjYuMTAzLjIxMS4xODk%3D, From: local, IPv_Type: ipv6, Location: 美国, ISP: CloudFlare Inc., Date: None, Delay: -1 ms, Speed: 0.00 M/s, Resolution: None
Name: 中天新闻, URL: https://live.catvod.com/live.php?id=ctinews&token=931f9495d929a1a24f9248243f3a50bcc4b165c70593912c838cb057cab9420a%3A1765094459%3ANjYuMTAzLjIxMS4xODk%3D, From: local, IPv_Type: ipv6, Location: 美国, ISP: CloudFlare Inc., Date: None, Delay: -1 ms, Speed: 0.00 M/s, Resolution: None
Name: 中天综合, URL: https://live.catvod.com/live.php?id=ctizhonghe&token=826cc50aefd3f3eb82752880e7cb46daf8f33744efd1fe8ff1324b0e7dc35118%3A1765094459%3ANjYuMTAzLjIxMS4xODk%3D, From: local, IPv_Type: ipv6, Location: 美国, ISP: CloudFlare Inc., Date: None, Delay: -1 ms, Speed: 0.00 M/s, Resolution: None
Name: 中天娱乐, URL: https://live.catvod.com/live.php?id=ctient&token=8533593c65e48830142fe8506ead845d54e63ffabbc3de67b0a7959e60ce5f9e%3A1765094459%3ANjYuMTAzLjIxMS4xODk%3D, From: local, IPv_Type: ipv6, Location: 美国, ISP: CloudFlare Inc., Date: None, Delay: -1 ms, Speed: 0.00 M/s, Resolution: None
Name: 中天亚洲, URL: https://live.catvod.com/live.php?id=ctiasia_twn&token=1662f69359eee999a629ed43b76de8e6e2ef722b9ca60f392813e5ff5a1ec525%3A1765094459%3ANjYuMTAzLjIxMS4xODk%3D, From: local, IPv_Type: ipv6, Location: 美国, ISP: CloudFlare Inc., Date: None, Delay: -1 ms, Speed: 0.00 M/s, Resolution: None
Name: 台视, URL: https://live.catvod.com/live.php?id=ttv_taiwan&token=724ab6f26531503c26e9ffd82702fd1f5bb7276eb927bb63737fc307216a7145%3A1765094459%3ANjYuMTAzLjIxMS4xODk%3D, From: local, IPv_Type: ipv6, Location: 美国, ISP: CloudFlare Inc., Date: None, Delay: -1 ms, Speed: 0.00 M/s, Resolution: None
Name: 台视新闻, URL: https://stream1.freetv.fun/tai-shi-xin-wen-10.m3u8, From: local, IPv_Type: ipv6, Location: 美国, ISP: CloudFlare Inc., Date: None, Delay: -1 ms, Speed: 0.00 M/s, Resolution: None
Name: 台视新闻, URL: https://stream1.freetv.fun/tai-shi-xin-wen-12.m3u8, From: local, IPv_Type: ipv6, Location: 美国, ISP: CloudFlare Inc., Date: None, Delay: -1 ms, Speed: 0.00 M/s, Resolution: None
Name: 台视新闻, URL: https://stream1.freetv.fun/tai-shi-xin-wen-15.m3u8, From: local, IPv_Type: ipv6, Location: 美国, ISP: CloudFlare Inc., Date: None, Delay: -1 ms, Speed: 0.00 M/s, Resolution: None
Name: 台视新闻, URL: https://stream1.freetv.fun/tai-shi-xin-wen-17.m3u8, From: local, IPv_Type: ipv6, Location: 美国, ISP: CloudFlare Inc., Date: None, Delay: -1 ms, Speed: 0.00 M/s, Resolution: None
Name: 台视新闻, URL: https://stream1.freetv.fun/tai-shi-xin-wen-4.m3u8, From: local, IPv_Type: ipv6, Location: 美国, ISP: CloudFlare Inc., Date: None, Delay: -1 ms, Speed: 0.00 M/s, Resolution: None
Name: 台视新闻, URL: https://stream1.freetv.fun/tai-shi-xin-wen-5.m3u8, From: local, IPv_Type: ipv6, Location: 美国, ISP: CloudFlare Inc., Date: None, Delay: -1 ms, Speed: 0.00 M/s, Resolution: None
Name: 台视新闻, URL: https://stream1.freetv.fun/tai-shi-xin-wen-7.m3u8, From: local, IPv_Type: ipv6, Location: 美国, ISP: CloudFlare Inc., Date: None, Delay: -1 ms, Speed: 0.00 M/s, Resolution: None
Name: 台视新闻, URL: https://live.catvod.com/live.php?id=ttvnews_twn&token=8eddae663b6038648b92feb65a5becdfec032fd00760047f92422a1496ac7735%3A1765094459%3ANjYuMTAzLjIxMS4xODk%3D, From: local, IPv_Type: ipv6, Location: 美国, ISP: CloudFlare Inc., Date: None, Delay: -1 ms, Speed: 0.00 M/s, Resolution: None
Name: 台视综合, URL: https://live.catvod.com/live.php?id=ttvzhonghe&token=2f631e0569ab30428b4704f743a84e1e452663923d023f2a711d3ac4cae4e7b4%3A1765094459%3ANjYuMTAzLjIxMS4xODk%3D, From: local, IPv_Type: ipv6, Location: 美国, ISP: CloudFlare Inc., Date: None, Delay: -1 ms, Speed: 0.00 M/s, Resolution: None
Name: JET綜合, URL: https://live.catvod.com/live.php?id=jet&token=df408f7067d1a0d4ddb5b8dab2135e4cb018b4cb8007069a651fb14927ae450b%3A1765094459%3ANjYuMTAzLjIxMS4xODk%3D, From: local, IPv_Type: ipv6, Location: 美国, ISP: CloudFlare Inc., Date: None, Delay: -1 ms, Speed: 0.00 M/s, Resolution: None
Name: 中视, URL: https://live.catvod.com/live.php?id=zhongshihd_twn&token=4b54fa5f1846a919af38067a955d431c2fd3733423cdc4c681014654cb1078f6%3A1765094459%3ANjYuMTAzLjIxMS4xODk%3D, From: local, IPv_Type: ipv6, Location: 美国, ISP: CloudFlare Inc., Date: None, Delay: -1 ms, Speed: 0.00 M/s, Resolution: None
Name: 中视新闻, URL: https://stream1.freetv.fun/zhong-shi-xin-wen-6.m3u8, From: local, IPv_Type: ipv6, Location: 美国, ISP: CloudFlare Inc., Date: None, Delay: -1 ms, Speed: 0.00 M/s, Resolution: None
Name: 中视新闻, URL: https://live.catvod.com/live.php?id=zhongshinews_twn&token=ee1d54f3cdd3241047b31dd4f45fb96b435c02e9bc62869f6d67d032dd6030af%3A1765094459%3ANjYuMTAzLjIxMS4xODk%3D, From: local, IPv_Type: ipv6, Location: 美国, ISP: CloudFlare Inc., Date: None, Delay: -1 ms, Speed: 0.00 M/s, Resolution: None
Name: 中视经典, URL: https://live.catvod.com/live.php?id=zhongshi_twn&token=483a11dcc50efb93bc9e6213ddd30a4c357b2cdefc5ad3ebf79d68f4c11bc11a%3A1765094459%3ANjYuMTAzLjIxMS4xODk%3D, From: local, IPv_Type: ipv6, Location: 美国, ISP: CloudFlare Inc., Date: None, Delay: -1 ms, Speed: 0.00 M/s, Resolution: None
Name: 民视, URL: https://stream1.freetv.fun/min-shi-1.m3u8, From: local, IPv_Type: ipv6, Location: 美国, ISP: CloudFlare Inc., Date: None, Delay: -1 ms, Speed: 0.00 M/s, Resolution: None
Name: 民视, URL: https://live.catvod.com/live.php?id=ftvhd_taiwan&token=c1a842a7f8ddfd69e8d0701266ad405b3aa94b654c0af5ab149d292f87e03774%3A1765094459%3ANjYuMTAzLjIxMS4xODk%3D, From: local, IPv_Type: ipv6, Location: 美国, ISP: CloudFlare Inc., Date: None, Delay: -1 ms, Speed: 0.00 M/s, Resolution: None
Name: 民视新闻, URL: https://live.catvod.com/live.php?id=ftvnew_taiwan&token=7d8df79b71e9556fe84891252dd1393e787aac248fe60cbf678efbab7430659c%3A1765094459%3ANjYuMTAzLjIxMS4xODk%3D, From: local, IPv_Type: ipv6, Location: 美国, ISP: CloudFlare Inc., Date: None, Delay: -1 ms, Speed: 0.00 M/s, Resolution: None
Name: 民视台湾, URL: https://live.catvod.com/live.php?id=ftvtaiwan_twn&token=6f38bacaa3b27db3696498811dd8e1916b7f2267ef1cef574417c33d886c8594%3A1765094459%3ANjYuMTAzLjIxMS4xODk%3D, From: local, IPv_Type: ipv6, Location: 美国, ISP: CloudFlare Inc., Date: None, Delay: -1 ms, Speed: 0.00 M/s, Resolution: None
Name: 华视, URL: https://stream1.freetv.fun/7bdbbed4566547f0a82c73ba52c53da972b355d4172e7390cb804140f9361021.ctv, From: local, IPv_Type: ipv6, Location: 美国, ISP: CloudFlare Inc., Date: None, Delay: -1 ms, Speed: 0.00 M/s, Resolution: None
Name: 华视, URL: https://live.catvod.com/live.php?id=ctshd_twn&token=71f001fa95f616edba354817f0e6ed1ed0c30fe6a43b4ce08a2b08783ddfd16a%3A1765094459%3ANjYuMTAzLjIxMS4xODk%3D, From: local, IPv_Type: ipv6, Location: 美国, ISP: CloudFlare Inc., Date: None, Delay: -1 ms, Speed: 0.00 M/s, Resolution: None
Name: 华视, URL: http://74.91.26.218:82/live/cts.m3u8, From: local, IPv_Type: ipv4, Location: 美国, ISP: , Date: None, Delay: 756 ms, Speed: 2.81 M/s, Resolution: 1920x1080
Name: 公视, URL: https://live.catvod.com/live.php?id=ctv2_twn&token=dffa6b3c99e068d7f013b856c2854040f184fea3b93b215035f9e8371fb9f9fc%3A1765094459%3ANjYuMTAzLjIxMS4xODk%3D, From: local, IPv_Type: ipv6, Location: 美国, ISP: CloudFlare Inc., Date: None, Delay: -1 ms, Speed: 0.00 M/s, Resolution: None
Name: 公视, URL: https://live.catvod.com/live.php?id=ctv_taiwan&token=5a96acefa0e61fa9426c3f045f569ba8f71b4dbc6383ad5cdf2c38d24e7cd6da%3A1765094459%3ANjYuMTAzLjIxMS4xODk%3D, From: local, IPv_Type: ipv6, Location: 美国, ISP: CloudFlare Inc., Date: None, Delay: -1 ms, Speed: 0.00 M/s, Resolution: None
Name: 天映频道, URL: https://cdn9.163189.xyz/smt1.1.php?id=Celestial, From: local, IPv_Type: ipv6, Location: 美国, ISP: CloudFlare Inc., Date: None, Delay: -1 ms, Speed: 0.00 M/s, Resolution: None
Name: 天映频道, URL: https://live.catvod.com/live.php?id=ctv18_twn&token=5baf05dc6b2278b67ffb4112c740d30a1055e6afe809dfb545ae758e39da5031%3A1765094459%3ANjYuMTAzLjIxMS4xODk%3D, From: local, IPv_Type: ipv6, Location: 美国, ISP: CloudFlare Inc., Date: None, Delay: -1 ms, Speed: 0.00 M/s, Resolution: None
Name: 天映频道, URL: https://live.catvod.com/live.php?id=Celestial&token=9dc4d4a8f415b95c59a57b943ca135f32c0642e1714a505089207f29947e90af%3A1765094459%3ANjYuMTAzLjIxMS4xODk%3D, From: local, IPv_Type: ipv6, Location: 美国, ISP: CloudFlare Inc., Date: None, Delay: -1 ms, Speed: 0.00 M/s, Resolution: None
Name: 天映频道, URL: https://live.catvod.com/live.php?id=Celestialindo&token=8e6a00e46fcabe8edeeace19a294c60c038b58eadfcab6beec475a755aba0f07%3A1765094459%3ANjYuMTAzLjIxMS4xODk%3D, From: local, IPv_Type: ipv6, Location: 美国, ISP: CloudFlare Inc., Date: None, Delay: -1 ms, Speed: 0.00 M/s, Resolution: None
Name: 八大第一, URL: https://live.catvod.com/live.php?id=badafirst&token=ca563ec767f9577d33d433dfb64ea64b11a7115b02953823b1ffee779cd5f53c%3A1765094459%3ANjYuMTAzLjIxMS4xODk%3D, From: local, IPv_Type: ipv6, Location: 美国, ISP: CloudFlare Inc., Date: None, Delay: -1 ms, Speed: 0.00 M/s, Resolution: None
Name: 八大综合, URL: https://live.catvod.com/live.php?id=badazhonghe&token=21a05f50e3d23866faa7a3845e92721476236efeb3daba72dcc419214b800280%3A1765094459%3ANjYuMTAzLjIxMS4xODk%3D, From: local, IPv_Type: ipv6, Location: 美国, ISP: CloudFlare Inc., Date: None, Delay: -1 ms, Speed: 0.00 M/s, Resolution: None
Name: 八大戏剧, URL: https://live.catvod.com/live.php?id=badadrama&token=38dad0cc38fde81ef9185027df6cd175a7501d1ff70c664c06ef2b7e4550f817%3A1765094459%3ANjYuMTAzLjIxMS4xODk%3D, From: local, IPv_Type: ipv6, Location: 美国, ISP: CloudFlare Inc., Date: None, Delay: -1 ms, Speed: 0.00 M/s, Resolution: None
Name: 八大娱乐, URL: https://live.catvod.com/live.php?id=badaentertain&token=60963387ceea79ea857ca03fa73dbaf2c45ebe2b46c283a2cbcd30a68f64d63a%3A1765094459%3ANjYuMTAzLjIxMS4xODk%3D, From: local, IPv_Type: ipv6, Location: 美国, ISP: CloudFlare Inc., Date: None, Delay: -1 ms, Speed: 0.00 M/s, Resolution: None
Name: HBO, URL: https://live.catvod.com/live.php?id=hbohd_twn&token=981e523d257ec353d9d611ecfefaf3afbba6f5a4cc78567031cca3c1af1e2b20%3A1765094459%3ANjYuMTAzLjIxMS4xODk%3D, From: local, IPv_Type: ipv6, Location: 美国, ISP: CloudFlare Inc., Date: None, Delay: -1 ms, Speed: 0.00 M/s, Resolution: None
Name: HBOHITS, URL: https://live.catvod.com/live.php?id=hbohit_twn&token=765a75a324d06a2e2544b17bbdb5468a9c9ec6259d9a8322dbf024c9d4f96489%3A1765094459%3ANjYuMTAzLjIxMS4xODk%3D, From: local, IPv_Type: ipv6, Location: 美国, ISP: CloudFlare Inc., Date: None, Delay: -1 ms, Speed: 0.00 M/s, Resolution: None
Name: HBOHITS, URL: https://live.catvod.com/live.php?id=Hbohitshd&token=69ab0a715b3278a75a672e3e134a16f42e9ba0e6a064c451e34a510a3208c13a%3A1765094459%3ANjYuMTAzLjIxMS4xODk%3D, From: local, IPv_Type: ipv6, Location: 美国, ISP: CloudFlare Inc., Date: None, Delay: -1 ms, Speed: 0.00 M/s, Resolution: None
Name: 好莱坞电影, URL: https://live.catvod.com/live.php?id=hollywoodmovies_twn&token=6a271d460ca5b149e147b9b32afdab16e677ae3b272eec1484234b010a9060a7%3A1765094459%3ANjYuMTAzLjIxMS4xODk%3D, From: local, IPv_Type: ipv6, Location: 美国, ISP: CloudFlare Inc., Date: None, Delay: -1 ms, Speed: 0.00 M/s, Resolution: None
Name: 三立台湾, URL: https://live.catvod.com/live.php?id=sanlitaiwan&token=e656f88a8e4827afd29f3ff5c7ab7a5d20538f6b4d3dae1b23ec0d6e321e535a%3A1765094459%3ANjYuMTAzLjIxMS4xODk%3D, From: local, IPv_Type: ipv6, Location: 美国, ISP: CloudFlare Inc., Date: None, Delay: -1 ms, Speed: 0.00 M/s, Resolution: None
Name: 三立戏剧, URL: https://live.catvod.com/live.php?id=sanlixiju_twn&token=44a647c9ac3b8af2cd4130dbcb7ef1629f816d6c603f46b43c13165b1849536e%3A1765094459%3ANjYuMTAzLjIxMS4xODk%3D, From: local, IPv_Type: ipv6, Location: 美国, ISP: CloudFlare Inc., Date: None, Delay: -1 ms, Speed: 0.00 M/s, Resolution: None
Name: 三立综合, URL: https://live.catvod.com/live.php?id=sanlizhonghe&token=a9fd526708ac7f2bb526d4c46eff5288dc01667c938c691e047399e8339c3a85%3A1765094459%3ANjYuMTAzLjIxMS4xODk%3D, From: local, IPv_Type: ipv6, Location: 美国, ISP: CloudFlare Inc., Date: None, Delay: -1 ms, Speed: 0.00 M/s, Resolution: None
Name: 三立都会, URL: https://live.catvod.com/live.php?id=sanlidouhui_twn&token=95c098a13d8f1f3254e8452c5e5972cb6c3fc46e68ac6981b0d6e516b939ffc8%3A1765094459%3ANjYuMTAzLjIxMS4xODk%3D, From: local, IPv_Type: ipv6, Location: 美国, ISP: CloudFlare Inc., Date: None, Delay: -1 ms, Speed: 0.00 M/s, Resolution: None
Name: 东森新闻, URL: https://live.catvod.com/live.php?id=ettvnews&token=840b28f8a75f078a9e8f863dae461ef7dce83edd6dbc7ea5fd3a3b666f469e70%3A1765094459%3ANjYuMTAzLjIxMS4xODk%3D, From: local, IPv_Type: ipv6, Location: 美国, ISP: CloudFlare Inc., Date: None, Delay: -1 ms, Speed: 0.00 M/s, Resolution: None
Name: 东森综合, URL: https://live.catvod.com/live.php?id=ettvzhonghe&token=6d48004e7b1d84b9fc37856c69e3389d4d18fc753618fd52dbe8b55de036b2c7%3A1765094459%3ANjYuMTAzLjIxMS4xODk%3D, From: local, IPv_Type: ipv6, Location: 美国, ISP: CloudFlare Inc., Date: None, Delay: -1 ms, Speed: 0.00 M/s, Resolution: None
Name: 东森超视, URL: https://live.catvod.com/live.php?id=ettvsuper&token=97a943bf1e8207628a47138ae6f4318106997907deb5bc195b7f8131f6a316b8%3A1765094459%3ANjYuMTAzLjIxMS4xODk%3D, From: local, IPv_Type: ipv6, Location: 美国, ISP: CloudFlare Inc., Date: None, Delay: -1 ms, Speed: 0.00 M/s, Resolution: None
Name: 东森戏剧, URL: https://live.catvod.com/live.php?id=ettvdrama&token=6faf2784ee418b2ed61e7b6aef5794d77a5420d0ecc531c0cb56319107e91b1e%3A1765094459%3ANjYuMTAzLjIxMS4xODk%3D, From: local, IPv_Type: ipv6, Location: 美国, ISP: CloudFlare Inc., Date: None, Delay: -1 ms, Speed: 0.00 M/s, Resolution: None
Name: 东森电影, URL: https://live.catvod.com/live.php?id=ettvmovie&token=1b801c6806c46bb2908b50166c963f2cdf1f7ad291fbe3b0d842872fca8cef4f%3A1765094459%3ANjYuMTAzLjIxMS4xODk%3D, From: local, IPv_Type: ipv6, Location: 美国, ISP: CloudFlare Inc., Date: None, Delay: -1 ms, Speed: 0.00 M/s, Resolution: None
Name: 东森财经, URL: https://live.catvod.com/live.php?id=ettvcaijing_twn&token=067308498446176d5733cf52d9bcbf8dd2a9aa3321b11f29023910c69e0095c1%3A1765094459%3ANjYuMTAzLjIxMS4xODk%3D, From: local, IPv_Type: ipv6, Location: 美国, ISP: CloudFlare Inc., Date: None, Delay: -1 ms, Speed: 0.00 M/s, Resolution: None
Name: CINEMAX, URL: https://live.catvod.com/live.php?id=cinemax_twn&token=4a4a5668683874f5174484c06cc9eab298246cd1fffc7fd892ce2e10897385b8%3A1765094459%3ANjYuMTAzLjIxMS4xODk%3D, From: local, IPv_Type: ipv6, Location: 美国, ISP: CloudFlare Inc., Date: None, Delay: -1 ms, Speed: 0.00 M/s, Resolution: None
Name: CINEMAX, URL: https://live.catvod.com/live.php?id=Cinemax&token=efa4356f47a5ef63d7891883f88e44b100a8b617a514185e8418efd057c96642%3A1765094459%3ANjYuMTAzLjIxMS4xODk%3D, From: local, IPv_Type: ipv6, Location: 美国, ISP: CloudFlare Inc., Date: None, Delay: -1 ms, Speed: 0.00 M/s, Resolution: None
Name: 寰宇新闻, URL: https://live.catvod.com/live.php?id=huanyuxinwen_twn&token=9424feb10d9a54d000e924dc91df148556bcb13bc2a2742be2430fc5bf720bc0%3A1765094459%3ANjYuMTAzLjIxMS4xODk%3D, From: local, IPv_Type: ipv6, Location: 美国, ISP: CloudFlare Inc., Date: None, Delay: -1 ms, Speed: 0.00 M/s, Resolution: None
Name: 寰宇财经, URL: https://live.catvod.com/live.php?id=huanyutaiwan_twn&token=963d7bc4b59c0c55b2f2cad3101c6e2d69a8bd404ae1e3dfc6256792e1d40964%3A1765094459%3ANjYuMTAzLjIxMS4xODk%3D, From: local, IPv_Type: ipv6, Location: 美国, ISP: CloudFlare Inc., Date: None, Delay: -1 ms, Speed: 0.00 M/s, Resolution: None
Name: 信大HD, URL: https://live.catvod.com/live.php?id=xinda_twn&token=90c968e5d13283dd900c5deba672a9274810b96da173888741cb014debcc619c%3A1765094459%3ANjYuMTAzLjIxMS4xODk%3D, From: local, IPv_Type: ipv6, Location: 美国, ISP: CloudFlare Inc., Date: None, Delay: -1 ms, Speed: 0.00 M/s, Resolution: None
Name: 霹靂台灣台, URL: https://live.catvod.com/live.php?id=pilitw_twn&token=028ce46cfc9b3a4f133d16522ba3f82d35ffc6a6d738f1085a7d17bf40d6ad56%3A1765094459%3ANjYuMTAzLjIxMS4xODk%3D, From: local, IPv_Type: ipv6, Location: 美国, ISP: CloudFlare Inc., Date: None, Delay: -1 ms, Speed: 0.00 M/s, Resolution: None
Name: 大愛電視, URL: https://live.catvod.com/live.php?id=daai_twn&token=bf8caff93883e829291fbc7be8c84a33b55f04bfb08af7d202e07c99e95b630a%3A1765094459%3ANjYuMTAzLjIxMS4xODk%3D, From: local, IPv_Type: ipv6, Location: 美国, ISP: CloudFlare Inc., Date: None, Delay: -1 ms, Speed: 0.00 M/s, Resolution: None
Name: 壹新聞, URL: https://live.catvod.com/live.php?id=yinews&token=94e961ed8f70c5bfda9830aa8caa6d9229077e805b14e9328b14e7a2d9e0aadd%3A1765094459%3ANjYuMTAzLjIxMS4xODk%3D, From: local, IPv_Type: ipv6, Location: 美国, ISP: CloudFlare Inc., Date: None, Delay: -1 ms, Speed: 0.00 M/s, Resolution: None
Name: 非凡新闻, URL: https://live.catvod.com/live.php?id=feifannews_twn&token=7d4a3a6cf8a9528a6581908b9db6768c5e6821e5c90e2365886b7e477757070c%3A1765094459%3ANjYuMTAzLjIxMS4xODk%3D, From: local, IPv_Type: ipv6, Location: 美国, ISP: CloudFlare Inc., Date: None, Delay: -1 ms, Speed: 0.00 M/s, Resolution: None
Name: AXN台湾, URL: https://live.catvod.com/live.php?id=axn_twn&token=267963327eab7c66da2978abcb371862b7a4f434d787d23d73e35ee1319bfb1f%3A1765094459%3ANjYuMTAzLjIxMS4xODk%3D, From: local, IPv_Type: ipv6, Location: 美国, ISP: CloudFlare Inc., Date: None, Delay: -1 ms, Speed: 0.00 M/s, Resolution: None
Name: 靖天国际, URL: https://live.catvod.com/live.php?id=jingtianintl_twn&token=87ca30642c52d7006d2b64a3d970d817ac4055f45bf793ec80efa4e9a10afb87%3A1765094459%3ANjYuMTAzLjIxMS4xODk%3D, From: local, IPv_Type: ipv6, Location: 美国, ISP: CloudFlare Inc., Date: None, Delay: -1 ms, Speed: 0.00 M/s, Resolution: None
Name: 年代新闻, URL: https://live.catvod.com/live.php?id=niandainews_twn&token=67c8b943e3467d205553edc1b74c323a71e6490b45ce617ea96316967792e079%3A1765094459%3ANjYuMTAzLjIxMS4xODk%3D, From: local, IPv_Type: ipv6, Location: 美国, ISP: CloudFlare Inc., Date: None, Delay: -1 ms, Speed: 0.00 M/s, Resolution: None
Name: 年代MUCH, URL: https://live.catvod.com/live.php?id=niandaitv_twn&token=fcc43be598ed2ea81c768b1c4fcf6b0cd10c83a7759ebe37337ca803f54c4bc7%3A1765094459%3ANjYuMTAzLjIxMS4xODk%3D, From: local, IPv_Type: ipv6, Location: 美国, ISP: CloudFlare Inc., Date: None, Delay: -1 ms, Speed: 0.00 M/s, Resolution: None
Name: 纬来日本, URL: https://live.catvod.com/live.php?id=videolandjapan&token=8aa347d42ea79c8174770eab9f9695089379bd90db1b527991a888cf76c3f3d3%3A1765094459%3ANjYuMTAzLjIxMS4xODk%3D, From: local, IPv_Type: ipv6, Location: 美国, ISP: CloudFlare Inc., Date: None, Delay: -1 ms, Speed: 0.00 M/s, Resolution: None
Name: 纬来电影, URL: https://live.catvod.com/live.php?id=videolandmovie&token=7d412d19b9ee9c17177e66c85349fb921c072e72f64e77e43c6debdf3a776601%3A1765094459%3ANjYuMTAzLjIxMS4xODk%3D, From: local, IPv_Type: ipv6, Location: 美国, ISP: CloudFlare Inc., Date: None, Delay: -1 ms, Speed: 0.00 M/s, Resolution: None
Name: 纬来体育, URL: https://stream1.freetv.fun/1dc269abe7fafa65691f87c54cd29753587eaef4555a62be813986207f8ed461.ctv, From: local, IPv_Type: ipv6, Location: 美国, ISP: CloudFlare Inc., Date: None, Delay: -1 ms, Speed: 0.00 M/s, Resolution: None
Name: 纬来体育, URL: https://live.catvod.com/live.php?id=videolandsport&token=695578389c21f6bae2bb7d8b60d33e741be4c73bd24e1b90cbf02ff862e967e7%3A1765094459%3ANjYuMTAzLjIxMS4xODk%3D, From: local, IPv_Type: ipv6, Location: 美国, ISP: CloudFlare Inc., Date: None, Delay: -1 ms, Speed: 0.00 M/s, Resolution: None
Name: 纬来综合, URL: https://live.catvod.com/live.php?id=videolandzonghe&token=f4cbe5c7c07e04f0fff4071e8f66f2d937f97955d112c273f58d4b31be4602da%3A1765094459%3ANjYuMTAzLjIxMS4xODk%3D, From: local, IPv_Type: ipv6, Location: 美国, ISP: CloudFlare Inc., Date: None, Delay: -1 ms, Speed: 0.00 M/s, Resolution: None
Name: 纬来育乐, URL: https://stream1.freetv.fun/3abfaa9bfc01013d7459fb45d6a8d8dbdf1a788ee158c13c66e1d79d7e74fe96.ctv, From: local, IPv_Type: ipv6, Location: 美国, ISP: CloudFlare Inc., Date: None, Delay: -1 ms, Speed: 0.00 M/s, Resolution: None
Name: 纬来育乐, URL: https://live.catvod.com/live.php?id=videolandyule&token=bfc12660d65555dca6d752a5b56639a7677b3317b6b969713f08bd684b3dd4bf%3A1765094459%3ANjYuMTAzLjIxMS4xODk%3D, From: local, IPv_Type: ipv6, Location: 美国, ISP: CloudFlare Inc., Date: None, Delay: -1 ms, Speed: 0.00 M/s, Resolution: None
Name: 纬来精彩, URL: https://live.catvod.com/live.php?id=videolandspecial_twn&token=5384ce97bb95470b211390b53261dc2e3fc22254b8b210a486ed4eaeed2f6eb5%3A1765094459%3ANjYuMTAzLjIxMS4xODk%3D, From: local, IPv_Type: ipv6, Location: 美国, ISP: CloudFlare Inc., Date: None, Delay: -1 ms, Speed: 0.00 M/s, Resolution: None
Name: 纬来戏剧, URL: https://live.catvod.com/live.php?id=videolandtv&token=45b1793d4219f466f0e228d0b9be7baa0f0f9aecf2d1e1c49436af1d9a68b200%3A1765094459%3ANjYuMTAzLjIxMS4xODk%3D, From: local, IPv_Type: ipv6, Location: 美国, ISP: CloudFlare Inc., Date: None, Delay: -1 ms, Speed: 0.00 M/s, Resolution: None
Name: 龙华电影, URL: https://live.catvod.com/iptv.php?id=lhdy01&token=7711be2a552e305864823a85528daa4c3aa92999ec982fc4f6df90640363fc5e%3A1765094459%3ANjYuMTAzLjIxMS4xODk%3D, From: local, IPv_Type: ipv6, Location: 美国, ISP: CloudFlare Inc., Date: None, Delay: -1 ms, Speed: 0.00 M/s, Resolution: None
Name: 龙华电影, URL: https://live.catvod.com/live.php?id=xingwei_movie&token=539218fabf2d83c58c35c0ab7b4d048a447f4a493423056fa57844b5a5a10a76%3A1765094459%3ANjYuMTAzLjIxMS4xODk%3D, From: local, IPv_Type: ipv6, Location: 美国, ISP: CloudFlare Inc., Date: None, Delay: -1 ms, Speed: 0.00 M/s, Resolution: None
Name: 龙华经典, URL: https://live.catvod.com/iptv.php?id=lhjd01&token=cdf778e82e8b680fc43253cfc2f5d22aa45bd9d25ae12bf3edcb5bd301bf950c%3A1765094459%3ANjYuMTAzLjIxMS4xODk%3D, From: local, IPv_Type: ipv6, Location: 美国, ISP: CloudFlare Inc., Date: None, Delay: -1 ms, Speed: 0.00 M/s, Resolution: None
Name: 龙华卡通, URL: https://live.catvod.com/iptv.php?id=lhkt01&token=f3cd8aba680a1fa4b56831f9813c531c5ced7ee3b1335af66d2efa0099c7f96b%3A1765094459%3ANjYuMTAzLjIxMS4xODk%3D, From: local, IPv_Type: ipv6, Location: 美国, ISP: CloudFlare Inc., Date: None, Delay: -1 ms, Speed: 0.00 M/s, Resolution: None
Name: 龙华偶像, URL: https://live.catvod.com/iptv.php?id=lhox01&token=ed521dcb2c0d312c48775864d60aeb07f5af311cf10d8d83c6e9b2d87134268a%3A1765094459%3ANjYuMTAzLjIxMS4xODk%3D, From: local, IPv_Type: ipv6, Location: 美国, ISP: CloudFlare Inc., Date: None, Delay: -1 ms, Speed: 0.00 M/s, Resolution: None
Name: 龙华偶像, URL: https://live.catvod.com/live.php?id=lunghuaidol_twn&token=5d55a86c75db93ea868ef9b556d28d4a49b0f1573b81b3385c54fc57445e5abf%3A1765094459%3ANjYuMTAzLjIxMS4xODk%3D, From: local, IPv_Type: ipv6, Location: 美国, ISP: CloudFlare Inc., Date: None, Delay: -1 ms, Speed: 0.00 M/s, Resolution: None
Name: 龙华日韩, URL: https://live.catvod.com/iptv.php?id=lhrh01&token=7bbde26b055b4567210a436565233bf7d2961566f7535e0bbb1ff1d06c9ebbd8%3A1765094459%3ANjYuMTAzLjIxMS4xODk%3D, From: local, IPv_Type: ipv6, Location: 美国, ISP: CloudFlare Inc., Date: None, Delay: -1 ms, Speed: 0.00 M/s, Resolution: None
Name: 龙华戏剧, URL: https://live.catvod.com/iptv.php?id=lhxj01&token=48ce92e6e56d9d7014a07571afa74a5406657b9a8d18bfb04d023ead0a5faca1%3A1765094459%3ANjYuMTAzLjIxMS4xODk%3D, From: local, IPv_Type: ipv6, Location: 美国, ISP: CloudFlare Inc., Date: None, Delay: -1 ms, Speed: 0.00 M/s, Resolution: None
Name: 龙华戏剧, URL: https://live.catvod.com/live.php?id=lunghuaxiju_twn&token=4b95ac7f7080b125fc33a2fb07d9df3192f22ad9948c3d030dac348ec8cca981%3A1765094459%3ANjYuMTAzLjIxMS4xODk%3D, From: local, IPv_Type: ipv6, Location: 美国, ISP: CloudFlare Inc., Date: None, Delay: -1 ms, Speed: 0.00 M/s, Resolution: None
Name: 龙华洋片, URL: https://live.catvod.com/iptv.php?id=lhyp01&token=2a1c04cb7a3a885f5d535ae389f3131ade8d8e0a887f74a487ae4563e7a812e3%3A1765094459%3ANjYuMTAzLjIxMS4xODk%3D, From: local, IPv_Type: ipv6, Location: 美国, ISP: CloudFlare Inc., Date: None, Delay: -1 ms, Speed: 0.00 M/s, Resolution: None
Name: 龙华洋片, URL: https://live.catvod.com/live.php?id=lunghuawestern_twn&token=37dfe691c362ea6952969396224e10924b0825204d9d6db40c93564c5c65bfaa%3A1765094459%3ANjYuMTAzLjIxMS4xODk%3D, From: local, IPv_Type: ipv6, Location: 美国, ISP: CloudFlare Inc., Date: None, Delay: -1 ms, Speed: 0.00 M/s, Resolution: None
Name: 好消息2, URL: https://live.catvod.com/live.php?id=good2_twn&token=383aeb690ae93ffa380ea330f66b1530c2ef32264264efa0cd95a27b61962084%3A1765094459%3ANjYuMTAzLjIxMS4xODk%3D, From: local, IPv_Type: ipv6, Location: 美国, ISP: CloudFlare Inc., Date: None, Delay: -1 ms, Speed: 0.00 M/s, Resolution: None
Name: 大愛2台, URL: https://live.catvod.com/live.php?id=daai2_twn&token=44a70738b0b5e892fcb59ba51de7b9ce48ef789445d40760cc971f7c7b54cf87%3A1765094459%3ANjYuMTAzLjIxMS4xODk%3D, From: local, IPv_Type: ipv6, Location: 美国, ISP: CloudFlare Inc., Date: None, Delay: -1 ms, Speed: 0.00 M/s, Resolution: None
Name: 亚洲美食, URL: https://live.catvod.com/live.php?id=afc_twn&token=cbb7258215303be091bf1d8e17a0146f847d6908e7681d3098b2583ab11831e6%3A1765094459%3ANjYuMTAzLjIxMS4xODk%3D, From: local, IPv_Type: ipv6, Location: 美国, ISP: CloudFlare Inc., Date: None, Delay: -1 ms, Speed: 0.00 M/s, Resolution: None
Name: 美食星球, URL: https://live.catvod.com/live.php?id=foodplanet_twn&token=06c7a6a6c02bc609c168fe38bf096b38083110920582c606d29da18135b4777c%3A1765094459%3ANjYuMTAzLjIxMS4xODk%3D, From: local, IPv_Type: ipv6, Location: 美国, ISP: CloudFlare Inc., Date: None, Delay: -1 ms, Speed: 0.00 M/s, Resolution: None
Name: TLC旅遊生活, URL: https://live.catvod.com/live.php?id=tlc_twn&token=a40db7d1bfb5fc632e2e4df89fbd4a887eebb8b1857224ff776a2e5ffed01ff8%3A1765094459%3ANjYuMTAzLjIxMS4xODk%3D, From: local, IPv_Type: ipv6, Location: 美国, ISP: CloudFlare Inc., Date: None, Delay: -1 ms, Speed: 0.00 M/s, Resolution: None
Name: ARIRANG, URL: https://live.catvod.com/live.php?id=arirang_twn&token=f7a7476653e65491078ee981fbd9ae7e8c462e0f337dcd536ccfcc5a4731c5ea%3A1765094459%3ANjYuMTAzLjIxMS4xODk%3D, From: local, IPv_Type: ipv6, Location: 美国, ISP: CloudFlare Inc., Date: None, Delay: -1 ms, Speed: 0.00 M/s, Resolution: None
Name: 博斯运动一台, URL: https://live.catvod.com/live.php?id=bosisport1_twn&token=2f108880c17f8f288084052b85eb89abdd21ace55e6584a3d23d8c13cae2e428%3A1765094459%3ANjYuMTAzLjIxMS4xODk%3D, From: local, IPv_Type: ipv6, Location: 美国, ISP: CloudFlare Inc., Date: None, Delay: -1 ms, Speed: 0.00 M/s, Resolution: None
Name: 博斯运动二台, URL: https://live.catvod.com/live.php?id=bosisport2_twn&token=01355f63c29d9e7ae69c827a23f0f2319057cd49bf59f3dfe8bbd3e547d04915%3A1765094459%3ANjYuMTAzLjIxMS4xODk%3D, From: local, IPv_Type: ipv6, Location: 美国, ISP: CloudFlare Inc., Date: None, Delay: -1 ms, Speed: 0.00 M/s, Resolution: None
Name: 博斯高球一台, URL: https://live.catvod.com/live.php?id=bosigolf1_twn&token=bcb939a1e5a449dfaf033616ba409a74d91c4ea707cb6b361c742a0b06ce1025%3A1765094459%3ANjYuMTAzLjIxMS4xODk%3D, From: local, IPv_Type: ipv6, Location: 美国, ISP: CloudFlare Inc., Date: None, Delay: -1 ms, Speed: 0.00 M/s, Resolution: None
Name: 博斯高球二台, URL: https://live.catvod.com/live.php?id=bosigolf2_twn&token=a4ace4cc8757bf12a9e4e97b9746e30df8a898f6d0eb6f3cc707808b9aa677bc%3A1765094459%3ANjYuMTAzLjIxMS4xODk%3D, From: local, IPv_Type: ipv6, Location: 美国, ISP: CloudFlare Inc., Date: None, Delay: -1 ms, Speed: 0.00 M/s, Resolution: None
Name: 博斯网球台, URL: https://live.catvod.com/live.php?id=bositennis_twn&token=ca1da3ca719e385cdf0624a98533e90296a63c760e1c4fbd9e1c1dffea793480%3A1765094459%3ANjYuMTAzLjIxMS4xODk%3D, From: local, IPv_Type: ipv6, Location: 美国, ISP: CloudFlare Inc., Date: None, Delay: -1 ms, Speed: 0.00 M/s, Resolution: None
Name: 博斯无限台, URL: https://live.catvod.com/live.php?id=bosiunlimited_twn&token=ccbdd99dfa987db21edd7cf67a7a3a53e4d62a938783e2c90b4bf3d22a8fbf01%3A1765094459%3ANjYuMTAzLjIxMS4xODk%3D, From: local, IPv_Type: ipv6, Location: 美国, ISP: CloudFlare Inc., Date: None, Delay: -1 ms, Speed: 0.00 M/s, Resolution: None
Name: 东森洋片台, URL: https://live.catvod.com/live.php?id=ettvwestern&token=a24fcfe67751b3b2bd990830d3498a2d4e4f439d99cd0a4f54e4c9aeab12a2dc%3A1765094459%3ANjYuMTAzLjIxMS4xODk%3D, From: local, IPv_Type: ipv6, Location: 美国, ISP: CloudFlare Inc., Date: None, Delay: -1 ms, Speed: 0.00 M/s, Resolution: None
Name: MTVLive, URL: https://live.catvod.com/live.php?id=mtvhd_twn&token=86d5e30f769c0408e3485b6f28ba1c021a5fbae7555c66c94f4633a194e782ef%3A1765094459%3ANjYuMTAzLjIxMS4xODk%3D, From: local, IPv_Type: ipv6, Location: 美国, ISP: CloudFlare Inc., Date: None, Delay: -1 ms, Speed: 0.00 M/s, Resolution: None
Name: 龙祥时代, URL: https://live.catvod.com/live.php?id=lungxiangtime_twn&token=78b3f03148aacb6eec2c6fb82b9e308a596c3f22ec37a1591c28c94340a8e3e5%3A1765094459%3ANjYuMTAzLjIxMS4xODk%3D, From: local, IPv_Type: ipv6, Location: 美国, ISP: CloudFlare Inc., Date: None, Delay: -1 ms, Speed: 0.00 M/s, Resolution: None
Name: EYETV旅游台, URL: https://live.catvod.com/live.php?id=eyetvtravel_twn&token=f0825953fbfac4e7a79ce8ba49ea58bf5250535047d708277db25b21c6251fa5%3A1765094459%3ANjYuMTAzLjIxMS4xODk%3D, From: local, IPv_Type: ipv6, Location: 美国, ISP: CloudFlare Inc., Date: None, Delay: -1 ms, Speed: 0.00 M/s, Resolution: None
Name: EYETV戏剧台, URL: https://live.catvod.com/live.php?id=eyetvxiju_twn&token=746c2bc4b01850c35f16e5fe011d8e46ee959a48a3eb0d89cc1d384cd177c060%3A1765094459%3ANjYuMTAzLjIxMS4xODk%3D, From: local, IPv_Type: ipv6, Location: 美国, ISP: CloudFlare Inc., Date: None, Delay: -1 ms, Speed: 0.00 M/s, Resolution: None
Name: 靖天卡通, URL: https://live.catvod.com/live.php?id=jingtiancartoon_twn&token=eaa6216cf17df0750067b96b4e5d888fc6716aa0a7cfa35b5adf2ae03c48ae7a%3A1765094459%3ANjYuMTAzLjIxMS4xODk%3D, From: local, IPv_Type: ipv6, Location: 美国, ISP: CloudFlare Inc., Date: None, Delay: -1 ms, Speed: 0.00 M/s, Resolution: None
Name: 卫视电影台, URL: https://live.catvod.com/live.php?id=weishimovie_twn&token=06246fc7746990484ec87207c0f0f8c0550bc4ed2bf6eb74f4e554937457b85a%3A1765094459%3ANjYuMTAzLjIxMS4xODk%3D, From: local, IPv_Type: ipv6, Location: 美国, ISP: CloudFlare Inc., Date: None, Delay: -1 ms, Speed: 0.00 M/s, Resolution: None
Name: 华艺中文台, URL: https://live.catvod.com/live.php?id=weishichinese_twn&token=8bdb3c66c10fcc4b432544f174ef6e158b7e0d7e6b2f26358216c24d0be44a7e%3A1765094459%3ANjYuMTAzLjIxMS4xODk%3D, From: local, IPv_Type: ipv6, Location: 美国, ISP: CloudFlare Inc., Date: None, Delay: -1 ms, Speed: 0.00 M/s, Resolution: None
Name: 东森幼幼台, URL: https://live.catvod.com/live.php?id=yoyo_twn&token=5f5a9ccdd47542a2f3b80ade9c1eac951ecc9b91f5395fbe62756e1d2d763c92%3A1765094459%3ANjYuMTAzLjIxMS4xODk%3D, From: local, IPv_Type: ipv6, Location: 美国, ISP: CloudFlare Inc., Date: None, Delay: -1 ms, Speed: 0.00 M/s, Resolution: None
Name: 爱尔达影剧台, URL: https://live.catvod.com/live.php?id=eltayingju_twn&token=37d65c40e5e81af5064ba7fddf276e3f713dfa37d05cc353e79b5897dadf912e%3A1765094459%3ANjYuMTAzLjIxMS4xODk%3D, From: local, IPv_Type: ipv6, Location: 美国, ISP: CloudFlare Inc., Date: None, Delay: -1 ms, Speed: 0.00 M/s, Resolution: None
Name: 爱尔达综合台, URL: https://live.catvod.com/live.php?id=eltazonghe_twn&token=57b68eb1973f385c021c8bc24b9eb8118b3d5f2db34610fa60780f3fcbd9ce69%3A1765094459%3ANjYuMTAzLjIxMS4xODk%3D, From: local, IPv_Type: ipv6, Location: 美国, ISP: CloudFlare Inc., Date: None, Delay: -1 ms, Speed: 0.00 M/s, Resolution: None
Name: 亚洲旅游台, URL: https://live.catvod.com/live.php?id=asiatravel_twn&token=ccc4e3ca9cfe08001010040e0d8b0cc8fa7556ed89750ac3fc5d271adea89efd%3A1765094459%3ANjYuMTAzLjIxMS4xODk%3D, From: local, IPv_Type: ipv6, Location: 美国, ISP: CloudFlare Inc., Date: None, Delay: -1 ms, Speed: 0.00 M/s, Resolution: None
Name: CATCHPLAY电影, URL: https://live.catvod.com/live.php?id=catchplay_twn&token=803c6ab51b7788e48d81c3c1519ab9c2ad1467cb9e9eb6793e8e32308e9aec39%3A1765094459%3ANjYuMTAzLjIxMS4xODk%3D, From: local, IPv_Type: ipv6, Location: 美国, ISP: CloudFlare Inc., Date: None, Delay: -1 ms, Speed: 0.00 M/s, Resolution: None
Name: AMC电影台, URL: https://live.catvod.com/live.php?id=starmoviesgold_twn&token=024559c8405ed1b0274fa1eaedc94a57d419b17eb3e729d8fdc91666940f0c35%3A1765094459%3ANjYuMTAzLjIxMS4xODk%3D, From: local, IPv_Type: ipv6, Location: 美国, ISP: CloudFlare Inc., Date: None, Delay: -1 ms, Speed: 0.00 M/s, Resolution: None
Name: ANIMAX, URL: https://live.catvod.com/live.php?id=Animax&token=8587e3f8b09d4c171beb75bd2887446d207e7039e4dd587ef2771a55074f0ac0%3A1765094459%3ANjYuMTAzLjIxMS4xODk%3D, From: local, IPv_Type: ipv6, Location: 美国, ISP: CloudFlare Inc., Date: None, Delay: -1 ms, Speed: 0.00 M/s, Resolution: None
Name: CHC家庭影院, URL: https://iptv.catvod.com/live.php?id=CHC%E5%AE%B6%E5%BA%AD%E5%BD%B1%E9%99%A2%E5%8F%B0, From: local, IPv_Type: ipv6, Location: 美国, ISP: CloudFlare Inc., Date: None, Delay: -1 ms, Speed: 0.00 M/s, Resolution: None
Name: CHC家庭影院, URL: https://iptv.catvod.com/live.php?id=CHC%E5%AE%B6%E5%BA%AD, From: local, IPv_Type: ipv6, Location: 美国, ISP: CloudFlare Inc., Date: None, Delay: -1 ms, Speed: 0.00 M/s, Resolution: None
Name: CHC家庭影院, URL: https://stream1.freetv.fun/30e7efa4c034e24a10a61bfba3c71da9adb551d98446fb0256065bda01ba90e1.m3u8, From: local, IPv_Type: ipv6, Location: 美国, ISP: CloudFlare Inc., Date: None, Delay: -1 ms, Speed: 0.00 M/s, Resolution: None
Name: CHC家庭影院, URL: https://stream1.freetv.fun/7190c4b7871ed14335fec665c7ff14ebab77801737479b3fdafc4c6d908886ed.ctv, From: local, IPv_Type: ipv6, Location: 美国, ISP: CloudFlare Inc., Date: None, Delay: -1 ms, Speed: 0.00 M/s, Resolution: None
Name: CHC家庭影院, URL: https://stream1.freetv.fun/2b45ab26788c821401371dbf86a901788c370be24c871d66c9f0e0e38a26997f.ctv, From: local, IPv_Type: ipv6, Location: 美国, ISP: CloudFlare Inc., Date: None, Delay: -1 ms, Speed: 0.00 M/s, Resolution: None
Name: CHC家庭影院, URL: https://stream1.freetv.fun/ffeb167c23b64766e5d21b20452e08405ed020958cf08f3ec954d6a06c771605.ctv, From: local, IPv_Type: ipv6, Location: 美国, ISP: CloudFlare Inc., Date: None, Delay: -1 ms, Speed: 0.00 M/s, Resolution: None
Name: CHC家庭影院, URL: https://stream1.freetv.fun/07f11673c5c9c79ce321e9f8e306c245cf62d66c58a0732690b58d1c8783e7c4.ctv, From: local, IPv_Type: ipv6, Location: 美国, ISP: CloudFlare Inc., Date: None, Delay: -1 ms, Speed: 0.00 M/s, Resolution: None
Name: CHC家庭影院, URL: https://stream1.freetv.fun/032220d582e50177cf62a5f0e9fe1b39e1d2bbb21c4af4550f9fa8c7d8ed054f.ctv, From: local, IPv_Type: ipv6, Location: 美国, ISP: CloudFlare Inc., Date: None, Delay: -1 ms, Speed: 0.00 M/s, Resolution: None
Name: CHC家庭影院, URL: https://stream1.freetv.fun/d9d29f73e486ad91e0b074253d9fb9e96488047b0a1a79180fe477d668ebd17a.ctv, From: local, IPv_Type: ipv6, Location: 美国, ISP: CloudFlare Inc., Date: None, Delay: -1 ms, Speed: 0.00 M/s, Resolution: None
Name: CHC家庭影院, URL: https://stream1.freetv.fun/35fca7599c7b782f0cae6f6055103b5b6feec04ed53952e46fa14ddae13948ac.ctv, From: local, IPv_Type: ipv6, Location: 美国, ISP: CloudFlare Inc., Date: None, Delay: -1 ms, Speed: 0.00 M/s, Resolution: None
Name: CHC家庭影院, URL: https://stream1.freetv.fun/c34218513608f521a32d63ef99e3016463f5d5760c550fa41b1daf4f345e38a2.ctv, From: local, IPv_Type: ipv6, Location: 美国, ISP: CloudFlare Inc., Date: None, Delay: -1 ms, Speed: 0.00 M/s, Resolution: None
Name: CHC家庭影院, URL: https://stream1.freetv.fun/593e214b87a91f4ca82ff541436fff85ace578f2faa8ecfef36304269f4324c8.ctv, From: local, IPv_Type: ipv6, Location: 美国, ISP: CloudFlare Inc., Date: None, Delay: -1 ms, Speed: 0.00 M/s, Resolution: None
Name: CHC家庭影院, URL: https://stream1.freetv.fun/5c8a556791de29ea3729640eb64285e9388bbde5cdc61cf025de8da937a2e626.ctv, From: local, IPv_Type: ipv6, Location: 美国, ISP: CloudFlare Inc., Date: None, Delay: -1 ms, Speed: 0.00 M/s, Resolution: None
Name: CHC家庭影院, URL: https://stream1.freetv.fun/4530af99822e82cc20d703812cbe49f98facdf419f9a2196f83bfb7943d6b4cd.ctv, From: local, IPv_Type: ipv6, Location: 美国, ISP: CloudFlare Inc., Date: None, Delay: -1 ms, Speed: 0.00 M/s, Resolution: None
Name: CHC家庭影院, URL: https://stream1.freetv.fun/d6c6dcdce08fdda05114649d8ceaa9c9fbf5e053724fa7b21a0b8e28bdeef696.ctv, From: local, IPv_Type: ipv6, Location: 美国, ISP: CloudFlare Inc., Date: None, Delay: -1 ms, Speed: 0.00 M/s, Resolution: None
Name: CHC家庭影院, URL: https://stream1.freetv.fun/183c4742ee6f00b5553a0796a85f2cd8923f2792809b3028d386bc9f46a62878.ctv, From: local, IPv_Type: ipv6, Location: 美国, ISP: CloudFlare Inc., Date: None, Delay: -1 ms, Speed: 0.00 M/s, Resolution: None
Name: CHC家庭影院, URL: https://stream1.freetv.fun/4baf8d6257afc16275e93604ac917bdd4bb3731c5a42f86ff10e33d652cfe91b.m3u8, From: local, IPv_Type: ipv6, Location: 美国, ISP: CloudFlare Inc., Date: None, Delay: -1 ms, Speed: 0.00 M/s, Resolution: None
Name: CHC家庭影院, URL: https://stream1.freetv.fun/16f1eb82e9c0595d7a29810b7259a0d02481e4c8c41bd426fa9843a4f4c97ea5.ctv, From: local, IPv_Type: ipv6, Location: 美国, ISP: CloudFlare Inc., Date: None, Delay: -1 ms, Speed: 0.00 M/s, Resolution: None
Name: CHC家庭影院, URL: http://z.b.bkpcp.top/m.php?id=chcjtyy, From: subscribe, IPv_Type: ipv6, Location: 美国, ISP: CloudFlare Inc., Date: None, Delay: -1 ms, Speed: 0.00 M/s, Resolution: None
Name: CHC家庭影院, URL: http://gat.bkpcp.top/ymg.php?id=jtyy, From: subscribe, IPv_Type: ipv6, Location: 美国, ISP: CloudFlare Inc., Date: None, Delay: 0.1 ms, Speed: inf M/s, Resolution: 1920x1080
Name: CHC家庭影院, URL: http://goo.bkpcp.top/mg/jtyy, From: subscribe, IPv_Type: ipv6, Location: 美国, ISP: CloudFlare Inc., Date: None, Delay: 0.1 ms, Speed: inf M/s, Resolution: 1920x1080
Name: CHC家庭影院, URL: http://z.b.bkpcp.top/m.php?id=jtyy, From: subscribe, IPv_Type: ipv6, Location: 美国, ISP: CloudFlare Inc., Date: None, Delay: 0.1 ms, Speed: inf M/s, Resolution: 1920x1080
Name: CHC家庭影院, URL: http://[2409:8087:4c0a:22:1::11]:6410/170000001115/UmaiCHAN63807601b19dd/index.m3u8?m3u8_level=2, From: subscribe, IPv_Type: ipv6, Location: 中国, ISP: 中国移动, Date: None, Delay: 0.1 ms, Speed: inf M/s, Resolution: 1920x1080
Name: CHC家庭影院, URL: http://eastscreen.tv/ooooo.php, From: subscribe, IPv_Type: ipv6, Location: 美国, ISP: CloudFlare Inc., Date: None, Delay: 0.1 ms, Speed: inf M/s, Resolution: 1920x1080
Name: CHC家庭影院, URL: https://www.freetv.top/migu/644368373.m3u8?migutoken=b9d9d0ba0208e949cf0736455b86290b2d1d2ff4727f523b7117dde6eb883cb4582c5ce1519685e57d54bfb562057c10a00dde58bb674d8600fd2d918b8cb440294e083e7b8f19e0dbcc9250d8, From: subscribe, IPv_Type: ipv6, Location: 美国-加利福尼亚州-圣克拉拉, ISP: DigitalOcean, Date: None, Delay: 0.1 ms, Speed: inf M/s, Resolution: 1920x1080
Name: CHC家庭影院, URL: https://stream1.freetv.fun/chcjia-ting-ying-yuan-1.ctv, From: subscribe, IPv_Type: ipv6, Location: 美国, ISP: CloudFlare Inc., Date: None, Delay: 0.1 ms, Speed: inf M/s, Resolution: 1920x1080
Name: CHC家庭影院, URL: https://stream1.freetv.fun/chcjia-ting-ying-yuan-9.ctv, From: subscribe, IPv_Type: ipv6, Location: 美国, ISP: CloudFlare Inc., Date: None, Delay: 0.1 ms, Speed: inf M/s, Resolution: 1920x1080
Name: CHC家庭影院, URL: https://www.freetv.top/migu/644368373.m3u8?migutoken=893aa32f9d861d92c0661b8125e5b12471106642e4d0f341956e45e2f60dbb2179c3b5b6f05c2e8242e24d254815578255456ce991c2d337b226ce49c025efe16f2d4715157e642b7447f0bf06, From: subscribe, IPv_Type: ipv6, Location: 美国-加利福尼亚州-圣克拉拉, ISP: DigitalOcean, Date: None, Delay: 0.1 ms, Speed: inf M/s, Resolution: 1920x1080
Name: CHC家庭影院, URL: https://stream1.freetv.fun/chcjia-ting-ying-yuan-13.m3u8, From: subscribe, IPv_Type: ipv6, Location: 美国, ISP: CloudFlare Inc., Date: None, Delay: -1 ms, Speed: 0.00 M/s, Resolution: None
Name: CHC家庭影院, URL: http://sport.pendy.dpdns.org/migu/644368373?token=BCDxUPC2aE0y0iz8JYzYhWA21b8DBPXm4Tw9nHe0T-ftD1MRmsBCXZPPiHXeDz7cNybVmmXGazeeaHKpxyYgEA, From: subscribe, IPv_Type: ipv6, Location: 美国, ISP: CloudFlare Inc., Date: None, Delay: -1 ms, Speed: 0.00 M/s, Resolution: None
Name: CHC家庭影院, URL: https://mgtv.ottiptv.cc/migu/644368373.m3u8?migutoken=02f6073a65cfa4b76b8198be1bbc271ad8399a5a7eba28b6d2b5a1fd269162f4e5d78202d5515f6a21832743887f1e19f9c93e34c348532e77d8b083727e41097fb2ee9c27f1606dea802ad3d5, From: subscribe, IPv_Type: ipv6, Location: 美国-新泽西州-巴赛克, ISP: DigitalOcean, Date: None, Delay: -1 ms, Speed: 0.00 M/s, Resolution: None
Name: CHC家庭影院, URL: https://migu.188766.xyz/?migutoken=f61a1fd168cc0f2f8bb065cbc5817b08&id=CHC%E5%AE%B6%E5%BA%AD%E5%BD%B1%E9%99%A2&pp=1, From: subscribe, IPv_Type: ipv6, Location: 美国, ISP: CloudFlare Inc., Date: None, Delay: -1 ms, Speed: 0.00 M/s, Resolution: None
Name: CHC家庭影院, URL: https://mursor.ottiptv.cc/migu/644368373.m3u8?migutoken=eda0112e6a1f0fac1c6d7d1bba6e6bf6f4bad80594800fe209a244e76507b80132e671dc1045ca63e497f73f714e92acba8837381116572cad1ef61ce9ddcc4ec333dd4414d08865970e33e630, From: subscribe, IPv_Type: ipv6, Location: 美国, ISP: Oracle Corporation, Date: None, Delay: -1 ms, Speed: 0.00 M/s, Resolution: None
Name: CHC家庭影院, URL: https://migu.188766.xyz/?migutoken=44166869d9b6acc46108632e0815ff88&id=CHC%E5%AE%B6%E5%BA%AD%E5%BD%B1%E9%99%A2&type=yy, From: subscribe, IPv_Type: ipv6, Location: 美国, ISP: CloudFlare Inc., Date: None, Delay: -1 ms, Speed: 0.00 M/s, Resolution: None
Name: CHC动作电影, URL: https://iptv.catvod.com/live.php?id=CHC%E5%8A%A8%E4%BD%9C%E7%94%B5%E5%BD%B1%E5%8F%B0, From: local, IPv_Type: ipv6, Location: 美国, ISP: CloudFlare Inc., Date: None, Delay: -1 ms, Speed: 0.00 M/s, Resolution: None
Name: CHC动作电影, URL: https://iptv.catvod.com/live.php?id=CHC%E5%8A%A8%E4%BD%9C, From: local, IPv_Type: ipv6, Location: 美国, ISP: CloudFlare Inc., Date: None, Delay: -1 ms, Speed: 0.00 M/s, Resolution: None
Name: CHC动作电影, URL: http://z.b.bkpcp.top/m.php, From: subscribe, IPv_Type: ipv6, Location: 美国, ISP: CloudFlare Inc., Date: None, Delay: 0.1 ms, Speed: inf M/s, Resolution: 1920x1080
Name: CHC动作电影, URL: http://goo.bkpcp.top/mg/dzdy, From: subscribe, IPv_Type: ipv6, Location: 美国, ISP: CloudFlare Inc., Date: None, Delay: 0.1 ms, Speed: inf M/s, Resolution: 1920x1080
Name: CHC动作电影, URL: http://[2409:8087:8:21::18]:6610/otttv.bj.chinamobile.com/PLTV/88888888/224/3221226329/1.m3u8, From: subscribe, IPv_Type: ipv6, Location: 中国, ISP: 中国移动, Date: None, Delay: 0.1 ms, Speed: inf M/s, Resolution: 1920x1080
Name: CHC动作电影, URL: http://[2409:8087:1a01:df::4021]:80/TVOD/88888888/224/3221225555/main.m3u8, From: subscribe, IPv_Type: ipv6, Location: 中国, ISP: 中国移动, Date: None, Delay: 0.1 ms, Speed: inf M/s, Resolution: 1920x1080
Name: CHC动作电影, URL: http://[2409:8087:4c0a:22:1::11]:6410/170000001115/UmaiCHAN6380763222d00/index.m3u8?m3u8_level=2, From: subscribe, IPv_Type: ipv6, Location: 中国, ISP: 中国移动, Date: None, Delay: 0.1 ms, Speed: inf M/s, Resolution: 1920x1080
Name: CHC动作电影, URL: http://[2409:8087:3c02:0021:0000:0001:0000:100a]:6410/shandong_cabletv.live.zte.com////CHANNEL00002030/index.m3u8?IASHttpSessionId=, From: subscribe, IPv_Type: ipv6, Location: 中国, ISP: 中国移动, Date: None, Delay: 0.1 ms, Speed: inf M/s, Resolution: 1920x1080
Name: CHC动作电影, URL: http://data.3g.yy.com/live/hls/1382735573/1382735573, From: subscribe, IPv_Type: ipv6, Location: 中国, ISP: 中国电信, Date: None, Delay: 0.1 ms, Speed: inf M/s, Resolution: 1920x1080
Name: CHC动作电影, URL: https://www.freetv.top/migu/644368714.m3u8?migutoken=2e48d18419793654f347e8ca29e0028ce9f3eaaa7a108b006304178b8f790f34908f8a09bbb8f4b8b8abcf36e2341f1043dde8719cf4927fcd0dcde4667f8b91e68e820314791d9b70452862c9, From: subscribe, IPv_Type: ipv6, Location: 美国-加利福尼亚州-圣克拉拉, ISP: DigitalOcean, Date: None, Delay: 0.1 ms, Speed: inf M/s, Resolution: 1920x1080
Name: CHC动作电影, URL: https://stream1.freetv.fun/chcdong-zuo-dian-ying-4.ctv, From: subscribe, IPv_Type: ipv6, Location: 美国, ISP: CloudFlare Inc., Date: None, Delay: 0.1 ms, Speed: inf M/s, Resolution: 1920x1080
Name: CHC动作电影, URL: https://stream1.freetv.fun/chcdong-zuo-dian-ying-8.ctv, From: subscribe, IPv_Type: ipv6, Location: 美国, ISP: CloudFlare Inc., Date: None, Delay: 0.1 ms, Speed: inf M/s, Resolution: 1920x1080
Name: CHC动作电影, URL: https://stream1.freetv.fun/chcdong-zuo-gao-qing-1.m3u8, From: subscribe, IPv_Type: ipv6, Location: 美国, ISP: CloudFlare Inc., Date: None, Delay: 0.1 ms, Speed: inf M/s, Resolution: 1920x1080
Name: CHC动作电影, URL: https://stream1.freetv.fun/chcdong-zuo-dian-ying-5.ctv, From: subscribe, IPv_Type: ipv6, Location: 美国, ISP: CloudFlare Inc., Date: None, Delay: 0.1 ms, Speed: inf M/s, Resolution: 1920x1080
Name: CHC动作电影, URL: https://stream1.freetv.fun/chcdong-zuo-dian-ying-1.ctv, From: subscribe, IPv_Type: ipv6, Location: 美国, ISP: CloudFlare Inc., Date: None, Delay: 0.1 ms, Speed: inf M/s, Resolution: 1920x1080
Name: CHC动作电影, URL: https://www.freetv.top/migu/644368714.m3u8?migutoken=fb9ef80443f06c3612ddd35545ec1054b5bcab3941fc46ecf84808bdd512d7b2cf16d34fdf955bff71bf01f818f6918ba2d7f536dc5451d1519d15cf8a5671bf16ea8a3bbc71db4477476e211d, From: subscribe, IPv_Type: ipv6, Location: 美国-加利福尼亚州-圣克拉拉, ISP: DigitalOcean, Date: None, Delay: 0.1 ms, Speed: inf M/s, Resolution: 1920x1080
Name: CHC动作电影, URL: https://stream1.freetv.fun/chcdong-zuo-dian-ying-3.ctv, From: subscribe, IPv_Type: ipv6, Location: 美国, ISP: CloudFlare Inc., Date: None, Delay: 0.1 ms, Speed: inf M/s, Resolution: 1920x1080
Name: CHC动作电影, URL: https://stream.freetv.fun/2f2e29b8759a2458730dc1f3686024472691952a50e787fe075944d0cb17f36e.ctv, From: subscribe, IPv_Type: ipv6, Location: 美国, ISP: CloudFlare Inc., Date: None, Delay: 0.1 ms, Speed: inf M/s, Resolution: 1920x1080
Name: CHC动作电影, URL: http://eastscreen.tv/ooooo.php, From: subscribe, IPv_Type: ipv6, Location: 美国, ISP: CloudFlare Inc., Date: None, Delay: 0.1 ms, Speed: inf M/s, Resolution: 1920x1080
Name: CHC动作电影, URL: http://sport.pendy.dpdns.org/migu/644368714?token=BCDxUPC2aE0y0iz8JYzYhWA21b8DBPXm4Tw9nHe0T-ftD1MRmsBCXZPPiHXeDz7cNybVmmXGazeeaHKpxyYgEA, From: subscribe, IPv_Type: ipv6, Location: 美国, ISP: CloudFlare Inc., Date: None, Delay: -1 ms, Speed: 0.00 M/s, Resolution: None
Name: CHC动作电影, URL: https://migu.188766.xyz/?migutoken=5f7ddbc144aaa6a046ced38913096c20&id=CHC%E5%8A%A8%E4%BD%9C%E7%94%B5%E5%BD%B1&pp=1, From: subscribe, IPv_Type: ipv6, Location: 美国, ISP: CloudFlare Inc., Date: None, Delay: -1 ms, Speed: 0.00 M/s, Resolution: None
Name: CHC动作电影, URL: https://mgtv.ottiptv.cc/migu/644368714.m3u8?migutoken=43d4d00dde594e939e1770552f8014711778489843f460916b224eacbe5913320ad288ebc2f4951cb01759385a87bc831a77b4ab5aa42155a2535407035eede906d4bd91fe984522b50b098abc, From: subscribe, IPv_Type: ipv6, Location: 美国-新泽西州-巴赛克, ISP: DigitalOcean, Date: None, Delay: -1 ms, Speed: 0.00 M/s, Resolution: None
Name: CHC动作电影, URL: https://migu.188766.xyz/?migutoken=738c093a4d8ea2c8d19d33c35e6c0012&id=CHC%E5%8A%A8%E4%BD%9C%E7%94%B5%E5%BD%B1&type=yy, From: subscribe, IPv_Type: ipv6, Location: 美国, ISP: CloudFlare Inc., Date: None, Delay: -1 ms, Speed: 0.00 M/s, Resolution: None
Name: CHC高清电影, URL: http://183.237.95.108:9901/tsfile/live/1008_1.m3u8?key=txiptv&playlive=0&authid=0, From: subscribe, IPv_Type: ipv4, Location: 中国-广东-梅州, ISP: 移动, Date: None, Delay: 10113 ms, Speed: 0.14 M/s, Resolution: 1920x1080
Name: CHC高清电影, URL: http://dassby.qqff.top:99/live/CHC高清/index.m3u8, From: subscribe, IPv_Type: ipv4, Location: 中国-辽宁-鞍山, ISP: 联通, Date: None, Delay: 10557 ms, Speed: 0.09 M/s, Resolution: 1920x1080
Name: CHC高清电影, URL: rtsp://115.153.247.80/PLTV/88888888/224/3221226990/86128784.smil, From: subscribe, IPv_Type: ipv4, Location: 中国-江西-宜春, ISP: 电信, Date: None, Delay: 10005 ms, Speed: 0.00 M/s, Resolution: None
Name: CHC高清电影, URL: rtsp://115.153.230.145/PLTV/88888888/224/3221226990/86128784.smil, From: subscribe, IPv_Type: ipv4, Location: 中国-江西-宜春, ISP: 电信, Date: None, Delay: 10006 ms, Speed: 0.00 M/s, Resolution: None
Name: CHC高清电影, URL: rtsp://115.153.222.112:554/PLTV/88888888/224/3221226990/86128784.smil, From: subscribe, IPv_Type: ipv4, Location: 中国-江西-宜春, ISP: 电信, Date: None, Delay: 10006 ms, Speed: 0.00 M/s, Resolution: None
Name: 淘剧场, URL: http://[2409:8087:1:20:20::26]/otttv.bj.chinamobile.com/PLTV/88888888/224/3221226553/1.m3u8?GuardEncType=2&accountinfo=%7E%7EV2.0%7EQaJ92NID2SpQlY6_VJVogg%7E_eNUbgU9sJGUcVVduOMKhafLvQUgE_zlz_7pvDimJNOuQYJeiYEeFWTkFfE86Vq-%2CEND, From: subscribe, IPv_Type: ipv6, Location: 中国, ISP: 中国移动, Date: None, Delay: 0.1 ms, Speed: inf M/s, Resolution: 1920x1080
Name: 淘剧场, URL: http://dsj.motem.top:8880/bptv/10000100000000050000000003887497.m3u8, From: subscribe, IPv_Type: ipv6, Location: 美国, ISP: CloudFlare Inc., Date: None, Delay: 0.1 ms, Speed: inf M/s, Resolution: 1920x1080
Name: 淘剧场, URL: http://missyao.com:35455/bptv/10000100000000050000000003887497.m3u8, From: subscribe, IPv_Type: ipv6, Location: 中国-香港, ISP: , Date: None, Delay: -1 ms, Speed: 0.00 M/s, Resolution: None
Name: 淘剧场, URL: http://zjzcf.synology.me:35455/bptv/10000100000000050000000003887497.m3u8, From: subscribe, IPv_Type: ipv6, Location: 中国, ISP: 中国移动, Date: None, Delay: -1 ms, Speed: 0.00 M/s, Resolution: None
Name: 淘娱乐, URL: http://[2409:8087:1:20:20::2c]/otttv.bj.chinamobile.com/PLTV/88888888/224/3221226551/1.m3u8?GuardEncType=2&accountinfo=%7E%7EV2.0%7Ex0efg9fpenP8E8lWJUb5Lg%7E_eNUbgU9sJGUcVVduOMKhafLvQUgE_zlz_7pvDimJNNg3bzRax0E9tLmO9xgXVx8%2CEND, From: subscribe, IPv_Type: ipv6, Location: 中国, ISP: 中国移动, Date: None, Delay: 0.1 ms, Speed: inf M/s, Resolution: 1920x1080
Name: 淘娱乐, URL: http://dsj.motem.top:8880/bptv/10000100000000050000000003887499.m3u8, From: subscribe, IPv_Type: ipv6, Location: 美国, ISP: CloudFlare Inc., Date: None, Delay: 0.1 ms, Speed: inf M/s, Resolution: 1920x1080
Name: 淘娱乐, URL: http://missyao.com:35455/bptv/10000100000000050000000003887499.m3u8, From: subscribe, IPv_Type: ipv6, Location: 中国-香港, ISP: , Date: None, Delay: -1 ms, Speed: 0.00 M/s, Resolution: None
Name: 淘娱乐, URL: http://zjzcf.synology.me:35455/bptv/10000100000000050000000003887499.m3u8, From: subscribe, IPv_Type: ipv6, Location: 中国, ISP: 中国移动, Date: None, Delay: -1 ms, Speed: 0.00 M/s, Resolution: None
Name: 淘电影, URL: http://[2409:8087:1:20:20::26]/otttv.bj.chinamobile.com/PLTV/88888888/224/3221226552/1.m3u8?GuardEncType=2&accountinfo=%7E%7EV2.0%7EXOsrWMA-UCdUl1hQSR9EKw%7E_eNUbgU9sJGUcVVduOMKhafLvQUgE_zlz_7pvDimJNNg3bzRax0E9tLmO9xgXVx8%2CEND, From: subscribe, IPv_Type: ipv6, Location: 中国, ISP: 中国移动, Date: None, Delay: 0.1 ms, Speed: inf M/s, Resolution: 1920x1080
Name: 淘电影, URL: http://dsj.motem.top:8880/bptv/10000100000000050000000003887498.m3u8, From: subscribe, IPv_Type: ipv6, Location: 美国, ISP: CloudFlare Inc., Date: None, Delay: 0.1 ms, Speed: inf M/s, Resolution: 1920x1080
Name: 淘电影, URL: http://yc.myds.me:35455/bptv/10000100000000050000000003887498.m3u8, From: subscribe, IPv_Type: ipv6, Location: 中国, ISP: 中国电信, Date: None, Delay: 0.1 ms, Speed: inf M/s, Resolution: 1920x1080
Name: 淘电影, URL: https://stream1.freetv.fun/tao-dian-ying-3.ctv, From: subscribe, IPv_Type: ipv6, Location: 美国, ISP: CloudFlare Inc., Date: None, Delay: 0.1 ms, Speed: inf M/s, Resolution: 1920x1080
Name: 淘电影, URL: https://stream1.freetv.fun/tao-dian-ying-8.ctv, From: subscribe, IPv_Type: ipv6, Location: 美国, ISP: CloudFlare Inc., Date: None, Delay: 0.1 ms, Speed: inf M/s, Resolution: 1920x1080
Name: 淘电影, URL: https://stream1.freetv.fun/tao-dian-ying-15.ctv, From: subscribe, IPv_Type: ipv6, Location: 美国, ISP: CloudFlare Inc., Date: None, Delay: 0.1 ms, Speed: inf M/s, Resolution: 1920x1080
Name: 淘电影, URL: https://stream1.freetv.fun/tao-dian-ying-7.ctv, From: subscribe, IPv_Type: ipv6, Location: 美国, ISP: CloudFlare Inc., Date: None, Delay: 0.1 ms, Speed: inf M/s, Resolution: 1920x1080
Name: 淘电影, URL: https://stream1.freetv.fun/tao-dian-ying-7.m3u8, From: subscribe, IPv_Type: ipv6, Location: 美国, ISP: CloudFlare Inc., Date: None, Delay: 0.1 ms, Speed: inf M/s, Resolution: 1920x1080
Name: 淘电影, URL: https://stream1.freetv.fun/tao-dian-ying-6.ctv, From: subscribe, IPv_Type: ipv6, Location: 美国, ISP: CloudFlare Inc., Date: None, Delay: 0.1 ms, Speed: inf M/s, Resolution: 1920x1080
Name: 淘电影, URL: https://stream1.freetv.fun/tao-dian-ying-2.ctv, From: subscribe, IPv_Type: ipv6, Location: 美国, ISP: CloudFlare Inc., Date: None, Delay: 0.1 ms, Speed: inf M/s, Resolution: 1920x1080
Name: 淘电影, URL: https://stream1.freetv.fun/tao-dian-ying-2.m3u8, From: subscribe, IPv_Type: ipv6, Location: 美国, ISP: CloudFlare Inc., Date: None, Delay: 0.1 ms, Speed: inf M/s, Resolution: 1920x1080
Name: 淘电影, URL: https://stream1.freetv.fun/tao-dian-ying-9.ctv, From: subscribe, IPv_Type: ipv6, Location: 美国, ISP: CloudFlare Inc., Date: None, Delay: 0.1 ms, Speed: inf M/s, Resolution: 1920x1080
Name: 淘电影, URL: https://stream1.freetv.fun/tao-dian-ying-11.ctv, From: subscribe, IPv_Type: ipv6, Location: 美国, ISP: CloudFlare Inc., Date: None, Delay: 0.1 ms, Speed: inf M/s, Resolution: 1920x1080
Name: 淘电影, URL: https://stream1.freetv.fun/tao-dian-ying-1.ctv, From: subscribe, IPv_Type: ipv6, Location: 美国, ISP: CloudFlare Inc., Date: None, Delay: 0.1 ms, Speed: inf M/s, Resolution: 1920x1080
Name: 淘电影, URL: https://stream1.freetv.fun/tao-dian-ying-4.m3u8, From: subscribe, IPv_Type: ipv6, Location: 美国, ISP: CloudFlare Inc., Date: None, Delay: 0.1 ms, Speed: inf M/s, Resolution: 1920x1080
Name: 淘电影, URL: https://stream1.freetv.fun/tao-dian-ying-17.ctv, From: subscribe, IPv_Type: ipv6, Location: 美国, ISP: CloudFlare Inc., Date: None, Delay: 0.1 ms, Speed: inf M/s, Resolution: 1920x1080
Name: 淘电影, URL: https://stream1.freetv.fun/tao-dian-ying-10.ctv, From: subscribe, IPv_Type: ipv6, Location: 美国, ISP: CloudFlare Inc., Date: None, Delay: 0.1 ms, Speed: inf M/s, Resolution: 1920x1080
Name: NewTV惊悚悬疑, URL: https://iptv.catvod.com/live.php?id=NewTV%E6%83%8A%E6%82%9A%E6%82%AC%E7%96%91, From: local, IPv_Type: ipv6, Location: 美国, ISP: CloudFlare Inc., Date: None, Delay: -1 ms, Speed: 0.00 M/s, Resolution: None
Name: NewTV惊悚悬疑, URL: http://php.jdshipin.com/TVOD/hnyd.php?id=200000001898/460000089800010077, From: subscribe, IPv_Type: ipv6, Location: 美国, ISP: CloudFlare Inc., Date: None, Delay: 0.1 ms, Speed: inf M/s, Resolution: 1920x1080
Name: NewTV惊悚悬疑, URL: http://[2409:8087:5e00:24::2d]:6610/000000001000/1/1000000004000024282/index.m3u8?channel-id=ystenlive&Contentid=1000000004000024282&livemode=1&stbId=YanG-1989, From: subscribe, IPv_Type: ipv6, Location: 中国, ISP: 中国移动, Date: None, Delay: -1 ms, Speed: 0.00 M/s, Resolution: None
Name: NewTV惊悚悬疑, URL: http://[2409:8087:1a0b:df::4002]:80/ottrrs.hl.chinamobile.com/TVOD/88888888/224/3221225665/index.m3u8, From: subscribe, IPv_Type: ipv6, Location: 中国, ISP: 中国移动, Date: None, Delay: -1 ms, Speed: 0.00 M/s, Resolution: None
Name: NewTV惊悚悬疑, URL: http://ottrrs.hl.chinamobile.com/PLTV/88888888/224/3221225665/index.m3u8, From: subscribe, IPv_Type: ipv6, Location: 中国, ISP: 中国移动, Date: None, Delay: -1 ms, Speed: 0.00 M/s, Resolution: None
Name: NewTV惊悚悬疑, URL: http://[2409:8087:2001:20:2800:0:df6e:eb18]/wh7f454c46tw2482771376_951312812/ott.mobaibox.com/PLTV/3/224/3221227536/index.m3u8, From: subscribe, IPv_Type: ipv6, Location: 中国, ISP: 中国移动, Date: None, Delay: -1 ms, Speed: 0.00 M/s, Resolution: None
Name: NewTV动作电影, URL: https://iptv.catvod.com/live.php?id=NewTV%E5%8A%A8%E4%BD%9C%E7%94%B5%E5%BD%B1, From: local, IPv_Type: ipv6, Location: 美国, ISP: CloudFlare Inc., Date: None, Delay: -1 ms, Speed: 0.00 M/s, Resolution: None
Name: NewTV动作电影, URL: http://php.jdshipin.com/TVOD/hnyd.php?id=200000001898/460000089800010003, From: subscribe, IPv_Type: ipv6, Location: 美国, ISP: CloudFlare Inc., Date: None, Delay: 0.1 ms, Speed: inf M/s, Resolution: 1920x1080
Name: 黑莓电影, URL: http://php.jdshipin.com/TVOD/hnyd.php?id=200000001898/460000089800010073, From: subscribe, IPv_Type: ipv6, Location: 美国, ISP: CloudFlare Inc., Date: None, Delay: 0.1 ms, Speed: inf M/s, Resolution: 1920x1080
Name: 黑莓电影, URL: https://epg.pw/stream/ffcb6572863f0745a7369fbd9d901f1dfd0ab8fab8bad8bebb4e01c90b303c47.m3u8, From: subscribe, IPv_Type: ipv6, Location: 美国, ISP: CloudFlare Inc., Date: None, Delay: 0.1 ms, Speed: inf M/s, Resolution: 1920x1080
Name: 黑莓电影, URL: http://[2409:8087:8:21::18]:6610/otttv.bj.chinamobile.com/PLTV/88888888/224/3221226939/1.m3u8, From: subscribe, IPv_Type: ipv6, Location: 中国, ISP: 中国移动, Date: None, Delay: 0.1 ms, Speed: inf M/s, Resolution: 1920x1080
Name: 黑莓电影, URL: http://[2409:8087:1a01:df::4001]:80/TVOD/88888888/224/3221225681/main.m3u8, From: subscribe, IPv_Type: ipv6, Location: 中国, ISP: 中国移动, Date: None, Delay: 0.1 ms, Speed: inf M/s, Resolution: 1920x1080
Name: 黑莓电影, URL: http://[2409:8087:1a01:df::4077]:80/ottrrs.hl.chinamobile.com/PLTV/88888888/224/3221225666/index.m3u8, From: subscribe, IPv_Type: ipv6, Location: 中国, ISP: 中国移动, Date: None, Delay: 0.1 ms, Speed: inf M/s, Resolution: 1920x1080
Name: 黑莓电影, URL: http://[2409:8087:2001:20:2800:0:df6e:eb08]/ott.mobaibox.com/PLTV/3/224/3221227520/index.m3u8, From: subscribe, IPv_Type: ipv6, Location: 中国, ISP: 中国移动, Date: None, Delay: 0.1 ms, Speed: inf M/s, Resolution: 1920x1080
Name: 黑莓电影, URL: http://[2409:8087:1:20:20::27]/otttv.bj.chinamobile.com/PLTV/88888888/224/3221226939/1.m3u8, From: subscribe, IPv_Type: ipv6, Location: 中国, ISP: 中国移动, Date: None, Delay: 0.1 ms, Speed: inf M/s, Resolution: 1920x1080
Name: 黑莓电影, URL: http://[2409:8087:3869:8021:1001::e5]:6610/PLTV/88888888/224/3221225764/2/index.m3u8, From: subscribe, IPv_Type: ipv6, Location: 中国, ISP: 中国移动, Date: None, Delay: 0.1 ms, Speed: inf M/s, Resolution: 1920x1080
Name: 黑莓电影, URL: http://[2409:8087:3869:8021:1001::e5]:6610/PLTV/88888888/224/3221225769/2/index.m3u8, From: subscribe, IPv_Type: ipv6, Location: 中国, ISP: 中国移动, Date: None, Delay: 0.1 ms, Speed: inf M/s, Resolution: 1920x1080
Name: 黑莓电影, URL: https://fenghuang.tv12.xyz/29.m3u8, From: subscribe, IPv_Type: ipv6, Location: 美国, ISP: CloudFlare Inc., Date: None, Delay: -1 ms, Speed: 0.00 M/s, Resolution: None
Name: 黑莓电影, URL: http://[2409:8087:1a15:10d1::36]/ottrrs.hl.chinamobile.com/PLTV/88888888/224/3221225743/index.m3u8, From: subscribe, IPv_Type: ipv6, Location: 中国, ISP: 中国移动, Date: None, Delay: -1 ms, Speed: 0.00 M/s, Resolution: None
Name: 黑莓电影, URL: http://[2409:8087:5e00:24::1e]:6060/200000001898/460000089800010073/1.m3u8, From: subscribe, IPv_Type: ipv6, Location: 中国, ISP: 中国移动, Date: None, Delay: -1 ms, Speed: 0.00 M/s, Resolution: None
Name: 黑莓电影, URL: http://sxydajtvlive.sx.chinamobile.com/PLTV/-/224/3221225775/1.m3u8, From: subscribe, IPv_Type: ipv6, Location: 中国, ISP: 中国移动, Date: None, Delay: -1 ms, Speed: 0.00 M/s, Resolution: None
Name: 纬来电影, URL: https://live.catvod.com/live.php?id=videolandmovie&token=7d412d19b9ee9c17177e66c85349fb921c072e72f64e77e43c6debdf3a776601%3A1765094459%3ANjYuMTAzLjIxMS4xODk%3D, From: local, IPv_Type: ipv6, Location: 美国, ISP: CloudFlare Inc., Date: None, Delay: -1 ms, Speed: 0.00 M/s, Resolution: None
Name: 纬来电影, URL: http://bxtv.3a.ink/api.php?id=wldy, From: subscribe, IPv_Type: ipv6, Location: 美国, ISP: CloudFlare Inc., Date: None, Delay: -1 ms, Speed: 0.00 M/s, Resolution: None
Name: 纬来电影, URL: https://stream1.freetv.fun/wei-lai-dian-ying-1.m3u8, From: subscribe, IPv_Type: ipv6, Location: 美国, ISP: CloudFlare Inc., Date: None, Delay: -1 ms, Speed: 0.00 M/s, Resolution: None
Name: 纬来电影, URL: https://hls-gateway.vpstv.net/streams/477063.m3u8, From: subscribe, IPv_Type: ipv6, Location: 美国, ISP: CloudFlare Inc., Date: None, Delay: -1 ms, Speed: 0.00 M/s, Resolution: None
Name: 纬来电影, URL: https://smart.pendy.dpdns.org/Smart.php?id=videolandmovie, From: subscribe, IPv_Type: ipv6, Location: 美国, ISP: CloudFlare Inc., Date: None, Delay: -1 ms, Speed: 0.00 M/s, Resolution: None
Name: 纬来电影, URL: http://pullpackage.alivecdn.com/live/LIjQbqWr0oCfwR6SjWMVXyUh5m1qsJgqORFprvbBloK6NfqVBD.flv, From: subscribe, IPv_Type: ipv6, Location: 美国-加利福尼亚州-洛杉矶, ISP: Level3, Date: None, Delay: -1 ms, Speed: 0.00 M/s, Resolution: None
Name: 纬来电影, URL: https://live.catvod.com/catvod_com.php?id=videolandmovie, From: subscribe, IPv_Type: ipv6, Location: 美国, ISP: CloudFlare Inc., Date: None, Delay: -1 ms, Speed: 0.00 M/s, Resolution: None
Name: 纬来电影, URL: https://smt.iktv.ddns-ip.net/Smart.php?id=videolandmovie, From: subscribe, IPv_Type: ipv6, Location: 美国, ISP: CloudFlare Inc., Date: None, Delay: -1 ms, Speed: 0.00 M/s, Resolution: None
Name: 纬来电影, URL: http://live.catvod.com/smart.php?id=videolandmovie, From: subscribe, IPv_Type: ipv6, Location: 美国, ISP: CloudFlare Inc., Date: None, Delay: -1 ms, Speed: 0.00 M/s, Resolution: None
Name: 纬来电影, URL: https://live.catvod.com/live.php?id=videolandmovie&token=a76bdc035b650a1c05ec1f7fb9f26ae2f5af7dd30a77937811b00e06d85b6954%3A1760491003%3ANTIuMTUwLjI5Ljk4, From: subscribe, IPv_Type: ipv6, Location: 美国, ISP: CloudFlare Inc., Date: None, Delay: -1 ms, Speed: 0.00 M/s, Resolution: None
Name: 纬来电影, URL: https://smt.go-iptv.ggff.net/smart.php?id=videolandmovie&token=Goiptv, From: subscribe, IPv_Type: ipv6, Location: 美国, ISP: CloudFlare Inc., Date: None, Delay: -1 ms, Speed: 0.00 M/s, Resolution: None
Name: 靖天映画, URL: https://hls-gateway.vpstv.net/streams/476302.m3u8, From: subscribe, IPv_Type: ipv6, Location: 美国, ISP: CloudFlare Inc., Date: None, Delay: -1 ms, Speed: 0.00 M/s, Resolution: None
Name: 靖天映画, URL: http://pullpackage.alivecdn.com/live/hTZYTLKukHNqDnshCwsOBdnFoZs5a4UeCJ396iYBSzJGOEv6kg.flv, From: subscribe, IPv_Type: ipv6, Location: 美国-加利福尼亚州-洛杉矶, ISP: Level3, Date: None, Delay: -1 ms, Speed: 0.00 M/s, Resolution: None
Name: 靖天映画, URL: http://breezy-audrie-zspace-7524863c.koyeb.app/vipsir?token=leifeng&id=4gtv-4gtv055, From: subscribe, IPv_Type: ipv6, Location: 美国, ISP: CloudFlare Inc., Date: None, Delay: -1 ms, Speed: 0.00 M/s, Resolution: None
Name: 靖天戏剧, URL: http://serv00.bkpcp.top/litv3.php?id=4gtv-4gtv058, From: subscribe, IPv_Type: ipv6, Location: 美国, ISP: CloudFlare Inc., Date: None, Delay: 0.1 ms, Speed: inf M/s, Resolution: 1920x1080
Name: 靖天戏剧, URL: http://pullpackage.alivecdn.com/live/pU4fD0cP0dx6iXknYRcEzuZOQ6P6z5FsZ9KvAOPGsBry6iYBSe.flv, From: subscribe, IPv_Type: ipv6, Location: 美国-加利福尼亚州-洛杉矶, ISP: Level3, Date: None, Delay: -1 ms, Speed: 0.00 M/s, Resolution: None
Name: 靖天戏剧, URL: https://stream1.freetv.fun/jing-tian-xi-ju-4.ctv, From: subscribe, IPv_Type: ipv6, Location: 美国, ISP: CloudFlare Inc., Date: None, Delay: -1 ms, Speed: 0.00 M/s, Resolution: None
Name: 靖天戏剧, URL: http://breezy-audrie-zspace-7524863c.koyeb.app/vipsir?token=leifeng&id=4gtv-4gtv058, From: subscribe, IPv_Type: ipv6, Location: 美国, ISP: CloudFlare Inc., Date: None, Delay: -1 ms, Speed: 0.00 M/s, Resolution: None
Name: 经典电影, URL: http://goo.bkpcp.top/mg/jdxgdy, From: subscribe, IPv_Type: ipv6, Location: 美国, ISP: CloudFlare Inc., Date: None, Delay: 0.1 ms, Speed: inf M/s, Resolution: 1920x1080
Name: 经典电影, URL: https://tv.iill.top/4gtv/201, From: subscribe, IPv_Type: ipv6, Location: 美国, ISP: CloudFlare Inc., Date: None, Delay: 0.1 ms, Speed: inf M/s, Resolution: 1920x1080
Name: 经典电影, URL: https://stream1.freetv.fun/jing-dian-dian-ying-2.ctv, From: subscribe, IPv_Type: ipv6, Location: 美国, ISP: CloudFlare Inc., Date: None, Delay: 0.1 ms, Speed: inf M/s, Resolution: 1920x1080
Name: 经典电影, URL: https://stream1.freetv.fun/jing-dian-dian-ying-9.ctv, From: subscribe, IPv_Type: ipv6, Location: 美国, ISP: CloudFlare Inc., Date: None, Delay: 0.1 ms, Speed: inf M/s, Resolution: 1920x1080
Name: 经典电影, URL: https://stream1.freetv.fun/jing-dian-dian-ying-8.ctv, From: subscribe, IPv_Type: ipv6, Location: 美国, ISP: CloudFlare Inc., Date: None, Delay: 0.1 ms, Speed: inf M/s, Resolution: 1920x1080
Name: 经典电影, URL: https://stream1.freetv.fun/jing-dian-dian-ying-1.ctv, From: subscribe, IPv_Type: ipv6, Location: 美国, ISP: CloudFlare Inc., Date: None, Delay: 0.1 ms, Speed: inf M/s, Resolution: 1920x1080
Name: 经典电影, URL: https://mursor.ottiptv.cc/bilibili/1777481601, From: subscribe, IPv_Type: ipv6, Location: 美国, ISP: Oracle Corporation, Date: None, Delay: -1 ms, Speed: 0.00 M/s, Resolution: None
Name: 天映经典, URL: https://cdn9.163189.xyz/smt3.1.1.php?id=Celestial2, From: local, IPv_Type: ipv6, Location: 美国, ISP: CloudFlare Inc., Date: None, Delay: -1 ms, Speed: 0.00 M/s, Resolution: None
Name: 天映经典, URL: http://php.jdshipin.com:8880/smt.php?id=Celestial2, From: local, IPv_Type: ipv6, Location: 美国, ISP: CloudFlare Inc., Date: None, Delay: -1 ms, Speed: 0.00 M/s, Resolution: None
Name: 天映经典, URL: https://cdn9.163189.xyz/smt1.1.php?id=Celestial2, From: local, IPv_Type: ipv6, Location: 美国, ISP: CloudFlare Inc., Date: None, Delay: -1 ms, Speed: 0.00 M/s, Resolution: None
Name: 天映经典, URL: https://live.catvod.com/live.php?id=Celestial2&token=638411c2b9417ffd7293dbc42d8929d9bf2eab27d5362da83bbfdec89362f245%3A1765094459%3ANjYuMTAzLjIxMS4xODk%3D, From: local, IPv_Type: ipv6, Location: 美国, ISP: CloudFlare Inc., Date: None, Delay: -1 ms, Speed: 0.00 M/s, Resolution: None
Name: 天映经典, URL: https://stream1.freetv.fun/tian-ying-jing-dian-5.m3u8, From: subscribe, IPv_Type: ipv6, Location: 美国, ISP: CloudFlare Inc., Date: None, Delay: -1 ms, Speed: 0.00 M/s, Resolution: None
Name: 天映经典, URL: https://migu.188766.xyz/?migutoken=3637f4ae3861b554c9b368728cc8b391&id=Celestial2&type=dy, From: subscribe, IPv_Type: ipv6, Location: 美国, ISP: CloudFlare Inc., Date: None, Delay: -1 ms, Speed: 0.00 M/s, Resolution: None
Name: 天映经典, URL: http://php.jdshipin.com/smt.php?id=Celestial2, From: subscribe, IPv_Type: ipv6, Location: 美国, ISP: CloudFlare Inc., Date: None, Delay: -1 ms, Speed: 0.00 M/s, Resolution: None
Name: 天映经典, URL: https://hls-gateway.vpstv.net/streams/709488.m3u8, From: subscribe, IPv_Type: ipv6, Location: 美国, ISP: CloudFlare Inc., Date: None, Delay: -1 ms, Speed: 0.00 M/s, Resolution: None
Name: 天映经典, URL: https://epg.pw/stream/cb817875cf26eb683af274dd8cdf7f559a71353d9565c32447c8d98894bc8095.ctv, From: subscribe, IPv_Type: ipv6, Location: 美国, ISP: CloudFlare Inc., Date: None, Delay: -1 ms, Speed: 0.00 M/s, Resolution: None
Name: 天映经典, URL: http://tl.061833.xyz/tl/null-1, From: subscribe, IPv_Type: ipv6, Location: 美国, ISP: CloudFlare Inc., Date: None, Delay: -1 ms, Speed: 0.00 M/s, Resolution: None
Name: 天映经典, URL: http://frus7.jdiptv.cc/live/xgtyjdgy.m3u8kdstime=1743869071&kdssign=3f092afa312e4f7baae83a964e07bf1a, From: subscribe, IPv_Type: ipv6, Location: 美国, ISP: CloudFlare Inc., Date: None, Delay: -1 ms, Speed: 0.00 M/s, Resolution: None
Name: 天映经典, URL: https://smt.1789.dpdns.org/smt3.2.1.php?id=Celestial2, From: subscribe, IPv_Type: ipv6, Location: 美国, ISP: CloudFlare Inc., Date: None, Delay: -1 ms, Speed: 0.00 M/s, Resolution: None
Name: 天映经典, URL: https://100.061833.xyz/stream/mytv/null-1/stream.m3u8?uid=3291919010&u=rty789&p=29624e2e4c4ccee26ed8f3e0ca1012ea57a8f2191be6149f632250f7036119cc, From: subscribe, IPv_Type: ipv6, Location: 美国, ISP: CloudFlare Inc., Date: None, Delay: -1 ms, Speed: 0.00 M/s, Resolution: None
Name: 天映经典, URL: https://live.catvod.com/live.php?id=Celestial2&token=75648996c752c53e0bed7d6c1a3533696fd3abe25bff5871b4f18b3a1df5b983%3A1760231823%3AMTcyLjIxMi4xNjUuNjc%3D, From: subscribe, IPv_Type: ipv6, Location: 美国, ISP: CloudFlare Inc., Date: None, Delay: -1 ms, Speed: 0.00 M/s, Resolution: None
Name: 天映经典, URL: https://smt.go-iptv.ggff.net/smart.php?id=Celestial2&token=Goiptv, From: subscribe, IPv_Type: ipv6, Location: 美国, ISP: CloudFlare Inc., Date: None, Delay: -1 ms, Speed: 0.00 M/s, Resolution: None
Name: 无线星河, URL: http://php.jdshipin.com:8880/PLTV/iptv.php?id=xinghe, From: local, IPv_Type: ipv6, Location: 美国, ISP: CloudFlare Inc., Date: None, Delay: -1 ms, Speed: 0.00 M/s, Resolution: None
Name: 无线星河, URL: https://cdn6.163189.xyz/163189/tvbxh, From: local, IPv_Type: ipv6, Location: 美国, ISP: CloudFlare Inc., Date: None, Delay: -1 ms, Speed: 0.00 M/s, Resolution: None
Name: 无线星河, URL: http://php.jdshipin.com/smt.php?id=Xinhe, From: local, IPv_Type: ipv6, Location: 美国, ISP: CloudFlare Inc., Date: None, Delay: -1 ms, Speed: 0.00 M/s, Resolution: None
Name: 无线星河, URL: http://php.jdshipin.com:8880/TVOD/iptv.php?id=xinghe, From: local, IPv_Type: ipv6, Location: 美国, ISP: CloudFlare Inc., Date: None, Delay: -1 ms, Speed: 0.00 M/s, Resolution: None
Name: 无线星河, URL: http://php.jdshipin.com/PLTV/iptv.php?id=xinghe, From: local, IPv_Type: ipv6, Location: 美国, ISP: CloudFlare Inc., Date: None, Delay: -1 ms, Speed: 0.00 M/s, Resolution: None
Name: 无线星河, URL: http://php.jdshipin.com:8880/smt.php?id=Xinhe, From: local, IPv_Type: ipv6, Location: 美国, ISP: CloudFlare Inc., Date: None, Delay: -1 ms, Speed: 0.00 M/s, Resolution: None
Name: 无线星河, URL: http://php.jdshipin.com/TVOD/iptv.php?id=xinghe, From: local, IPv_Type: ipv6, Location: 美国, ISP: CloudFlare Inc., Date: None, Delay: -1 ms, Speed: 0.00 M/s, Resolution: None
Name: 无线星河, URL: http://v2h.jdshipin.com/xinghe_1/xinghe_1.stream/chunklist_w106.m3u8, From: subscribe, IPv_Type: ipv6, Location: 美国, ISP: CloudFlare Inc., Date: None, Delay: -1 ms, Speed: 0.00 M/s, Resolution: None
Name: 无线星河, URL: http://tl.061833.xyz/tl/null-7, From: subscribe, IPv_Type: ipv6, Location: 美国, ISP: CloudFlare Inc., Date: None, Delay: -1 ms, Speed: 0.00 M/s, Resolution: None
Name: 星空卫视, URL: https://stream1.freetv.fun/xing-kong-wei-shi-4.ctv, From: subscribe, IPv_Type: ipv6, Location: 美国, ISP: CloudFlare Inc., Date: None, Delay: 0.1 ms, Speed: inf M/s, Resolution: 1920x1080
Name: 东森电影, URL: https://live.catvod.com/live.php?id=ettvmovie&token=1b801c6806c46bb2908b50166c963f2cdf1f7ad291fbe3b0d842872fca8cef4f%3A1765094459%3ANjYuMTAzLjIxMS4xODk%3D, From: local, IPv_Type: ipv6, Location: 美国, ISP: CloudFlare Inc., Date: None, Delay: -1 ms, Speed: 0.00 M/s, Resolution: None
Name: 东森电影, URL: http://mytv.cdn.com.mp/live/dsdy/stream.m3u8, From: subscribe, IPv_Type: ipv6, Location: 美国, ISP: CloudFlare Inc., Date: None, Delay: 0.1 ms, Speed: inf M/s, Resolution: 1920x1080
Name: 东森电影, URL: https://smart.pendy.dpdns.org/Smart.php?id=ettvmovie, From: subscribe, IPv_Type: ipv6, Location: 美国, ISP: CloudFlare Inc., Date: None, Delay: 0.1 ms, Speed: inf M/s, Resolution: 1920x1080
Name: 东森电影, URL: https://stream1.freetv.fun/dong-sen-dian-ying-6.ctv, From: subscribe, IPv_Type: ipv6, Location: 美国, ISP: CloudFlare Inc., Date: None, Delay: 0.1 ms, Speed: inf M/s, Resolution: 1920x1080
Name: 东森电影, URL: https://stream1.freetv.fun/dong-sen-dian-ying-8.ctv, From: subscribe, IPv_Type: ipv6, Location: 美国, ISP: CloudFlare Inc., Date: None, Delay: 0.1 ms, Speed: inf M/s, Resolution: 1920x1080
Name: 东森电影, URL: https://hls-gateway.vpstv.net/streams/476995.m3u8, From: subscribe, IPv_Type: ipv6, Location: 美国, ISP: CloudFlare Inc., Date: None, Delay: -1 ms, Speed: 0.00 M/s, Resolution: None
Name: 东森电影, URL: http://bxtv.3a.ink/api.php?id=dsdy, From: subscribe, IPv_Type: ipv6, Location: 美国, ISP: CloudFlare Inc., Date: None, Delay: -1 ms, Speed: 0.00 M/s, Resolution: None
Name: 东森电影, URL: https://smt.go-iptv.ggff.net/smart.php?id=ettvmovie&token=Goiptv, From: subscribe, IPv_Type: ipv6, Location: 美国, ISP: CloudFlare Inc., Date: None, Delay: -1 ms, Speed: 0.00 M/s, Resolution: None
Name: 东森洋片, URL: https://stream1.freetv.fun/dong-sen-yang-pian-3.m3u8, From: subscribe, IPv_Type: ipv6, Location: 美国, ISP: CloudFlare Inc., Date: None, Delay: -1 ms, Speed: 0.00 M/s, Resolution: None
Name: 东森洋片, URL: http://s1.an94tv.cfd/aktv2/CH-2/AKTV.m3u8, From: subscribe, IPv_Type: ipv6, Location: 美国, ISP: CloudFlare Inc., Date: None, Delay: -1 ms, Speed: 0.00 M/s, Resolution: None
Name: 东森洋片, URL: https://hls-gateway.vpstv.net/streams/476997.m3u8, From: subscribe, IPv_Type: ipv6, Location: 美国, ISP: CloudFlare Inc., Date: None, Delay: -1 ms, Speed: 0.00 M/s, Resolution: None
Name: 东森洋片, URL: http://pullpackage.alivecdn.com/live/kik9tNVo2R9KMDD687bFX3vtLMD4Lwg69y94g8XKH40P1BOa5U.flv, From: subscribe, IPv_Type: ipv6, Location: 美国-加利福尼亚州-洛杉矶, ISP: Level3, Date: None, Delay: -1 ms, Speed: 0.00 M/s, Resolution: None
Name: 东森洋片, URL: https://live.catvod.com/catvod_com.php?id=ettvwestern, From: subscribe, IPv_Type: ipv6, Location: 美国, ISP: CloudFlare Inc., Date: None, Delay: -1 ms, Speed: 0.00 M/s, Resolution: None
Name: 东森洋片, URL: http://live.catvod.com/smart.php?id=ettvwestern, From: subscribe, IPv_Type: ipv6, Location: 美国, ISP: CloudFlare Inc., Date: None, Delay: -1 ms, Speed: 0.00 M/s, Resolution: None
Name: 东森洋片, URL: https://live.catvod.com/live.php?id=ettvwestern&token=db68a5975c00457036c2ee06023e5d93b4c5269f73044bec1cbfb813b47bf10a%3A1760491003%3ANTIuMTUwLjI5Ljk4, From: subscribe, IPv_Type: ipv6, Location: 美国, ISP: CloudFlare Inc., Date: None, Delay: -1 ms, Speed: 0.00 M/s, Resolution: None
Name: 东森洋片, URL: https://smt.go-iptv.ggff.net/smart.php?id=ettvwestern&token=Goiptv, From: subscribe, IPv_Type: ipv6, Location: 美国, ISP: CloudFlare Inc., Date: None, Delay: -1 ms, Speed: 0.00 M/s, Resolution: None
Name: 东森超视, URL: https://live.catvod.com/live.php?id=ettvsuper&token=97a943bf1e8207628a47138ae6f4318106997907deb5bc195b7f8131f6a316b8%3A1765094459%3ANjYuMTAzLjIxMS4xODk%3D, From: local, IPv_Type: ipv6, Location: 美国, ISP: CloudFlare Inc., Date: None, Delay: -1 ms, Speed: 0.00 M/s, Resolution: None
Name: 东森超视, URL: https://smart.pendy.dpdns.org/Smart.php?id=ettvsuper, From: subscribe, IPv_Type: ipv6, Location: 美国, ISP: CloudFlare Inc., Date: None, Delay: 0.1 ms, Speed: inf M/s, Resolution: 1920x1080
Name: 东森超视, URL: https://stream1.freetv.fun/dong-sen-chao-shi-7.ctv, From: subscribe, IPv_Type: ipv6, Location: 美国, ISP: CloudFlare Inc., Date: None, Delay: 0.1 ms, Speed: inf M/s, Resolution: 1920x1080
Name: 东森超视, URL: https://stream1.freetv.fun/dong-sen-chao-shi-8.m3u8, From: subscribe, IPv_Type: ipv6, Location: 美国, ISP: CloudFlare Inc., Date: None, Delay: -1 ms, Speed: 0.00 M/s, Resolution: None
Name: 东森超视, URL: https://stream1.freetv.fun/dong-sen-chao-shi-8.ctv, From: subscribe, IPv_Type: ipv6, Location: 美国, ISP: CloudFlare Inc., Date: None, Delay: 0.1 ms, Speed: inf M/s, Resolution: 1920x1080
Name: 东森超视, URL: https://stream1.freetv.fun/dong-sen-chao-shi-2.ctv, From: subscribe, IPv_Type: ipv6, Location: 美国, ISP: CloudFlare Inc., Date: None, Delay: 0.1 ms, Speed: inf M/s, Resolution: 1920x1080
Name: 东森超视, URL: https://stream1.freetv.fun/dong-sen-chao-shi-6.ctv, From: subscribe, IPv_Type: ipv6, Location: 美国, ISP: CloudFlare Inc., Date: None, Delay: 0.1 ms, Speed: inf M/s, Resolution: 1920x1080
Name: 东森超视, URL: https://hls-gateway.vpstv.net/streams/476234.m3u8, From: subscribe, IPv_Type: ipv6, Location: 美国, ISP: CloudFlare Inc., Date: None, Delay: -1 ms, Speed: 0.00 M/s, Resolution: None
Name: 东森超视, URL: https://smt.go-iptv.ggff.net/smart.php?id=ettvsuper&token=Goiptv, From: subscribe, IPv_Type: ipv6, Location: 美国, ISP: CloudFlare Inc., Date: None, Delay: -1 ms, Speed: 0.00 M/s, Resolution: None
Name: 少儿动画, URL: rtsp://118.212.169.207:554/PLTV/88888888/224/3221227318/10000100000000060000000001945936_0.smil, From: subscribe, IPv_Type: ipv4, Location: 中国-江西, ISP: 联通, Date: None, Delay: 10005 ms, Speed: 0.00 M/s, Resolution: None
Name: 少儿动画, URL: rtsp://115.153.245.70/PLTV/88888888/224/3221227006/86440922.smil, From: subscribe, IPv_Type: ipv4, Location: 中国-江西-宜春, ISP: 电信, Date: None, Delay: 10005 ms, Speed: 0.00 M/s, Resolution: None
Name: 少儿动画, URL: rtsp://115.153.254.81/PLTV/88888888/224/3221227006/86440922.smil, From: subscribe, IPv_Type: ipv4, Location: 中国-江西-宜春, ISP: 电信, Date: None, Delay: 10004 ms, Speed: 0.00 M/s, Resolution: None
Name: 少儿动画, URL: rtsp://115.153.240.228:554/PLTV/88888888/224/3221227006/86440922.smil, From: subscribe, IPv_Type: ipv4, Location: 中国-江西-宜春, ISP: 电信, Date: None, Delay: 10006 ms, Speed: 0.00 M/s, Resolution: None
Name: 少儿动画, URL: rtsp://115.153.212.72/PLTV/88888888/224/3221227006/86440922.smil, From: subscribe, IPv_Type: ipv4, Location: 中国-江西-宜春, ISP: 电信, Date: None, Delay: 10006 ms, Speed: 0.00 M/s, Resolution: None
Name: 少儿动画, URL: rtsp://115.153.247.80/PLTV/88888888/224/3221227006/86440922.smil, From: subscribe, IPv_Type: ipv4, Location: 中国-江西-宜春, ISP: 电信, Date: None, Delay: 10007 ms, Speed: 0.00 M/s, Resolution: None
Name: 少儿动画, URL: rtsp://115.153.230.145/PLTV/88888888/224/3221227006/86440922.smil, From: subscribe, IPv_Type: ipv4, Location: 中国-江西-宜春, ISP: 电信, Date: None, Delay: 10006 ms, Speed: 0.00 M/s, Resolution: None
Name: 少儿动画, URL: rtsp://115.153.222.112:554/PLTV/88888888/224/3221227006/86440922.smil, From: subscribe, IPv_Type: ipv4, Location: 中国-江西-宜春, ISP: 电信, Date: None, Delay: 10004 ms, Speed: 0.00 M/s, Resolution: None
Name: 少儿动画, URL: rtsp://115.153.233.154/PLTV/88888888/224/3221227006/86440922.smil, From: subscribe, IPv_Type: ipv4, Location: 中国-江西-宜春, ISP: 电信, Date: None, Delay: 10004 ms, Speed: 0.00 M/s, Resolution: None
Name: 卡酷动画, URL: http://[2409:8087:1a15:10d1::33]/ottrrs.hl.chinamobile.com/PLTV/88888888/224/3221225654/index.m3u8, From: subscribe, IPv_Type: ipv6, Location: 中国, ISP: 中国移动, Date: None, Delay: -1 ms, Speed: 0.00 M/s, Resolution: None
Name: 卡酷动画, URL: http://[2409:8087:5e08:25::16]:6610/200000001898/460000089800010081/1.m3u8, From: subscribe, IPv_Type: ipv6, Location: 中国, ISP: 中国移动, Date: None, Delay: -1 ms, Speed: 0.00 M/s, Resolution: None
Name: 卡酷动画, URL: https://migu.188766.xyz/?migutoken=1023983db6b5249e61d4950c1654cd84&id=%E5%8C%97%E4%BA%AC%E5%8D%A1%E9%85%B7%E5%B0%91%E5%84%BF&type=yy, From: subscribe, IPv_Type: ipv6, Location: 美国, ISP: CloudFlare Inc., Date: None, Delay: -1 ms, Speed: 0.00 M/s, Resolution: None
Name: 卡酷动画, URL: https://cc06.tv12.xyz/29.m3u8, From: subscribe, IPv_Type: ipv6, Location: 美国, ISP: CloudFlare Inc., Date: None, Delay: -1 ms, Speed: 0.00 M/s, Resolution: None
Name: 动漫秀场, URL: http://php.jdshipin.com/itv6.php?cid=bestzb&id=5000000011000031113, From: subscribe, IPv_Type: ipv6, Location: 美国, ISP: CloudFlare Inc., Date: None, Delay: 0.1 ms, Speed: inf M/s, Resolution: 1920x1080
Name: 动漫秀场, URL: http://[2409:8087:74d9:21::6]/000000001000PLTV/88888888/224/3221226197/index.m3u8, From: subscribe, IPv_Type: ipv6, Location: 中国, ISP: 中国移动, Date: None, Delay: 0.1 ms, Speed: inf M/s, Resolution: 1920x1080
Name: 动漫秀场, URL: https://stream1.freetv.fun/ipv6-dong-man-xiu-chang-11.m3u8, From: subscribe, IPv_Type: ipv6, Location: 美国, ISP: CloudFlare Inc., Date: None, Delay: -1 ms, Speed: 0.00 M/s, Resolution: None
Name: 动漫秀场, URL: https://stream1.freetv.fun/dong-man-xiu-chang-9.ctv, From: subscribe, IPv_Type: ipv6, Location: 美国, ISP: CloudFlare Inc., Date: None, Delay: 0.1 ms, Speed: inf M/s, Resolution: 1920x1080
Name: 动漫秀场, URL: https://stream1.freetv.fun/dong-man-xiu-chang-2.m3u8, From: subscribe, IPv_Type: ipv6, Location: 美国, ISP: CloudFlare Inc., Date: None, Delay: 0.1 ms, Speed: inf M/s, Resolution: 1920x1080
Name: 动漫秀场, URL: https://live.v1.mk/api/bestv.php?id=dmxc8m/8000000, From: subscribe, IPv_Type: ipv6, Location: 美国, ISP: CloudFlare Inc., Date: None, Delay: 0.1 ms, Speed: inf M/s, Resolution: 1920x1080
Name: 动漫秀场, URL: https://stream1.freetv.fun/dong-man-xiu-chang-12.ctv, From: subscribe, IPv_Type: ipv6, Location: 美国, ISP: CloudFlare Inc., Date: None, Delay: 0.1 ms, Speed: inf M/s, Resolution: 1920x1080
Name: 动漫秀场, URL: https://stream1.freetv.fun/dong-man-xiu-chang-7.m3u8, From: subscribe, IPv_Type: ipv6, Location: 美国, ISP: CloudFlare Inc., Date: None, Delay: 0.1 ms, Speed: inf M/s, Resolution: 1920x1080
Name: 动漫秀场, URL: http://iptv.cdn.ha.chinamobile.com/PLTV/88888888/224/3221226608/index.m3u8, From: subscribe, IPv_Type: ipv6, Location: 中国, ISP: 中国移动, Date: None, Delay: 0.1 ms, Speed: inf M/s, Resolution: 1920x1080
Name: 动漫秀场, URL: https://stream1.freetv.fun/dong-man-xiu-chang-5.m3u8, From: subscribe, IPv_Type: ipv6, Location: 美国, ISP: CloudFlare Inc., Date: None, Delay: 0.1 ms, Speed: inf M/s, Resolution: 1920x1080
Name: 动漫秀场, URL: https://stream1.freetv.fun/dong-man-xiu-chang-25.ctv, From: subscribe, IPv_Type: ipv6, Location: 美国, ISP: CloudFlare Inc., Date: None, Delay: 0.1 ms, Speed: inf M/s, Resolution: 1920x1080
Name: 动漫秀场, URL: https://stream1.freetv.fun/dong-man-xiu-chang-6.m3u8, From: subscribe, IPv_Type: ipv6, Location: 美国, ISP: CloudFlare Inc., Date: None, Delay: 0.1 ms, Speed: inf M/s, Resolution: 1920x1080
Name: 动漫秀场, URL: https://stream1.freetv.fun/dong-man-xiu-chang-4.m3u8, From: subscribe, IPv_Type: ipv6, Location: 美国, ISP: CloudFlare Inc., Date: None, Delay: 0.1 ms, Speed: inf M/s, Resolution: 1920x1080
Name: 动漫秀场, URL: https://stream1.freetv.fun/dong-man-xiu-chang-4.ctv, From: subscribe, IPv_Type: ipv6, Location: 美国, ISP: CloudFlare Inc., Date: None, Delay: 0.1 ms, Speed: inf M/s, Resolution: 1920x1080
Name: 动漫秀场, URL: https://stream1.freetv.fun/dong-man-xiu-chang-1.ctv, From: subscribe, IPv_Type: ipv6, Location: 美国, ISP: CloudFlare Inc., Date: None, Delay: 0.1 ms, Speed: inf M/s, Resolution: 1920x1080
Name: 动漫秀场, URL: https://stream1.freetv.fun/dong-man-xiu-chang-19.ctv, From: subscribe, IPv_Type: ipv6, Location: 美国, ISP: CloudFlare Inc., Date: None, Delay: 0.1 ms, Speed: inf M/s, Resolution: 1920x1080
Name: 动漫秀场, URL: https://hls-gateway.vpstv.net/streams/708843.m3u8, From: subscribe, IPv_Type: ipv6, Location: 美国, ISP: CloudFlare Inc., Date: None, Delay: -1 ms, Speed: 0.00 M/s, Resolution: None
Name: 新动漫, URL: http://dassby.qqff.top:99/live/新动漫/index.m3u8, From: subscribe, IPv_Type: ipv4, Location: 中国-辽宁-鞍山, ISP: 联通, Date: None, Delay: 10275 ms, Speed: 0.10 M/s, Resolution: 1920x1080
Name: 新动漫, URL: rtsp://115.153.245.70/PLTV/88888888/224/3221226973/86129004.smil, From: subscribe, IPv_Type: ipv4, Location: 中国-江西-宜春, ISP: 电信, Date: None, Delay: 10004 ms, Speed: 0.00 M/s, Resolution: None
Name: 新动漫, URL: rtsp://115.153.254.81/PLTV/88888888/224/3221226973/86129004.smil, From: subscribe, IPv_Type: ipv4, Location: 中国-江西-宜春, ISP: 电信, Date: None, Delay: 10005 ms, Speed: 0.00 M/s, Resolution: None
Name: 新动漫, URL: rtsp://115.153.240.228:554/PLTV/88888888/224/3221226973/86129004.smil, From: subscribe, IPv_Type: ipv4, Location: 中国-江西-宜春, ISP: 电信, Date: None, Delay: 10007 ms, Speed: 0.00 M/s, Resolution: None
Name: 新动漫, URL: rtsp://115.153.212.72/PLTV/88888888/224/3221226973/86129004.smil, From: subscribe, IPv_Type: ipv4, Location: 中国-江西-宜春, ISP: 电信, Date: None, Delay: 10005 ms, Speed: 0.00 M/s, Resolution: None
Name: 新动漫, URL: rtsp://115.153.230.145/PLTV/88888888/224/3221226973/86129004.smil, From: subscribe, IPv_Type: ipv4, Location: 中国-江西-宜春, ISP: 电信, Date: None, Delay: 10006 ms, Speed: 0.00 M/s, Resolution: None
Name: 新动漫, URL: rtsp://115.153.247.80/PLTV/88888888/224/3221226973/86129004.smil, From: subscribe, IPv_Type: ipv4, Location: 中国-江西-宜春, ISP: 电信, Date: None, Delay: 10005 ms, Speed: 0.00 M/s, Resolution: None
Name: 新动漫, URL: rtsp://115.153.222.112:554/PLTV/88888888/224/3221226973/86129004.smil, From: subscribe, IPv_Type: ipv4, Location: 中国-江西-宜春, ISP: 电信, Date: None, Delay: 10004 ms, Speed: 0.00 M/s, Resolution: None
Name: 新动漫, URL: rtsp://115.153.233.154/PLTV/88888888/224/3221226973/86129004.smil, From: subscribe, IPv_Type: ipv4, Location: 中国-江西-宜春, ISP: 电信, Date: None, Delay: 10005 ms, Speed: 0.00 M/s, Resolution: None
Name: 青春动漫, URL: http://[2409:8087:5e00:24::2d]:6610/000000001000/1/5000000011000288008/index.m3u8?channel-id=bestzb&Contentid=5000000011000288008&livemode=1&stbId=YanG-1989, From: subscribe, IPv_Type: ipv6, Location: 中国, ISP: 中国移动, Date: None, Delay: 0.1 ms, Speed: inf M/s, Resolution: 1920x1080
Name: 青春动漫, URL: https://live.v1.mk/api/bestv.php?id=qcdm8m/8000000, From: subscribe, IPv_Type: ipv6, Location: 美国, ISP: CloudFlare Inc., Date: None, Delay: 0.1 ms, Speed: inf M/s, Resolution: 1920x1080
Name: 爱动漫, URL: http://php.jdshipin.com:8880/itv6s.php?cid=wasusyt&id=6000000006000280630, From: subscribe, IPv_Type: ipv6, Location: 美国, ISP: CloudFlare Inc., Date: None, Delay: 0.1 ms, Speed: inf M/s, Resolution: 1920x1080
Name: 爱动漫, URL: http://[2409:8087:5e08:24::17]:6610/000000001000/2000000004000000059/index.m3u8, From: subscribe, IPv_Type: ipv6, Location: 中国, ISP: 中国移动, Date: None, Delay: 0.1 ms, Speed: inf M/s, Resolution: 1920x1080
Name: 爱动漫, URL: http://[2409:8087:5e08:24::11]:6610/000000001000/2000000004000000059/index.m3u8, From: subscribe, IPv_Type: ipv6, Location: 中国, ISP: 中国移动, Date: None, Delay: 0.1 ms, Speed: inf M/s, Resolution: 1920x1080
Name: 爱动漫, URL: http://[2409:8087:5e08:24::12]:6610/000000001000/2000000004000000000/index.m3u8, From: subscribe, IPv_Type: ipv6, Location: 中国, ISP: 中国移动, Date: None, Delay: 0.1 ms, Speed: inf M/s, Resolution: 1920x1080
Name: 宝宝动画, URL: http://[2409:8087:5e00:24::2d]:6610/000000001000/1/5000000011000288002/index.m3u8?channel-id=bestzb&Contentid=5000000011000288002&livemode=1&stbId=YanG-1989, From: subscribe, IPv_Type: ipv6, Location: 中国, ISP: 中国移动, Date: None, Delay: 0.1 ms, Speed: inf M/s, Resolution: 1920x1080
Name: CN卡通, URL: https://stream1.freetv.fun/cnqia-tong-1.ctv, From: subscribe, IPv_Type: ipv6, Location: 美国, ISP: CloudFlare Inc., Date: None, Delay: 0.1 ms, Speed: inf M/s, Resolution: 1920x1080
Name: CN卡通, URL: https://stream1.freetv.fun/cnqia-tong-3.ctv, From: subscribe, IPv_Type: ipv6, Location: 美国, ISP: CloudFlare Inc., Date: None, Delay: 0.1 ms, Speed: inf M/s, Resolution: 1920x1080
Name: CN卡通, URL: https://hls-gateway.vpstv.net/streams/476247.m3u8, From: subscribe, IPv_Type: ipv6, Location: 美国, ISP: CloudFlare Inc., Date: None, Delay: -1 ms, Speed: 0.00 M/s, Resolution: None
Name: 优漫卡通, URL: http://php.jdshipin.com/TVOD/hnyd.php?id=200000001898/460000089800010118, From: subscribe, IPv_Type: ipv6, Location: 美国, ISP: CloudFlare Inc., Date: None, Delay: 0.1 ms, Speed: inf M/s, Resolution: 1920x1080
Name: 优漫卡通, URL: http://z.b.bkpcp.top/m.php?id=ymkt, From: subscribe, IPv_Type: ipv6, Location: 美国, ISP: CloudFlare Inc., Date: None, Delay: 0.1 ms, Speed: inf M/s, Resolution: 1920x1080
Name: 优漫卡通, URL: http://[2409:8087:1a01:df::7005]/ottrrs.hl.chinamobile.com/PLTV/2/224/3221225656/2.m3u8, From: subscribe, IPv_Type: ipv6, Location: 中国, ISP: 中国移动, Date: None, Delay: 0.1 ms, Speed: inf M/s, Resolution: 1920x1080
Name: 优漫卡通, URL: https://live.lalifeier.eu.org/jstv/ymkt.m3u8?t=1745796321&key=a52fbb40a8c25dfa0feef5a1b4b5910d, From: subscribe, IPv_Type: ipv6, Location: 美国, ISP: CloudFlare Inc., Date: None, Delay: 0.1 ms, Speed: inf M/s, Resolution: 1920x1080
Name: 优漫卡通, URL: https://live.lalifeier.eu.org/jstv/ymkt.m3u8?t=1746307365&key=c18c5077358ab692ad43005bbc7b32bd, From: subscribe, IPv_Type: ipv6, Location: 美国, ISP: CloudFlare Inc., Date: None, Delay: 0.1 ms, Speed: inf M/s, Resolution: 1920x1080
Name: 优漫卡通, URL: https://www.freetv.top/migu/626064703.m3u8?migutoken=deac6c5275081b54ad412a195e499b7c0cb8f04446b6c80aaa9d3eb1063d620261c68202d59aea05060007b58a62d5d208f16379d861d6f1627c10c9dd894f0bf7e3ca97b04696255e193e871c, From: subscribe, IPv_Type: ipv6, Location: 美国-加利福尼亚州-圣克拉拉, ISP: DigitalOcean, Date: None, Delay: 0.1 ms, Speed: inf M/s, Resolution: 1920x1080
Name: 优漫卡通, URL: https://www.freetv.top/migu/626064703.m3u8?migutoken=7f7c4b909389a0cd5172701768041a0f3887534c4534a68bf1dc85550389e9ab156655484be16e89604513fde9da2f036ebae28d31515b0be32eb12462f5de9d9cab8f00c44671241d5c6e1356, From: subscribe, IPv_Type: ipv6, Location: 美国-加利福尼亚州-圣克拉拉, ISP: DigitalOcean, Date: None, Delay: 0.1 ms, Speed: inf M/s, Resolution: 1920x1080
Name: 优漫卡通, URL: https://stream1.freetv.fun/you-man-qia-tong-11.m3u8, From: subscribe, IPv_Type: ipv6, Location: 美国, ISP: CloudFlare Inc., Date: None, Delay: 0.1 ms, Speed: inf M/s, Resolution: 1920x1080
Name: 优漫卡通, URL: http://[2409:8087:8:21::18]:6610/otttv.bj.chinamobile.com/PLTV/88888888/224/3221226932/1.m3u8, From: subscribe, IPv_Type: ipv6, Location: 中国, ISP: 中国移动, Date: None, Delay: 0.1 ms, Speed: inf M/s, Resolution: 1920x1080
Name: 优漫卡通, URL: http://iptv.cdn.ha.chinamobile.com/PLTV/88888888/224/3221226406/index.m3u8, From: subscribe, IPv_Type: ipv6, Location: 中国, ISP: 中国移动, Date: None, Delay: 0.1 ms, Speed: inf M/s, Resolution: 1920x1080
Name: 优漫卡通, URL: http://goo.bkpcp.top/mg/ymkt, From: subscribe, IPv_Type: ipv6, Location: 美国, ISP: CloudFlare Inc., Date: None, Delay: 0.1 ms, Speed: inf M/s, Resolution: 1920x1080
Name: 优漫卡通, URL: http://[2409:8087:1a0b:df::4005]:80/ottrrs.hl.chinamobile.com/PLTV/88888888/224/3221225656/index.m3u8, From: subscribe, IPv_Type: ipv6, Location: 中国, ISP: 中国移动, Date: None, Delay: 0.1 ms, Speed: inf M/s, Resolution: 1920x1080
Name: 优漫卡通, URL: http://[2409:8087:8:21::18]:6610/otttv.bj.chinamobile.com/PLTV/88888888/224/3221226329/1.m3u8, From: subscribe, IPv_Type: ipv6, Location: 中国, ISP: 中国移动, Date: None, Delay: -1 ms, Speed: 0.00 M/s, Resolution: None
Name: 优漫卡通, URL: http://[2409:8087:5e08:25::16]:6610/200000001898/460000089800010118/1.m3u8, From: subscribe, IPv_Type: ipv6, Location: 中国, ISP: 中国移动, Date: None, Delay: -1 ms, Speed: 0.00 M/s, Resolution: None
Name: 优漫卡通, URL: https://migu.188766.xyz/?migutoken=7ae869d8b56d862ddd9a90cbb79ae202&id=%E4%BC%98%E6%BC%AB%E5%8D%A1%E9%80%9A%E9%A2%91%E9%81%93&type=yy, From: subscribe, IPv_Type: ipv6, Location: 美国, ISP: CloudFlare Inc., Date: None, Delay: -1 ms, Speed: 0.00 M/s, Resolution: None
Name: 优漫卡通, URL: http://gslbmgsplive.miguvideo.com/wd_r2/jstv/ymkt/600/index.m3u8?msisdn=2025100608010158acfa92bd294f70a558a741bb5041e6&mdspid=&spid=699067&netType=0&sid=5500260553&pid=2028597139&timestamp=20251006080101&Channel_ID=0116_2600000900-99000-201600010010027&ProgramID=626064703&ParentNodeID=-99&assertID=5500260553&client_ip=106.13.250.90&SecurityKey=20251006080101&promotionId=&mvid=5100186455&mcid=500020&playurlVersion=WX-A1-8.9.2-RELEASE&userid=&jmhm=&videocodec=h264&bean=mgspad&tid=android&conFee=0&puData=ffc03abf669836237c845039e27e9c50&ddCalcu=0f5fecc0906e307a2bef963609584386c273, From: subscribe, IPv_Type: ipv6, Location: 中国, ISP: 中国移动, Date: None, Delay: -1 ms, Speed: 0.00 M/s, Resolution: None
Name: 优漫卡通, URL: https://migu.188766.xyz/?migutoken=5aa466346edd56ecd372e1ac6da3df15&id=%E4%BC%98%E6%BC%AB%E5%8D%A1%E9%80%9A%E9%A2%91%E9%81%93&type=yy, From: subscribe, IPv_Type: ipv6, Location: 美国, ISP: CloudFlare Inc., Date: None, Delay: -1 ms, Speed: 0.00 M/s, Resolution: None
Name: 金鹰卡通, URL: http://[2409:8087:1a01:df::7005]/ottrrs.hl.chinamobile.com/PLTV/2/224/3221225653/2.m3u8, From: subscribe, IPv_Type: ipv6, Location: 中国, ISP: 中国移动, Date: None, Delay: 0.1 ms, Speed: inf M/s, Resolution: 1920x1080
Name: 金鹰卡通, URL: http://nas.suntao.online:35455/bptv/10000100000000050000000004796942.m3u8, From: subscribe, IPv_Type: ipv6, Location: 中国, ISP: 中国联通, Date: None, Delay: 0.1 ms, Speed: inf M/s, Resolution: 1920x1080
Name: 金鹰卡通, URL: http://dsj.motem.top:8880/bptv/10000100000000050000000004796942.m3u8, From: subscribe, IPv_Type: ipv6, Location: 美国, ISP: CloudFlare Inc., Date: None, Delay: 0.1 ms, Speed: inf M/s, Resolution: 1920x1080
Name: 金鹰卡通, URL: https://stream1.freetv.fun/jin-ying-qia-tong-9.ctv, From: subscribe, IPv_Type: ipv6, Location: 美国, ISP: CloudFlare Inc., Date: None, Delay: 0.1 ms, Speed: inf M/s, Resolution: 1920x1080
Name: 金鹰卡通, URL: https://stream1.freetv.fun/jin-ying-qia-tong-39.m3u8, From: subscribe, IPv_Type: ipv6, Location: 美国, ISP: CloudFlare Inc., Date: None, Delay: 0.1 ms, Speed: inf M/s, Resolution: 1920x1080
Name: 金鹰卡通, URL: https://stream1.freetv.fun/jin-ying-qia-tong-10.m3u8, From: subscribe, IPv_Type: ipv6, Location: 美国, ISP: CloudFlare Inc., Date: None, Delay: 0.1 ms, Speed: inf M/s, Resolution: 1920x1080
Name: 金鹰卡通, URL: https://stream1.freetv.fun/jin-ying-qia-tong-41.ctv, From: subscribe, IPv_Type: ipv6, Location: 美国, ISP: CloudFlare Inc., Date: None, Delay: 0.1 ms, Speed: inf M/s, Resolution: 1920x1080
Name: 金鹰卡通, URL: https://stream1.freetv.fun/jin-ying-qia-tong-21.m3u8, From: subscribe, IPv_Type: ipv6, Location: 美国, ISP: CloudFlare Inc., Date: None, Delay: 0.1 ms, Speed: inf M/s, Resolution: 1920x1080
Name: 金鹰卡通, URL: https://stream1.freetv.fun/ipv6-jin-ying-qia-tong-13.m3u8, From: subscribe, IPv_Type: ipv6, Location: 美国, ISP: CloudFlare Inc., Date: None, Delay: 0.1 ms, Speed: inf M/s, Resolution: 1920x1080
Name: 金鹰卡通, URL: https://stream1.freetv.fun/jin-ying-qia-tong-13.ctv, From: subscribe, IPv_Type: ipv6, Location: 美国, ISP: CloudFlare Inc., Date: None, Delay: 0.1 ms, Speed: inf M/s, Resolution: 1920x1080
Name: 金鹰卡通, URL: https://stream1.freetv.fun/jin-ying-qia-tong-45.m3u8, From: subscribe, IPv_Type: ipv6, Location: 美国, ISP: CloudFlare Inc., Date: None, Delay: 0.1 ms, Speed: inf M/s, Resolution: 1920x1080
Name: 金鹰卡通, URL: https://stream1.freetv.fun/jin-ying-qia-tong-42.m3u8, From: subscribe, IPv_Type: ipv6, Location: 美国, ISP: CloudFlare Inc., Date: None, Delay: 0.1 ms, Speed: inf M/s, Resolution: 1920x1080
Name: 金鹰卡通, URL: https://stream1.freetv.fun/jin-ying-qia-tong-40.ctv, From: subscribe, IPv_Type: ipv6, Location: 美国, ISP: CloudFlare Inc., Date: None, Delay: 0.1 ms, Speed: inf M/s, Resolution: 1920x1080
Name: 金鹰卡通, URL: http://[2409:8087:8:21::18]:6610/otttv.bj.chinamobile.com/PLTV/88888888/224/3221226576/1.m3u8, From: subscribe, IPv_Type: ipv6, Location: 中国, ISP: 中国移动, Date: None, Delay: 0.1 ms, Speed: inf M/s, Resolution: 1920x1080
Name: 金鹰卡通, URL: http://iptv.cdn.ha.chinamobile.com/PLTV/88888888/224/3221226624/index.m3u8, From: subscribe, IPv_Type: ipv6, Location: 中国, ISP: 中国移动, Date: None, Delay: 0.1 ms, Speed: inf M/s, Resolution: 1920x1080
Name: 金鹰卡通, URL: https://stream1.freetv.fun/jin-ying-qia-tong-5.m3u8, From: subscribe, IPv_Type: ipv6, Location: 美国, ISP: CloudFlare Inc., Date: None, Delay: 0.1 ms, Speed: inf M/s, Resolution: 1920x1080
Name: 金鹰卡通, URL: https://stream1.freetv.fun/jin-ying-qia-tong-43.m3u8, From: subscribe, IPv_Type: ipv6, Location: 美国, ISP: CloudFlare Inc., Date: None, Delay: 0.1 ms, Speed: inf M/s, Resolution: 1920x1080
Name: 金鹰卡通, URL: https://stream1.freetv.fun/jin-ying-qia-tong-17.m3u8, From: subscribe, IPv_Type: ipv6, Location: 美国, ISP: CloudFlare Inc., Date: None, Delay: 0.1 ms, Speed: inf M/s, Resolution: 1920x1080
Name: 金鹰卡通, URL: https://stream1.freetv.fun/jin-ying-qia-tong-14.ctv, From: subscribe, IPv_Type: ipv6, Location: 美国, ISP: CloudFlare Inc., Date: None, Delay: 0.1 ms, Speed: inf M/s, Resolution: 1920x1080
Name: 金鹰卡通, URL: https://stream1.freetv.fun/jin-ying-qia-tong-11.m3u8, From: subscribe, IPv_Type: ipv6, Location: 美国, ISP: CloudFlare Inc., Date: None, Delay: 0.1 ms, Speed: inf M/s, Resolution: 1920x1080
Name: 金鹰卡通, URL: https://stream1.freetv.fun/jin-ying-qia-tong-33.m3u8, From: subscribe, IPv_Type: ipv6, Location: 美国, ISP: CloudFlare Inc., Date: None, Delay: 0.1 ms, Speed: inf M/s, Resolution: 1920x1080
Name: 金鹰卡通, URL: https://stream1.freetv.fun/jin-ying-qia-tong-4.m3u8, From: subscribe, IPv_Type: ipv6, Location: 美国, ISP: CloudFlare Inc., Date: None, Delay: 0.1 ms, Speed: inf M/s, Resolution: 1920x1080
Name: 金鹰卡通, URL: https://stream1.freetv.fun/ipv6-jin-ying-qia-tong-6.m3u8, From: subscribe, IPv_Type: ipv6, Location: 美国, ISP: CloudFlare Inc., Date: None, Delay: 0.1 ms, Speed: inf M/s, Resolution: 1920x1080
Name: 金鹰卡通, URL: https://stream1.freetv.fun/ipv6-jin-ying-qia-tong-44.m3u8, From: subscribe, IPv_Type: ipv6, Location: 美国, ISP: CloudFlare Inc., Date: None, Delay: 0.1 ms, Speed: inf M/s, Resolution: 1920x1080
Name: 金鹰卡通, URL: https://stream1.freetv.fun/jin-ying-qia-tong-37.m3u8, From: subscribe, IPv_Type: ipv6, Location: 美国, ISP: CloudFlare Inc., Date: None, Delay: 0.1 ms, Speed: inf M/s, Resolution: 1920x1080
Name: 金鹰卡通, URL: https://stream1.freetv.fun/jin-ying-qia-tong-26.m3u8, From: subscribe, IPv_Type: ipv6, Location: 美国, ISP: CloudFlare Inc., Date: None, Delay: 0.1 ms, Speed: inf M/s, Resolution: 1920x1080
Name: 金鹰卡通, URL: https://stream1.freetv.fun/jin-ying-qia-tong-27.m3u8, From: subscribe, IPv_Type: ipv6, Location: 美国, ISP: CloudFlare Inc., Date: None, Delay: 0.1 ms, Speed: inf M/s, Resolution: 1920x1080
Name: 金鹰卡通, URL: https://stream1.freetv.fun/jin-ying-qia-tong-gao-qing-2.ctv, From: subscribe, IPv_Type: ipv6, Location: 美国, ISP: CloudFlare Inc., Date: None, Delay: 0.1 ms, Speed: inf M/s, Resolution: 1920x1080
Name: 金鹰卡通, URL: http://dbiptv.sn.chinamobile.com/PLTV/88888890/224/3221225744/index.m3u8, From: subscribe, IPv_Type: ipv6, Location: 中国, ISP: 中国移动, Date: None, Delay: 0.1 ms, Speed: inf M/s, Resolution: 1920x1080
Name: 金鹰卡通, URL: https://stream1.freetv.fun/jin-ying-qia-tong-46.m3u8, From: subscribe, IPv_Type: ipv6, Location: 美国, ISP: CloudFlare Inc., Date: None, Delay: 0.1 ms, Speed: inf M/s, Resolution: 1920x1080
Name: 金鹰卡通, URL: https://stream1.freetv.fun/jin-ying-qia-tong-20.m3u8, From: subscribe, IPv_Type: ipv6, Location: 美国, ISP: CloudFlare Inc., Date: None, Delay: 0.1 ms, Speed: inf M/s, Resolution: 1920x1080
Name: 金鹰卡通, URL: http://[2409:8087:1a0b:df::4008]:80/ottrrs.hl.chinamobile.com/PLTV/88888888/224/3221225653/index.m3u8, From: subscribe, IPv_Type: ipv6, Location: 中国, ISP: 中国移动, Date: None, Delay: 0.1 ms, Speed: inf M/s, Resolution: 1920x1080
Name: 金鹰卡通, URL: http://rrs01.hw.gmcc.net:8088/PLTV/81/224/3221226674/1.m3u8, From: subscribe, IPv_Type: ipv6, Location: 中国, ISP: 中国移动, Date: None, Delay: -1 ms, Speed: 0.00 M/s, Resolution: None
Name: 金鹰卡通, URL: http://[2409:8087:5e08:25::16]:6610/200000001898/460000089800010107/1.m3u8, From: subscribe, IPv_Type: ipv6, Location: 中国, ISP: 中国移动, Date: None, Delay: -1 ms, Speed: 0.00 M/s, Resolution: None
Name: 金鹰卡通, URL: https://cc06.tv12.xyz/55.m3u8, From: subscribe, IPv_Type: ipv6, Location: 美国, ISP: CloudFlare Inc., Date: None, Delay: -1 ms, Speed: 0.00 M/s, Resolution: None
Name: 黑莓动画, URL: http://php.jdshipin.com/TVOD/hnyd.php?id=200000001898/460000089800010002, From: subscribe, IPv_Type: ipv6, Location: 美国, ISP: CloudFlare Inc., Date: None, Delay: 0.1 ms, Speed: inf M/s, Resolution: 1920x1080
Name: 黑莓动画, URL: http://otttv.bj.chinamobile.com/PLTV/88888888/224/3221226935/1.m3u8?GuardEncType=2&accountinfo=%7E%7EV2.0%7EUc618y1E09GbQwwuOzEKaQ%7EtP4-l0lmSfjwLWEfK_el1vH_mv-s1zo4AQJwdedaVwG9xkuFTDg8J26cwOrNJzn20BErrHdLhuZ9EzLUCD3PMW-OMx4MGteHV2vLeW6BqoY%2CEND, From: subscribe, IPv_Type: ipv6, Location: 中国, ISP: 中国移动, Date: None, Delay: 0.1 ms, Speed: inf M/s, Resolution: 1920x1080
Name: 黑莓动画, URL: http://[2409:8087:8:21::18]:6610/otttv.bj.chinamobile.com/PLTV/88888888/224/3221226935/1.m3u8, From: subscribe, IPv_Type: ipv6, Location: 中国, ISP: 中国移动, Date: None, Delay: 0.1 ms, Speed: inf M/s, Resolution: 1920x1080
Name: 黑莓动画, URL: http://[2409:8087:1a01:df::4007]:80/TVOD/88888888/224/3221225529/main.m3u8, From: subscribe, IPv_Type: ipv6, Location: 中国, ISP: 中国移动, Date: None, Delay: 0.1 ms, Speed: inf M/s, Resolution: 1920x1080
Name: 黑莓动画, URL: http://ottrrs.hl.chinamobile.com/TVOD/88888888/224/3221225662/index.m3u8, From: subscribe, IPv_Type: ipv6, Location: 中国, ISP: 中国移动, Date: None, Delay: 0.1 ms, Speed: inf M/s, Resolution: 1920x1080
Name: 黑莓动画, URL: http://[2409:8087:1a0b:df::4006]:80/ottrrs.hl.chinamobile.com/PLTV/88888888/224/3221225662/index.m3u8, From: subscribe, IPv_Type: ipv6, Location: 中国, ISP: 中国移动, Date: None, Delay: 0.1 ms, Speed: inf M/s, Resolution: 1920x1080
Name: 黑莓动画, URL: http://[2409:8087:5e00:24::1e]:6060/200000001898/460000089800010002/1.m3u8, From: subscribe, IPv_Type: ipv6, Location: 中国, ISP: 中国移动, Date: None, Delay: -1 ms, Speed: 0.00 M/s, Resolution: None
Name: 黑莓动画, URL: http://[2409:8087:5e08:25::16]:6610/200000001898/460000089800010002/1.m3u8, From: subscribe, IPv_Type: ipv6, Location: 中国, ISP: 中国移动, Date: None, Delay: -1 ms, Speed: 0.00 M/s, Resolution: None
Name: 炫动卡通, URL: http://php.jdshipin.com/TVOD/hnyd.php?id=200000001898/460000089800010117, From: subscribe, IPv_Type: ipv6, Location: 美国, ISP: CloudFlare Inc., Date: None, Delay: -1 ms, Speed: 0.00 M/s, Resolution: None
Name: 炫动卡通, URL: http://[2409:8087:8:21::18]:6610/otttv.bj.chinamobile.com/PLTV/88888888/224/3221226931/1.m3u8, From: subscribe, IPv_Type: ipv6, Location: 中国, ISP: 中国移动, Date: None, Delay: -1 ms, Speed: 0.00 M/s, Resolution: None
Name: 炫动卡通, URL: https://stream1.freetv.fun/ipv6-ha-ha-xuan-dong-10.m3u8, From: subscribe, IPv_Type: ipv6, Location: 美国, ISP: CloudFlare Inc., Date: None, Delay: -1 ms, Speed: 0.00 M/s, Resolution: None
Name: 炫动卡通, URL: http://[2409:8087:1a15:10d1::39]/ottrrs.hl.chinamobile.com/PLTV/88888888/224/3221225657/index.m3u8, From: subscribe, IPv_Type: ipv6, Location: 中国, ISP: 中国移动, Date: None, Delay: -1 ms, Speed: 0.00 M/s, Resolution: None
Name: 炫动卡通, URL: http://[2409:8087:5e08:25::16]:6610/200000001898/460000089800010117/1.m3u8, From: subscribe, IPv_Type: ipv6, Location: 中国, ISP: 中国移动, Date: None, Delay: -1 ms, Speed: 0.00 M/s, Resolution: None
Name: 浙江少儿, URL: https://qiniup-m-l.cztv.com/channels/lantian/channel008/1080p.m3u8, From: subscribe, IPv_Type: ipv6, Location: 中国-广东-佛山, ISP: 电信, Date: None, Delay: 0.1 ms, Speed: inf M/s, Resolution: 1920x1080
Name: 浙江少儿, URL: https://ct-m-l.cztv.com/channels/lantian/channel008/1080p.m3u8, From: subscribe, IPv_Type: ipv6, Location: 中国-广东-广州, ISP: 电信, Date: None, Delay: 0.1 ms, Speed: inf M/s, Resolution: 1920x1080
Name: 浙江少儿, URL: http://ali-m-l.cztv.com/channels/lantian/channel008/1080p.m3u8, From: subscribe, IPv_Type: ipv6, Location: 中国-广西-防城港, ISP: 电信, Date: None, Delay: 0.1 ms, Speed: inf M/s, Resolution: 1920x1080
Name: 浙江少儿, URL: http://ali-vl.cztv.com/channels/lantian/channel008/360p.m3u8, From: subscribe, IPv_Type: ipv6, Location: 中国, ISP: 中国电信, Date: None, Delay: 0.1 ms, Speed: inf M/s, Resolution: 1920x1080
Name: 浙江少儿, URL: https://stream1.freetv.fun/zhe-jiang-shao-er-4.ctv, From: subscribe, IPv_Type: ipv6, Location: 美国, ISP: CloudFlare Inc., Date: None, Delay: 0.1 ms, Speed: inf M/s, Resolution: 1920x1080
Name: 浙江少儿, URL: https://stream1.freetv.fun/zhe-jiang-shao-er-4.m3u8, From: subscribe, IPv_Type: ipv6, Location: 美国, ISP: CloudFlare Inc., Date: None, Delay: -1 ms, Speed: 0.00 M/s, Resolution: None
Name: 浙江少儿, URL: https://stream1.freetv.fun/zhe-jiang-shao-er-6.ctv, From: subscribe, IPv_Type: ipv6, Location: 美国, ISP: CloudFlare Inc., Date: None, Delay: 0.1 ms, Speed: inf M/s, Resolution: 1920x1080
Name: 浙江少儿, URL: https://stream1.freetv.fun/zhe-jiang-shao-er-9.ctv, From: subscribe, IPv_Type: ipv6, Location: 美国, ISP: CloudFlare Inc., Date: None, Delay: 0.1 ms, Speed: inf M/s, Resolution: 1920x1080
Name: 浙江少儿, URL: https://stream1.freetv.fun/zhe-jiang-shao-er-1.ctv, From: subscribe, IPv_Type: ipv6, Location: 美国, ISP: CloudFlare Inc., Date: None, Delay: 0.1 ms, Speed: inf M/s, Resolution: 1920x1080
Name: 浙江少儿, URL: https://stream1.freetv.fun/zhe-jiang-shao-er-3.ctv, From: subscribe, IPv_Type: ipv6, Location: 美国, ISP: CloudFlare Inc., Date: None, Delay: 0.1 ms, Speed: inf M/s, Resolution: 1920x1080
Name: 浙江少儿, URL: https://stream1.freetv.fun/zhe-jiang-shao-er-7.ctv, From: subscribe, IPv_Type: ipv6, Location: 美国, ISP: CloudFlare Inc., Date: None, Delay: 0.1 ms, Speed: inf M/s, Resolution: 1920x1080
Name: 浙江少儿, URL: https://stream1.freetv.fun/zhe-jiang-shao-er-2.ctv, From: subscribe, IPv_Type: ipv6, Location: 美国, ISP: CloudFlare Inc., Date: None, Delay: 0.1 ms, Speed: inf M/s, Resolution: 1920x1080
Name: 浙江少儿, URL: https://ali-m-l.cztv.com/channels/lantian/channel008/1080p.m3u8?#https://ali-m-l.cztv.com/channels/lantian/channel008/1080p.m3u8#http://ali-m-l.cztv.com/channels/lantian/channel008/1080p.m3u8, From: subscribe, IPv_Type: ipv4, Location: 中国-陕西, ISP: 移动, Date: None, Delay: 1806 ms, Speed: 1.03 M/s, Resolution: 1920x1080
Name: 河北少儿科教, URL: https://stream1.freetv.fun/he-bei-shao-er-ke-jiao-6.ctv, From: subscribe, IPv_Type: ipv6, Location: 美国, ISP: CloudFlare Inc., Date: None, Delay: 0.1 ms, Speed: inf M/s, Resolution: 1920x1080
Name: 河北少儿科教, URL: https://event.pull.hebtv.com/jishi/shaoerkejiao.m3u8, From: subscribe, IPv_Type: ipv6, Location: 中国, ISP: 中国电信, Date: None, Delay: 0.1 ms, Speed: inf M/s, Resolution: 1920x1080
Name: 河北少儿科教, URL: https://stream1.freetv.fun/he-bei-shao-er-ke-jiao-2.m3u8, From: subscribe, IPv_Type: ipv6, Location: 美国, ISP: CloudFlare Inc., Date: None, Delay: 0.1 ms, Speed: inf M/s, Resolution: 1920x1080
Name: 河北少儿科教, URL: https://stream1.freetv.fun/he-bei-shao-er-ke-jiao-7.ctv, From: subscribe, IPv_Type: ipv6, Location: 美国, ISP: CloudFlare Inc., Date: None, Delay: 0.1 ms, Speed: inf M/s, Resolution: 1920x1080
Name: 河北少儿科教, URL: https://stream1.freetv.fun/he-bei-shao-er-ke-jiao-9.ctv, From: subscribe, IPv_Type: ipv6, Location: 美国, ISP: CloudFlare Inc., Date: None, Delay: 0.1 ms, Speed: inf M/s, Resolution: 1920x1080
Name: 河北少儿科教, URL: https://stream1.freetv.fun/he-bei-shao-er-ke-jiao-8.ctv, From: subscribe, IPv_Type: ipv6, Location: 美国, ISP: CloudFlare Inc., Date: None, Delay: 0.1 ms, Speed: inf M/s, Resolution: 1920x1080
Name: 河北少儿科教, URL: https://stream1.freetv.fun/he-bei-shao-er-ke-jiao-17.ctv, From: subscribe, IPv_Type: ipv6, Location: 美国, ISP: CloudFlare Inc., Date: None, Delay: 0.1 ms, Speed: inf M/s, Resolution: 1920x1080
Name: 河北少儿科教, URL: https://stream1.freetv.fun/he-bei-shao-er-ke-jiao-3.m3u8, From: subscribe, IPv_Type: ipv6, Location: 美国, ISP: CloudFlare Inc., Date: None, Delay: 0.1 ms, Speed: inf M/s, Resolution: 1920x1080
Name: 火影忍者, URL: http://cdn.jdshipin.com:8880/huya.php?id=29465866, From: subscribe, IPv_Type: ipv6, Location: 美国, ISP: CloudFlare Inc., Date: None, Delay: -1 ms, Speed: 0.00 M/s, Resolution: None
Name: 海绵宝宝, URL: https://live.metshop.top/douyu/3949681, From: subscribe, IPv_Type: ipv6, Location: 美国, ISP: CloudFlare Inc., Date: None, Delay: 0.1 ms, Speed: inf M/s, Resolution: 1920x1080
Name: 中华小当家, URL: https://live.metshop.top/huya/11342413, From: subscribe, IPv_Type: ipv6, Location: 美国, ISP: CloudFlare Inc., Date: None, Delay: 0.1 ms, Speed: inf M/s, Resolution: 1920x1080
Name: 中华小当家, URL: https://live.iill.top/huya/11342413, From: subscribe, IPv_Type: ipv6, Location: 美国, ISP: CloudFlare Inc., Date: None, Delay: 0.1 ms, Speed: inf M/s, Resolution: 1920x1080
Name: 猫和老鼠, URL: https://live.iill.top/huya/11352879, From: subscribe, IPv_Type: ipv6, Location: 美国, ISP: CloudFlare Inc., Date: None, Delay: 0.1 ms, Speed: inf M/s, Resolution: 1920x1080
Name: 猫和老鼠, URL: http://live.iill.top/huya.php?id=11352879, From: subscribe, IPv_Type: ipv6, Location: 美国, ISP: CloudFlare Inc., Date: None, Delay: 0.1 ms, Speed: inf M/s, Resolution: 1920x1080
Name: 经典动漫, URL: http://luobo.bkpcp.top/yy/24180320, From: subscribe, IPv_Type: ipv6, Location: 美国, ISP: CloudFlare Inc., Date: None, Delay: 0.1 ms, Speed: inf M/s, Resolution: 1920x1080
Name: 经典动漫, URL: https://www.goodiptv.club/yy/22777075, From: subscribe, IPv_Type: ipv6, Location: 美国, ISP: CloudFlare Inc., Date: None, Delay: 0.1 ms, Speed: inf M/s, Resolution: 1920x1080
Name: 漫画解说, URL: http://luobo.bkpcp.top/yy/1382735568, From: subscribe, IPv_Type: ipv6, Location: 美国, ISP: CloudFlare Inc., Date: None, Delay: 0.1 ms, Speed: inf M/s, Resolution: 1920x1080
Name: 漫画解说, URL: https://www.goodiptv.club/douyu/5907076, From: subscribe, IPv_Type: ipv6, Location: 美国, ISP: CloudFlare Inc., Date: None, Delay: 0.1 ms, Speed: inf M/s, Resolution: 1920x1080
Name: 漫画解说, URL: https://mursor.ottiptv.cc/yy/1382735568, From: subscribe, IPv_Type: ipv6, Location: 美国, ISP: Oracle Corporation, Date: None, Delay: -1 ms, Speed: 0.00 M/s, Resolution: None
Name: 漫画解说, URL: https://yylunbo.ottiptv.cc/yy/1382735568, From: subscribe, IPv_Type: ipv6, Location: 美国, ISP: CloudFlare Inc., Date: None, Delay: -1 ms, Speed: 0.00 M/s, Resolution: None
